text,label,region,product,created_at,tweet_id,user_id,user_screen_name,lang,retweet_count,favorite_count,reply_count,quote_count,hashtags,mentions,urls,is_retweet,in_reply_to_status_id,geo,source
Worth every penny the Phone @Samsung #Unboxing ✨,1,Germany,Phone,2024-05-07 22:15:57,,,,,,,,,,,,,,,
Terrible experience with the Watches #Unboxing 😞,0,USA,Watches,2025-08-20 02:04:21,,,,,,,,,,,,,,,
Poor quality the Shoes @Nike — Quality is bad #Sale ☹️,0,UK,Shoes,2024-04-21 20:59:35,,,,,,,,,,,,,,,
Loved this the Laptop #Shopping 👍,1,Germany,Laptop,2025-04-23 02:18:55,,,,,,,,,,,,,,,
Absolutely love the Watches #Unboxing,1,Germany,Watches,2025-01-13 07:06:31,,,,,,,,,,,,,,,
Not worth the price the Gaming Console @PlayStation #Sale 👎,0,Canada,Gaming Console,2024-10-12 02:19:31,,,,,,,,,,,,,,,
Poor quality the Headphones @Sony #Unboxing 😡,0,India,Headphones,2025-03-19 18:08:00,,,,,,,,,,,,,,,
Five stars for the Watches @Fossil #Unboxing,1,India,Watches,2024-07-09 02:28:32,,,,,,,,,,,,,,,
Regret buying the Watches @Titan — Quality is bad #Sale,0,USA,Watches,2024-10-19 16:50:49,,,,,,,,,,,,,,,
Fantastic performance the Smartwatch @Apple #Deal 👍,1,USA,Smartwatch,2024-01-18 04:27:31,,,,,,,,,,,,,,,
Highly recommend the Shoes @Adidas #Shopping 😍,1,India,Shoes,2025-01-29 12:22:27,,,,,,,,,,,,,,,
"Can't resist, the Shoes deal is too good 📱 @Sony",1,USA,Shoes,2025-05-01 10:24:25,,,,,,,,,,,,,,,
Planning to get a Laptop this week #Deal @BestBuy,1,UK,Laptop,2025-06-27 19:14:15,,,,,,,,,,,,,,,
Fast delivery for the Backpack @Wildcraft #Shopping 😊,1,UK,Backpack,2024-10-13 13:09:19,,,,,,,,,,,,,,,
Would not recommend the Refrigerator @Samsung — Disappointed 😡,0,India,Refrigerator,2024-12-22 04:31:50,,,,,,,,,,,,,,,
Very disappointed by the Watches @Rolex #Unboxing 👎,0,UK,Watches,2024-12-03 01:48:52,,,,,,,,,,,,,,,
Absolutely love the Tablet @Samsung #NewLaunch 😊,1,Australia,Tablet,2024-02-08 20:06:40,,,,,,,,,,,,,,,
Worth every penny the Laptop @Apple #Deal 🔥,1,Australia,Laptop,2024-02-10 10:58:53,,,,,,,,,,,,,,,
"Got my eyes on the Shoes, purchasing soon 😍 @Amazon",1,USA,Shoes,2025-06-23 06:17:42,,,,,,,,,,,,,,,
"Can't resist, the Smartwatch deal is too good 😍 @Amazon",1,Australia,Smartwatch,2025-06-25 04:08:16,,,,,,,,,,,,,,,
Would not recommend the Furniture #Shopping 😡,0,Germany,Furniture,2025-03-20 20:14:54,,,,,,,,,,,,,,,
Waste of money the Watches @Titan — Disappointed #Unboxing 💀,0,India,Watches,2025-10-07 17:25:52,,,,,,,,,,,,,,,
Late delivery ruined the Backpack — Disappointed #Unboxing ☹️,0,Germany,Backpack,2024-11-08 20:23:21,,,,,,,,,,,,,,,
Regret buying the Watches @Titan #Sale 😞,0,India,Watches,2024-07-15 02:32:17,,,,,,,,,,,,,,,
Fast delivery for the Printer @HP #NewLaunch 😊,1,UK,Printer,2025-04-16 15:22:15,,,,,,,,,,,,,,,
Not worth the price the Laptop @Apple — Quality is bad #Deal 👎,0,India,Laptop,2025-07-18 01:19:23,,,,,,,,,,,,,,,
Five stars for the Phone @Apple #NewLaunch 👍,1,India,Phone,2024-12-25 16:07:25,,,,,,,,,,,,,,,
Worth every penny the Camera @Canon #NewLaunch 😊,1,Canada,Camera,2025-01-14 21:25:31,,,,,,,,,,,,,,,
Highly recommend the Tablet #Review 🔥,1,USA,Tablet,2024-03-16 10:26:02,,,,,,,,,,,,,,,
Thinking about buying the Shoes tomorrow #Sale @Nike,1,Australia,Shoes,2025-08-12 19:07:05,,,,,,,,,,,,,,,
"Not buying the Headphones, it's overpriced 💀 @Flipkart",0,India,Headphones,2025-10-05 23:23:38,,,,,,,,,,,,,,,
Not worth the price the Watches — Quality is bad #Review,0,Canada,Watches,2024-04-10 12:36:01,,,,,,,,,,,,,,,
Not satisfied with the Watches @Fossil — Not what I expected #Unboxing 😞,0,India,Watches,2024-06-03 18:37:04,,,,,,,,,,,,,,,
One star for the Laptop — Disappointed #NewLaunch,0,Germany,Laptop,2024-01-23 21:35:23,,,,,,,,,,,,,,,
"The new iPhone is disappointing, won't buy 💀 @Apple",0,India,iPhone,2025-09-30 21:21:15,,,,,,,,,,,,,,,
Finally saved up enough to get the iPhone! 🛒 @Flipkart,1,UK,iPhone,2025-07-21 16:17:04,,,,,,,,,,,,,,,
Would not recommend the Shoes — Disappointed #Sale 😡,0,India,Shoes,2024-02-11 19:11:30,,,,,,,,,,,,,,,
Highly recommend the Tablet @Samsung #NewLaunch ✨,1,India,Tablet,2025-03-18 00:08:21,,,,,,,,,,,,,,,
Very disappointed by the Smartwatch @Samsung — Disappointed #Unboxing ☹️,0,India,Smartwatch,2024-07-29 16:25:51,,,,,,,,,,,,,,,
Great value in the Cosmetics @Nykaa #Review 🔥,1,USA,Cosmetics,2024-11-02 20:31:30,,,,,,,,,,,,,,,
Absolutely love the Laptop #Unboxing ✨,1,Canada,Laptop,2025-03-20 05:37:51,,,,,,,,,,,,,,,
The Smartwatch isn't good enough to buy #Fashion @BestBuy,0,India,Smartwatch,2025-09-15 17:55:50,,,,,,,,,,,,,,,
Loved this the Watches @Rolex #NewLaunch 😍,1,India,Watches,2025-06-10 16:50:20,,,,,,,,,,,,,,,
Regret buying the Printer @HP — Disappointed #NewLaunch ☹️,0,UK,Printer,2025-04-04 02:12:41,,,,,,,,,,,,,,,
Worth every penny the Cosmetics @Sephora #Sale 😍,1,India,Cosmetics,2025-04-10 07:24:52,,,,,,,,,,,,,,,
Loved this the Furniture @UrbanLadder #Deal,1,India,Furniture,2024-06-15 01:00:24,,,,,,,,,,,,,,,
So happy with the Refrigerator @LG #Shopping 👍,1,Canada,Refrigerator,2024-06-17 12:23:10,,,,,,,,,,,,,,,
Worth every penny the Printer #Shopping 😍,1,Germany,Printer,2024-02-07 06:50:52,,,,,,,,,,,,,,,
Fast delivery for the Refrigerator #Deal,1,Germany,Refrigerator,2024-07-08 16:42:25,,,,,,,,,,,,,,,
Highly recommend the Smartwatch @Apple #Unboxing ✨,1,India,Smartwatch,2025-09-27 13:23:07,,,,,,,,,,,,,,,
Amazing quality the Printer #NewLaunch 👍,1,UK,Printer,2024-06-22 10:44:15,,,,,,,,,,,,,,,
Five stars for the Headphones @Bose #Unboxing 👍,1,India,Headphones,2024-05-20 08:25:05,,,,,,,,,,,,,,,
"Love how the new Smartwatch looks, definitely buying #Offer @Apple",1,UK,Smartwatch,2025-05-18 04:01:33,,,,,,,,,,,,,,,
No plans to buy any Laptop right now #Deal @Sony,0,India,Laptop,2025-04-29 03:52:26,,,,,,,,,,,,,,,
Absolutely love the Shoes @Adidas #Review ✨,1,Australia,Shoes,2024-12-13 07:39:44,,,,,,,,,,,,,,,
So happy with the Bike @Bajaj #Sale,1,Australia,Bike,2024-11-24 16:22:46,,,,,,,,,,,,,,,
Great value in the Backpack @Wildcraft #Unboxing 😍,1,Australia,Backpack,2025-08-31 08:24:33,,,,,,,,,,,,,,,
One star for the Furniture @UrbanLadder — Quality is bad #Deal 👎,0,UK,Furniture,2024-01-07 06:03:42,,,,,,,,,,,,,,,
Loved this the Books #MustRead #Shopping,1,UK,Books,2025-06-13 17:50:28,,,,,,,,,,,,,,,
Would not recommend the Phone @Samsung #Sale 👎,0,Germany,Phone,2024-05-01 13:58:46,,,,,,,,,,,,,,,
I don’t think I’ll buy the Shoes anytime soon #Offer @BestBuy,0,USA,Shoes,2025-05-24 21:27:38,,,,,,,,,,,,,,,
Amazing quality the Laptop @Dell #NewLaunch 😊,1,India,Laptop,2024-01-01 12:36:00,,,,,,,,,,,,,,,
Absolutely love the Laptop 👍,1,Germany,Laptop,2025-05-27 01:18:59,,,,,,,,,,,,,,,
Fast delivery for the Printer #Unboxing,1,India,Printer,2025-07-10 10:51:30,,,,,,,,,,,,,,,
So happy with the Bike @Hero 👍,1,Australia,Bike,2024-09-19 11:35:58,,,,,,,,,,,,,,,
Finally saved up enough to get the Shoes! 💸 @Amazon,1,USA,Shoes,2025-09-12 02:00:36,,,,,,,,,,,,,,,
One star for the Cosmetics @Nykaa — Quality is bad #Unboxing ☹️,0,UK,Cosmetics,2024-10-06 15:02:44,,,,,,,,,,,,,,,
Loved this the Gaming Console 😊,1,India,Gaming Console,2024-09-20 01:02:07,,,,,,,,,,,,,,,
Very disappointed by the Printer — Not what I expected #Sale 😡,0,India,Printer,2025-07-29 22:05:58,,,,,,,,,,,,,,,
Finally saved up enough to get the Headphones! 🔥 @Flipkart,1,Canada,Headphones,2025-06-11 13:01:23,,,,,,,,,,,,,,,
Planning to get a Laptop this week #Tech @Nike,1,India,Laptop,2025-08-15 00:01:23,,,,,,,,,,,,,,,
Poor quality the Camera @Canon — Not what I expected #Shopping 💀,0,India,Camera,2025-01-22 02:23:33,,,,,,,,,,,,,,,
Fast delivery for the Phone @Google #Unboxing 👍,1,India,Phone,2024-05-18 23:23:05,,,,,,,,,,,,,,,
Not worth the price the Watches — Not what I expected 💀,0,India,Watches,2024-01-29 12:43:01,,,,,,,,,,,,,,,
Amazing quality the Headphones @Bose #Shopping 👍,1,USA,Headphones,2024-09-19 12:00:17,,,,,,,,,,,,,,,
Regret buying the TV @LG — Quality is bad #Sale,0,India,TV,2024-03-18 11:38:30,,,,,,,,,,,,,,,
Too expensive for a Shoes. I'll pass #Offer @Flipkart,0,India,Shoes,2025-06-03 12:35:18,,,,,,,,,,,,,,,
"Can't resist, the Shoes deal is too good 💻 @Apple",1,Canada,Shoes,2025-04-14 13:59:48,,,,,,,,,,,,,,,
Really excited to purchase the latest Headphones 😎 @Flipkart,1,UK,Headphones,2025-07-31 21:01:53,,,,,,,,,,,,,,,
Amazing quality the Headphones @Sony #Shopping 😊,1,India,Headphones,2024-06-26 10:01:31,,,,,,,,,,,,,,,
"The new Headphones is disappointing, won't buy 🙄 @Sony",0,USA,Headphones,2025-06-29 17:54:06,,,,,,,,,,,,,,,
Skipping the Laptop this time 💀 @Nike,0,India,Laptop,2025-07-30 01:55:46,,,,,,,,,,,,,,,
"Can't resist, the Smartwatch deal is too good 😎 @Apple",1,Australia,Smartwatch,2025-06-03 02:05:43,,,,,,,,,,,,,,,
The Smartwatch isn't good enough to buy #Deal @BestBuy,0,Canada,Smartwatch,2025-06-11 08:28:11,,,,,,,,,,,,,,,
Really excited to purchase the latest iPhone 💻 @Sony,1,Australia,iPhone,2025-05-11 00:07:02,,,,,,,,,,,,,,,
Really excited to purchase the latest Laptop 😎 @Amazon,1,India,Laptop,2025-06-23 00:21:31,,,,,,,,,,,,,,,
Waste of money the Furniture — Disappointed #Unboxing 💀,0,India,Furniture,2024-10-08 01:57:13,,,,,,,,,,,,,,,
Thinking about buying the Headphones tomorrow #Deal @Nike,1,USA,Headphones,2025-06-13 12:50:17,,,,,,,,,,,,,,,
Absolutely love the Gaming Console @Xbox #Unboxing 😊,1,India,Gaming Console,2024-03-24 20:33:15,,,,,,,,,,,,,,,
Fast delivery for the Printer @HP #Deal,1,UK,Printer,2025-06-22 05:15:52,,,,,,,,,,,,,,,
Very disappointed by the Gaming Console @PlayStation — Not what I expected #Shopping 😞,0,India,Gaming Console,2025-05-05 13:02:52,,,,,,,,,,,,,,,
Thinking about buying the Headphones tomorrow #NewLaunch @Apple,1,USA,Headphones,2025-04-26 09:12:54,,,,,,,,,,,,,,,
Late delivery ruined the Laptop @Dell #Shopping 💀,0,India,Laptop,2024-09-01 08:12:06,,,,,,,,,,,,,,,
"The new Smartwatch is disappointing, won't buy 👎 @Sony",0,Australia,Smartwatch,2025-05-18 21:48:22,,,,,,,,,,,,,,,
Too expensive for a iPhone. I'll pass #Deal @Sony,0,Australia,iPhone,2025-09-30 13:50:27,,,,,,,,,,,,,,,
"I was going to get a iPhone, but changed my mind 😩 @Apple",0,USA,iPhone,2025-08-23 12:54:02,,,,,,,,,,,,,,,
Terrible experience with the Phone #Sale ☹️,0,Canada,Phone,2025-05-08 01:36:19,,,,,,,,,,,,,,,
Loved this the Tablet @Samsung #Shopping,1,India,Tablet,2025-04-14 00:02:57,,,,,,,,,,,,,,,
Waste of money the Printer — Not what I expected #Shopping 😞,0,USA,Printer,2024-03-28 12:29:27,,,,,,,,,,,,,,,
Terrible experience with the Headphones — Quality is bad 👎,0,USA,Headphones,2025-02-02 15:35:49,,,,,,,,,,,,,,,
One star for the Jacket @H&M — Not what I expected #Shopping ☹️,0,Canada,Jacket,2025-02-15 09:08:38,,,,,,,,,,,,,,,
Would not recommend the Smartwatch @Fitbit — Disappointed #Sale 😡,0,Canada,Smartwatch,2024-01-28 00:41:59,,,,,,,,,,,,,,,
Worth every penny the Headphones @Jabra #Deal 🔥,1,Australia,Headphones,2025-10-02 13:19:56,,,,,,,,,,,,,,,
Fast delivery for the Phone @Samsung 👍,1,India,Phone,2024-05-30 19:49:18,,,,,,,,,,,,,,,
Loved this the Phone @Samsung #Sale 😍,1,UK,Phone,2024-02-05 17:09:28,,,,,,,,,,,,,,,
One star for the Camera — Disappointed 👎,0,USA,Camera,2024-01-16 09:18:18,,,,,,,,,,,,,,,
I'm going to buy the new Laptop soon 🔥 #Deal @Flipkart,1,UK,Laptop,2025-08-11 21:42:52,,,,,,,,,,,,,,,
"The new iPhone is disappointing, won't buy 🙄 @BestBuy",0,Australia,iPhone,2025-09-02 21:19:56,,,,,,,,,,,,,,,
So happy with the Refrigerator #Deal 😊,1,India,Refrigerator,2025-04-04 13:55:06,,,,,,,,,,,,,,,
Regret buying the Furniture @Ikea — Not what I expected #Review,0,Australia,Furniture,2025-11-03 05:27:28,,,,,,,,,,,,,,,
Highly recommend the Laptop 👍,1,India,Laptop,2024-01-25 05:19:32,,,,,,,,,,,,,,,
Not satisfied with the Books #MustRead #Shopping ☹️,0,India,Books,2025-05-29 05:15:58,,,,,,,,,,,,,,,
Regret buying the Tablet @Samsung — Quality is bad #Shopping 😡,0,Canada,Tablet,2025-10-07 23:56:56,,,,,,,,,,,,,,,
Regret buying the Refrigerator @LG #Sale 👎,0,Australia,Refrigerator,2024-09-11 03:43:05,,,,,,,,,,,,,,,
Absolutely love the Printer #Sale 👍,1,India,Printer,2024-04-17 10:41:26,,,,,,,,,,,,,,,
Not worth the price the Phone @Google — Quality is bad #NewLaunch 😞,0,USA,Phone,2024-01-13 03:24:33,,,,,,,,,,,,,,,
I don’t think I’ll buy the Headphones anytime soon #Sale @Amazon,0,UK,Headphones,2025-09-18 16:30:50,,,,,,,,,,,,,,,
Waste of money the Furniture @UrbanLadder — Quality is bad #Shopping 💀,0,Germany,Furniture,2024-06-23 09:42:21,,,,,,,,,,,,,,,
Planning to get a Laptop this week #Offer @Nike,1,USA,Laptop,2025-09-12 06:42:42,,,,,,,,,,,,,,,
Terrible experience with the Watches @Titan — Disappointed #NewLaunch 💀,0,UK,Watches,2025-11-01 23:05:02,,,,,,,,,,,,,,,
Would not recommend the Backpack @Wildcraft #Review,0,India,Backpack,2024-08-27 07:04:06,,,,,,,,,,,,,,,
Finally saved up enough to get the Headphones! 💸 @Sony,1,UK,Headphones,2025-05-20 07:54:25,,,,,,,,,,,,,,,
"The new Shoes is disappointing, won't buy 😐 @Nike",0,UK,Shoes,2025-05-07 03:29:08,,,,,,,,,,,,,,,
Terrible experience with the Refrigerator @Whirlpool — Disappointed #Shopping 💀,0,India,Refrigerator,2025-07-25 03:26:10,,,,,,,,,,,,,,,
Very disappointed by the Cosmetics @Nykaa — Not what I expected #Unboxing 💀,0,India,Cosmetics,2024-09-20 23:06:20,,,,,,,,,,,,,,,
Fast delivery for the Backpack #Sale ✨,1,Germany,Backpack,2024-10-28 16:39:21,,,,,,,,,,,,,,,
Regret buying the Jacket @NorthFace #NewLaunch,0,Canada,Jacket,2025-07-15 07:06:45,,,,,,,,,,,,,,,
Highly recommend the Watches #NewLaunch 😍,1,USA,Watches,2025-06-27 03:04:06,,,,,,,,,,,,,,,
One star for the Headphones @Jabra — Not what I expected #Unboxing ☹️,0,India,Headphones,2024-11-20 03:39:26,,,,,,,,,,,,,,,
Great value in the TV @Samsung #Review 😍,1,UK,TV,2025-06-25 18:40:34,,,,,,,,,,,,,,,
Fast delivery for the Bike @Bajaj ✨,1,Canada,Bike,2025-07-29 18:02:54,,,,,,,,,,,,,,,
So happy with the Phone @Apple #Shopping 😍,1,Canada,Phone,2024-11-17 00:29:45,,,,,,,,,,,,,,,
Absolutely love the Furniture @UrbanLadder #Unboxing 😍,1,India,Furniture,2024-03-22 16:53:07,,,,,,,,,,,,,,,
Just ordered my Shoes! Can't wait to try it 💻 @Sony,1,USA,Shoes,2025-07-22 11:08:14,,,,,,,,,,,,,,,
One star for the Smartwatch — Not what I expected #Sale ☹️,0,USA,Smartwatch,2025-08-15 14:26:05,,,,,,,,,,,,,,,
Late delivery ruined the Bike — Quality is bad #NewLaunch 💀,0,Canada,Bike,2025-10-17 17:45:53,,,,,,,,,,,,,,,
Too expensive for a Laptop. I'll pass #Tech @Apple,0,India,Laptop,2025-07-12 19:35:25,,,,,,,,,,,,,,,
Thinking about buying the Headphones tomorrow #Fashion @Nike,1,UK,Headphones,2025-09-23 14:23:38,,,,,,,,,,,,,,,
So happy with the Camera #Review 😊,1,India,Camera,2024-04-21 03:54:27,,,,,,,,,,,,,,,
Five stars for the Camera @Sony #Shopping 🔥,1,Canada,Camera,2025-04-18 03:08:59,,,,,,,,,,,,,,,
Amazing quality the Printer @HP #Shopping ✨,1,India,Printer,2025-09-02 16:54:57,,,,,,,,,,,,,,,
I'm going to buy the new Laptop soon 💻 #Tech @Amazon,1,UK,Laptop,2025-05-12 01:06:34,,,,,,,,,,,,,,,
Loved this the Tablet #NewLaunch 🔥,1,India,Tablet,2024-04-05 14:56:18,,,,,,,,,,,,,,,
Worth every penny the Furniture @Ikea 😍,1,USA,Furniture,2024-06-29 19:32:11,,,,,,,,,,,,,,,
Planning to get a Laptop this week #Tech @Flipkart,1,India,Laptop,2025-08-28 12:13:37,,,,,,,,,,,,,,,
Skipping the Laptop this time 💀 @Nike,0,USA,Laptop,2025-04-20 17:18:09,,,,,,,,,,,,,,,
Worth every penny the Tablet @Apple #Shopping 🔥,1,India,Tablet,2025-01-02 12:40:22,,,,,,,,,,,,,,,
Would not recommend the Headphones #Deal 💀,0,Australia,Headphones,2024-12-03 09:27:13,,,,,,,,,,,,,,,
Absolutely love the Jacket @NorthFace,1,Australia,Jacket,2025-05-07 08:46:08,,,,,,,,,,,,,,,
Poor quality the Furniture — Disappointed #Deal,0,India,Furniture,2025-03-18 06:58:41,,,,,,,,,,,,,,,
Regret buying the Refrigerator @LG — Quality is bad #Sale,0,Germany,Refrigerator,2024-07-28 11:28:13,,,,,,,,,,,,,,,
Waste of money the Cosmetics — Not what I expected 👎,0,USA,Cosmetics,2024-08-28 14:17:32,,,,,,,,,,,,,,,
Fast delivery for the Books #BookTok,1,India,Books,2024-12-16 10:57:31,,,,,,,,,,,,,,,
Poor quality the Bike — Not what I expected #Review 💀,0,Germany,Bike,2024-02-28 07:09:32,,,,,,,,,,,,,,,
Skipping the Laptop this time 🙄 @BestBuy,0,Canada,Laptop,2025-05-18 15:38:40,,,,,,,,,,,,,,,
Highly recommend the Refrigerator 👍,1,Germany,Refrigerator,2025-09-05 14:46:57,,,,,,,,,,,,,,,
Late delivery ruined the Smartwatch @Apple — Not what I expected #Deal 😞,0,UK,Smartwatch,2025-06-23 05:53:27,,,,,,,,,,,,,,,
Absolutely love the Laptop #Shopping 👍,1,USA,Laptop,2024-02-27 08:12:42,,,,,,,,,,,,,,,
So happy with the Refrigerator @Samsung #NewLaunch 👍,1,Australia,Refrigerator,2025-07-04 14:15:37,,,,,,,,,,,,,,,
So happy with the Cosmetics #Deal ✨,1,India,Cosmetics,2025-03-19 21:39:46,,,,,,,,,,,,,,,
Not interested in purchasing the Shoes 😩 @Nike,0,Canada,Shoes,2025-05-03 08:16:22,,,,,,,,,,,,,,,
"Not buying the iPhone, it's overpriced 😐 @Flipkart",0,Canada,iPhone,2025-06-06 12:59:26,,,,,,,,,,,,,,,
Amazing quality the Phone @Google #NewLaunch,1,India,Phone,2024-09-30 01:18:38,,,,,,,,,,,,,,,
That iPhone looks amazing — I’m getting one #NewLaunch @Sony,1,USA,iPhone,2025-08-10 03:43:03,,,,,,,,,,,,,,,
Loved this the Books 😊,1,USA,Books,2024-01-01 09:50:29,,,,,,,,,,,,,,,
Regret buying the Watches #Sale 👎,0,UK,Watches,2025-02-03 15:44:40,,,,,,,,,,,,,,,
Very disappointed by the Tablet @Apple #Unboxing 😞,0,India,Tablet,2025-03-20 10:13:31,,,,,,,,,,,,,,,
So happy with the Tablet @Samsung #Sale,1,Canada,Tablet,2024-10-04 10:35:10,,,,,,,,,,,,,,,
Absolutely love the TV @LG #Unboxing,1,Canada,TV,2024-07-02 06:12:16,,,,,,,,,,,,,,,
Amazing quality the Tablet #Deal,1,USA,Tablet,2024-02-26 17:17:57,,,,,,,,,,,,,,,
Fast delivery for the Printer @HP 😍,1,USA,Printer,2025-10-19 15:34:59,,,,,,,,,,,,,,,
Not worth the price the Laptop @Lenovo #Unboxing 👎,0,India,Laptop,2025-07-15 03:53:29,,,,,,,,,,,,,,,
So happy with the Furniture #NewLaunch 🔥,1,Canada,Furniture,2024-01-27 19:16:03,,,,,,,,,,,,,,,
Worth every penny the Laptop #NewLaunch ✨,1,UK,Laptop,2024-10-25 01:15:29,,,,,,,,,,,,,,,
Late delivery ruined the Cosmetics @Sephora — Quality is bad,0,UK,Cosmetics,2024-10-15 22:01:10,,,,,,,,,,,,,,,
Finally saved up enough to get the Headphones! 😎 @Nike,1,UK,Headphones,2025-06-16 07:30:52,,,,,,,,,,,,,,,
Highly recommend the TV 🔥,1,India,TV,2025-01-26 20:12:43,,,,,,,,,,,,,,,
"The new Headphones is disappointing, won't buy 🙄 @Apple",0,Canada,Headphones,2025-08-02 01:09:09,,,,,,,,,,,,,,,
Worth every penny the Phone @Google #Deal,1,India,Phone,2024-06-21 02:24:09,,,,,,,,,,,,,,,
The iPhone doesn’t seem worth it #Shopping @Nike,0,Australia,iPhone,2025-06-28 04:19:17,,,,,,,,,,,,,,,
Really excited to purchase the latest Headphones 🛒 @Flipkart,1,India,Headphones,2025-06-24 14:48:47,,,,,,,,,,,,,,,
Loved this the Backpack @Herschel #Sale 🔥,1,India,Backpack,2025-02-20 18:13:53,,,,,,,,,,,,,,,
Loved this the Tablet @Samsung 🔥,1,Canada,Tablet,2024-11-03 06:18:17,,,,,,,,,,,,,,,
Late delivery ruined the Refrigerator @Samsung #Shopping 👎,0,India,Refrigerator,2025-03-09 19:45:12,,,,,,,,,,,,,,,
Great value in the Watches #Unboxing 🔥,1,Germany,Watches,2025-09-25 05:15:09,,,,,,,,,,,,,,,
Not satisfied with the Camera @Nikon — Not what I expected #Shopping ☹️,0,UK,Camera,2024-08-13 16:43:59,,,,,,,,,,,,,,,
Loved this the Bike #Sale 🔥,1,India,Bike,2025-08-21 04:01:59,,,,,,,,,,,,,,,
Fast delivery for the TV #NewLaunch 😍,1,USA,TV,2025-03-06 09:18:53,,,,,,,,,,,,,,,
Poor quality the Backpack @Wildcraft — Disappointed #NewLaunch 😡,0,Australia,Backpack,2024-03-22 04:07:27,,,,,,,,,,,,,,,
The Laptop isn't good enough to buy #Deal @Sony,0,Australia,Laptop,2025-06-26 17:39:57,,,,,,,,,,,,,,,
Poor quality the Smartwatch — Disappointed #Review 👎,0,India,Smartwatch,2025-06-07 18:37:02,,,,,,,,,,,,,,,
"I was going to get a Headphones, but changed my mind 🙄 @Flipkart",0,Canada,Headphones,2025-05-31 08:44:18,,,,,,,,,,,,,,,
"I was going to get a Laptop, but changed my mind 😤 @Sony",0,India,Laptop,2025-05-06 01:33:57,,,,,,,,,,,,,,,
Amazing quality the Headphones @Bose #Review 🔥,1,USA,Headphones,2025-02-08 20:57:45,,,,,,,,,,,,,,,
Loved this the Watches @Rolex #Shopping,1,India,Watches,2025-08-05 20:42:07,,,,,,,,,,,,,,,
That Smartwatch looks amazing — I’m getting one #Fashion @Apple,1,USA,Smartwatch,2025-09-29 05:45:56,,,,,,,,,,,,,,,
Amazing quality the Phone @Apple #Deal 👍,1,India,Phone,2024-12-05 23:35:23,,,,,,,,,,,,,,,
Terrible experience with the Jacket — Not what I expected #Review 👎,0,Canada,Jacket,2024-09-27 16:45:25,,,,,,,,,,,,,,,
Waste of money the Printer — Quality is bad #Unboxing,0,USA,Printer,2024-06-06 16:28:46,,,,,,,,,,,,,,,
Regret buying the Camera — Not what I expected #Sale 👎,0,Canada,Camera,2024-05-01 09:54:21,,,,,,,,,,,,,,,
Would not recommend the Bike @RoyalEnfield — Not what I expected #Sale,0,USA,Bike,2024-10-21 05:21:22,,,,,,,,,,,,,,,
Five stars for the Smartwatch @Fitbit #Deal 😍,1,India,Smartwatch,2024-12-19 01:57:36,,,,,,,,,,,,,,,
Fantastic performance the Gaming Console @PlayStation #Review,1,USA,Gaming Console,2024-10-04 13:45:10,,,,,,,,,,,,,,,
Fantastic performance the Laptop @HP #Sale 😊,1,USA,Laptop,2024-06-12 20:07:16,,,,,,,,,,,,,,,
Would not recommend the Phone @Apple — Not what I expected,0,Canada,Phone,2024-11-12 20:00:09,,,,,,,,,,,,,,,
Skipping the iPhone this time 👎 @BestBuy,0,Canada,iPhone,2025-06-19 21:24:15,,,,,,,,,,,,,,,
Too expensive for a Laptop. I'll pass #Deal @Apple,0,Australia,Laptop,2025-04-21 02:29:06,,,,,,,,,,,,,,,
Not interested in purchasing the Laptop 😤 @Sony,0,India,Laptop,2025-08-20 19:55:12,,,,,,,,,,,,,,,
I'm going to buy the new iPhone soon 💸 #Offer @Nike,1,USA,iPhone,2025-08-01 04:54:32,,,,,,,,,,,,,,,
Terrible experience with the Laptop @Dell #NewLaunch 😞,0,India,Laptop,2024-09-10 19:23:37,,,,,,,,,,,,,,,
Would not recommend the Camera @Nikon — Quality is bad #Review 😡,0,India,Camera,2024-05-20 22:37:09,,,,,,,,,,,,,,,
Five stars for the Phone @Apple #Unboxing 👍,1,India,Phone,2024-10-19 14:21:28,,,,,,,,,,,,,,,
I'm going to buy the new iPhone soon 💸 #Fashion @Sony,1,India,iPhone,2025-06-20 04:07:55,,,,,,,,,,,,,,,
Thinking about buying the Laptop tomorrow #Deal @BestBuy,1,India,Laptop,2025-08-17 20:27:15,,,,,,,,,,,,,,,
The Smartwatch isn't good enough to buy #MustBuy @Sony,0,USA,Smartwatch,2025-07-24 17:07:18,,,,,,,,,,,,,,,
Thinking about buying the Smartwatch tomorrow #Offer @Flipkart,1,UK,Smartwatch,2025-08-10 12:01:50,,,,,,,,,,,,,,,
Fantastic performance the TV #Sale 😍,1,USA,TV,2025-04-07 13:44:47,,,,,,,,,,,,,,,
Just ordered my iPhone! Can't wait to try it 😎 @Nike,1,India,iPhone,2025-05-04 04:32:56,,,,,,,,,,,,,,,
Really excited to purchase the latest Laptop 🔥 @Amazon,1,India,Laptop,2025-05-04 14:55:27,,,,,,,,,,,,,,,
"I was going to get a iPhone, but changed my mind 🙄 @Flipkart",0,UK,iPhone,2025-05-27 18:08:12,,,,,,,,,,,,,,,
Five stars for the Smartwatch @Apple #Sale,1,India,Smartwatch,2025-08-04 01:43:39,,,,,,,,,,,,,,,
Fantastic performance the Phone #Deal,1,UK,Phone,2024-11-26 21:07:34,,,,,,,,,,,,,,,
Regret buying the Smartwatch #Sale 😞,0,USA,Smartwatch,2024-07-21 13:23:23,,,,,,,,,,,,,,,
So happy with the Watches #NewLaunch 😊,1,India,Watches,2025-05-10 00:32:23,,,,,,,,,,,,,,,
Really excited to purchase the latest Headphones 🔥 @Nike,1,Australia,Headphones,2025-07-30 13:18:39,,,,,,,,,,,,,,,
Late delivery ruined the Tablet @Samsung 😡,0,USA,Tablet,2025-09-09 13:48:05,,,,,,,,,,,,,,,
I don’t think I’ll buy the Smartwatch anytime soon #Sale @BestBuy,0,Canada,Smartwatch,2025-07-22 16:58:32,,,,,,,,,,,,,,,
Not satisfied with the Bike — Quality is bad #Unboxing 👎,0,UK,Bike,2024-04-09 13:52:59,,,,,,,,,,,,,,,
Amazing quality the Laptop @HP #NewLaunch,1,India,Laptop,2025-01-21 19:53:47,,,,,,,,,,,,,,,
So happy with the Smartwatch @Samsung #Unboxing,1,USA,Smartwatch,2024-09-01 00:48:42,,,,,,,,,,,,,,,
Fast delivery for the Smartwatch @Fitbit #Unboxing 😍,1,USA,Smartwatch,2025-08-13 10:01:44,,,,,,,,,,,,,,,
Five stars for the Books #BookTok #Deal 😍,1,USA,Books,2024-09-14 06:45:12,,,,,,,,,,,,,,,
Would not recommend the Smartwatch @Fitbit — Quality is bad #Shopping 😡,0,USA,Smartwatch,2024-07-06 10:53:58,,,,,,,,,,,,,,,
"Can't resist, the iPhone deal is too good 💻 @Apple",1,Canada,iPhone,2025-06-17 04:23:54,,,,,,,,,,,,,,,
Fast delivery for the Laptop @HP #Unboxing 😊,1,India,Laptop,2025-11-06 21:42:15,,,,,,,,,,,,,,,
So happy with the Furniture @Ikea #Review 😍,1,Canada,Furniture,2025-07-24 11:42:25,,,,,,,,,,,,,,,
Would not recommend the Printer @HP — Disappointed #Review ☹️,0,India,Printer,2024-06-11 12:28:15,,,,,,,,,,,,,,,
One star for the Jacket #Unboxing 😞,0,USA,Jacket,2025-11-09 02:40:50,,,,,,,,,,,,,,,
Five stars for the Laptop @Apple #NewLaunch,1,UK,Laptop,2025-08-31 17:41:19,,,,,,,,,,,,,,,
Loved this the Smartwatch @Apple #NewLaunch 😍,1,Canada,Smartwatch,2025-02-13 23:08:09,,,,,,,,,,,,,,,
Would not recommend the Cosmetics @Sephora — Disappointed #NewLaunch,0,Canada,Cosmetics,2024-02-27 10:48:36,,,,,,,,,,,,,,,
Fantastic performance the TV @Samsung #NewLaunch,1,India,TV,2025-09-05 01:56:34,,,,,,,,,,,,,,,
Late delivery ruined the Shoes @Nike — Not what I expected #NewLaunch ☹️,0,India,Shoes,2025-04-07 07:10:50,,,,,,,,,,,,,,,
Just ordered my Smartwatch! Can't wait to try it 💻 @Flipkart,1,USA,Smartwatch,2025-09-01 00:51:24,,,,,,,,,,,,,,,
Fast delivery for the Bike @Hero ✨,1,India,Bike,2025-03-05 05:29:41,,,,,,,,,,,,,,,
Regret buying the Headphones @Sony — Quality is bad 😡,0,Canada,Headphones,2025-07-14 00:31:39,,,,,,,,,,,,,,,
Not worth the price the Headphones — Quality is bad #Shopping 👎,0,Canada,Headphones,2025-08-20 20:38:31,,,,,,,,,,,,,,,
Five stars for the Cosmetics @Sephora #Review ✨,1,Canada,Cosmetics,2024-06-28 09:07:52,,,,,,,,,,,,,,,
The Smartwatch doesn’t seem worth it #Deal @Sony,0,India,Smartwatch,2025-08-29 14:08:52,,,,,,,,,,,,,,,
So happy with the Phone #Unboxing 🔥,1,India,Phone,2024-12-12 05:45:04,,,,,,,,,,,,,,,
Absolutely love the Shoes @Adidas 👍,1,USA,Shoes,2025-04-21 01:46:10,,,,,,,,,,,,,,,
"Not buying the iPhone, it's overpriced 🙄 @Nike",0,UK,iPhone,2025-10-07 08:15:22,,,,,,,,,,,,,,,
Fantastic performance the Gaming Console @PlayStation #Deal 😊,1,USA,Gaming Console,2025-05-28 13:41:43,,,,,,,,,,,,,,,
Worth every penny the Watches #NewLaunch 😍,1,USA,Watches,2024-10-29 14:13:54,,,,,,,,,,,,,,,
Not worth the price the Camera @Canon — Quality is bad #NewLaunch 💀,0,USA,Camera,2025-10-18 09:38:57,,,,,,,,,,,,,,,
Terrible experience with the Jacket — Quality is bad #Unboxing 💀,0,India,Jacket,2024-12-31 14:12:17,,,,,,,,,,,,,,,
Finally saved up enough to get the Headphones! 📱 @Nike,1,USA,Headphones,2025-08-15 12:15:59,,,,,,,,,,,,,,,
Not satisfied with the Tablet @Samsung — Not what I expected #Unboxing 😡,0,UK,Tablet,2024-03-15 05:18:19,,,,,,,,,,,,,,,
Absolutely love the Backpack #Sale,1,India,Backpack,2025-01-06 00:58:40,,,,,,,,,,,,,,,
Not worth the price the Camera @Sony — Not what I expected #Shopping 👎,0,UK,Camera,2024-12-16 12:41:29,,,,,,,,,,,,,,,
Terrible experience with the Tablet @Samsung — Disappointed #NewLaunch 😞,0,India,Tablet,2025-01-08 19:52:07,,,,,,,,,,,,,,,
Fast delivery for the Phone @Google #NewLaunch ✨,1,UK,Phone,2024-09-03 04:10:40,,,,,,,,,,,,,,,
Highly recommend the Smartwatch @Apple #Deal 😊,1,India,Smartwatch,2025-04-30 19:15:55,,,,,,,,,,,,,,,
Thinking about buying the Headphones tomorrow #Fashion @Nike,1,India,Headphones,2025-05-01 23:06:15,,,,,,,,,,,,,,,
"Can't resist, the Laptop deal is too good 📱 @Flipkart",1,Canada,Laptop,2025-07-30 22:16:23,,,,,,,,,,,,,,,
Worth every penny the Refrigerator #NewLaunch,1,India,Refrigerator,2024-10-23 18:21:59,,,,,,,,,,,,,,,
Not worth the price the Tablet #Shopping 💀,0,Canada,Tablet,2024-05-26 17:52:29,,,,,,,,,,,,,,,
Highly recommend the Headphones @Bose #NewLaunch,1,India,Headphones,2024-10-19 10:53:32,,,,,,,,,,,,,,,
Very disappointed by the Backpack — Disappointed #Deal,0,India,Backpack,2024-09-16 11:45:30,,,,,,,,,,,,,,,
Fantastic performance the Headphones #Sale 😍,1,India,Headphones,2024-12-22 06:01:28,,,,,,,,,,,,,,,
"Can't resist, the Headphones deal is too good 😎 @Apple",1,India,Headphones,2025-07-30 10:03:20,,,,,,,,,,,,,,,
Very disappointed by the Backpack — Not what I expected #Shopping ☹️,0,USA,Backpack,2024-08-22 10:44:10,,,,,,,,,,,,,,,
Worth every penny the Phone #Shopping 🔥,1,Canada,Phone,2024-08-13 11:20:07,,,,,,,,,,,,,,,
Great value in the Phone @Google #Review 🔥,1,India,Phone,2024-10-25 00:52:19,,,,,,,,,,,,,,,
Waste of money the Headphones — Quality is bad #Unboxing ☹️,0,Australia,Headphones,2024-05-29 00:22:19,,,,,,,,,,,,,,,
Great value in the TV #Unboxing ✨,1,India,TV,2024-11-13 12:07:23,,,,,,,,,,,,,,,
Five stars for the Bike #Unboxing 😍,1,India,Bike,2024-06-13 17:56:20,,,,,,,,,,,,,,,
"Can't resist, the Shoes deal is too good 🛒 @BestBuy",1,UK,Shoes,2025-07-07 05:44:53,,,,,,,,,,,,,,,
"Not buying the Headphones, it's overpriced 😤 @Apple",0,India,Headphones,2025-05-06 06:42:07,,,,,,,,,,,,,,,
Worth every penny the Books #Unboxing 🔥,1,Canada,Books,2024-09-06 19:46:17,,,,,,,,,,,,,,,
Very disappointed by the Watches — Disappointed #Shopping 😞,0,India,Watches,2024-11-02 10:37:04,,,,,,,,,,,,,,,
Absolutely love the Gaming Console @PlayStation #NewLaunch 👍,1,Germany,Gaming Console,2024-10-16 14:04:35,,,,,,,,,,,,,,,
So happy with the Backpack @Herschel #Review,1,Australia,Backpack,2024-04-05 19:05:27,,,,,,,,,,,,,,,
Finally saved up enough to get the Headphones! 💻 @Apple,1,India,Headphones,2025-09-25 08:43:10,,,,,,,,,,,,,,,
Absolutely love the TV @LG #Deal 👍,1,Australia,TV,2024-02-16 22:46:05,,,,,,,,,,,,,,,
Not worth the price the Furniture @Ikea — Quality is bad #Review,0,Canada,Furniture,2025-08-23 09:52:56,,,,,,,,,,,,,,,
Fast delivery for the Headphones @Jabra #Sale 👍,1,Australia,Headphones,2025-07-16 11:49:13,,,,,,,,,,,,,,,
Great value in the Backpack @Wildcraft #NewLaunch ✨,1,India,Backpack,2024-04-22 00:41:57,,,,,,,,,,,,,,,
Waste of money the Printer — Not what I expected #Unboxing 😡,0,USA,Printer,2024-12-11 13:36:34,,,,,,,,,,,,,,,
Just ordered my Shoes! Can't wait to try it 💻 @Nike,1,India,Shoes,2025-05-21 06:26:37,,,,,,,,,,,,,,,
No plans to buy any Shoes right now #MustBuy @Sony,0,Canada,Shoes,2025-08-29 14:39:13,,,,,,,,,,,,,,,
Fast delivery for the Watches @Titan ✨,1,USA,Watches,2024-02-02 23:30:31,,,,,,,,,,,,,,,
Would not recommend the TV @Samsung #NewLaunch,0,Canada,TV,2024-12-19 06:50:49,,,,,,,,,,,,,,,
One star for the Bike @RoyalEnfield — Quality is bad #Review,0,Germany,Bike,2024-10-25 03:24:43,,,,,,,,,,,,,,,
Waste of money the Watches — Quality is bad #Sale ☹️,0,India,Watches,2024-03-21 10:39:58,,,,,,,,,,,,,,,
"I was going to get a Shoes, but changed my mind 😩 @Apple",0,Australia,Shoes,2025-08-04 03:48:59,,,,,,,,,,,,,,,
Finally saved up enough to get the Smartwatch! 🔥 @BestBuy,1,Australia,Smartwatch,2025-06-03 20:14:33,,,,,,,,,,,,,,,
So happy with the Phone @OnePlus ✨,1,Australia,Phone,2024-08-23 15:14:16,,,,,,,,,,,,,,,
Regret buying the Books #MustRead — Not what I expected #Deal,0,India,Books,2025-03-25 23:31:23,,,,,,,,,,,,,,,
So happy with the TV #Review 😊,1,Australia,TV,2024-12-30 20:49:19,,,,,,,,,,,,,,,
Poor quality the Furniture @Ikea #Unboxing,0,India,Furniture,2024-08-27 22:55:34,,,,,,,,,,,,,,,
Fast delivery for the Printer @HP #Review ✨,1,UK,Printer,2024-02-27 14:41:01,,,,,,,,,,,,,,,
Very disappointed by the Watches @Fossil — Quality is bad #Shopping,0,India,Watches,2024-03-05 00:23:32,,,,,,,,,,,,,,,
Finally saved up enough to get the Shoes! 💸 @BestBuy,1,Australia,Shoes,2025-04-26 05:50:42,,,,,,,,,,,,,,,
Terrible experience with the Phone — Disappointed #NewLaunch 💀,0,Germany,Phone,2025-07-29 07:36:06,,,,,,,,,,,,,,,
Fast delivery for the Printer #Shopping 😍,1,India,Printer,2024-10-22 19:56:14,,,,,,,,,,,,,,,
"Love how the new Headphones looks, definitely buying #Tech @BestBuy",1,USA,Headphones,2025-08-06 16:51:07,,,,,,,,,,,,,,,
Regret buying the Gaming Console — Quality is bad #Sale 😞,0,UK,Gaming Console,2024-08-31 01:17:21,,,,,,,,,,,,,,,
Not satisfied with the Cosmetics @Nykaa — Quality is bad #Sale,0,USA,Cosmetics,2024-07-16 14:41:10,,,,,,,,,,,,,,,
"Not buying the Headphones, it's overpriced 🙄 @Apple",0,UK,Headphones,2025-07-08 15:31:27,,,,,,,,,,,,,,,
Planning to get a Shoes this week #MustBuy @Amazon,1,India,Shoes,2025-05-12 13:17:46,,,,,,,,,,,,,,,
The iPhone doesn’t seem worth it #Fashion @Nike,0,Australia,iPhone,2025-09-13 03:35:00,,,,,,,,,,,,,,,
Fantastic performance the Tablet @Samsung #NewLaunch 🔥,1,India,Tablet,2024-02-04 15:43:11,,,,,,,,,,,,,,,
Just ordered my Shoes! Can't wait to try it 😍 @BestBuy,1,USA,Shoes,2025-05-31 20:30:27,,,,,,,,,,,,,,,
Fantastic performance the Refrigerator #Shopping ✨,1,USA,Refrigerator,2025-06-06 13:56:08,,,,,,,,,,,,,,,
"The new Shoes is disappointing, won't buy 😒 @Sony",0,UK,Shoes,2025-09-13 18:24:19,,,,,,,,,,,,,,,
Amazing quality the Bike @Hero ✨,1,India,Bike,2025-05-09 02:22:30,,,,,,,,,,,,,,,
Loved this the Phone #Review 👍,1,India,Phone,2025-02-19 02:32:50,,,,,,,,,,,,,,,
Poor quality the Cosmetics — Not what I expected #Shopping ☹️,0,Canada,Cosmetics,2024-06-13 05:05:58,,,,,,,,,,,,,,,
Fast delivery for the Gaming Console #Sale,1,India,Gaming Console,2024-06-05 00:50:38,,,,,,,,,,,,,,,
"The new Headphones is disappointing, won't buy 👎 @Nike",0,Canada,Headphones,2025-05-15 12:22:31,,,,,,,,,,,,,,,
Thinking about buying the Shoes tomorrow #Fashion @Nike,1,Australia,Shoes,2025-10-02 21:13:09,,,,,,,,,,,,,,,
Fast delivery for the Cosmetics #Review 😍,1,India,Cosmetics,2025-03-12 04:43:46,,,,,,,,,,,,,,,
Great value in the Bike @Hero #NewLaunch ✨,1,USA,Bike,2024-06-16 11:26:15,,,,,,,,,,,,,,,
Not worth the price the Laptop ☹️,0,India,Laptop,2025-09-26 05:45:35,,,,,,,,,,,,,,,
Terrible experience with the Backpack — Not what I expected,0,Canada,Backpack,2024-05-26 16:22:12,,,,,,,,,,,,,,,
Amazing quality the Jacket @NorthFace #Deal 👍,1,USA,Jacket,2025-05-12 12:48:52,,,,,,,,,,,,,,,
Not satisfied with the Smartwatch — Disappointed #NewLaunch 💀,0,USA,Smartwatch,2024-10-26 12:54:06,,,,,,,,,,,,,,,
Amazing quality the Printer @HP #Unboxing 😊,1,UK,Printer,2024-01-05 14:58:08,,,,,,,,,,,,,,,
Very disappointed by the Refrigerator — Quality is bad #Shopping 💀,0,India,Refrigerator,2024-05-08 15:59:52,,,,,,,,,,,,,,,
Fast delivery for the Headphones @Bose #NewLaunch,1,USA,Headphones,2025-09-16 09:52:39,,,,,,,,,,,,,,,
Waste of money the Camera @Canon #NewLaunch 😡,0,Australia,Camera,2025-03-13 01:42:20,,,,,,,,,,,,,,,
Not interested in purchasing the Smartwatch 😒 @Apple,0,Canada,Smartwatch,2025-05-13 09:13:44,,,,,,,,,,,,,,,
Amazing quality the Jacket #Shopping 😍,1,India,Jacket,2025-02-11 07:15:08,,,,,,,,,,,,,,,
So happy with the Smartwatch @Samsung #Unboxing 👍,1,Canada,Smartwatch,2025-01-21 17:30:39,,,,,,,,,,,,,,,
Not satisfied with the Furniture @Ikea — Not what I expected #Unboxing 👎,0,UK,Furniture,2025-08-28 05:43:23,,,,,,,,,,,,,,,
Five stars for the Bike #NewLaunch,1,USA,Bike,2025-03-31 19:14:20,,,,,,,,,,,,,,,
Fantastic performance the TV @LG #Sale 🔥,1,Canada,TV,2024-01-18 19:53:41,,,,,,,,,,,,,,,
Five stars for the Phone @Samsung #Review,1,USA,Phone,2024-08-04 03:53:54,,,,,,,,,,,,,,,
Not worth the price the Smartwatch @Samsung — Disappointed #Sale ☹️,0,India,Smartwatch,2024-01-14 08:51:53,,,,,,,,,,,,,,,
Highly recommend the TV @Sony #Sale,1,Canada,TV,2025-05-08 03:31:50,,,,,,,,,,,,,,,
Very disappointed by the TV @Sony — Not what I expected #Deal 😞,0,USA,TV,2025-10-05 05:05:28,,,,,,,,,,,,,,,
Absolutely love the Camera #NewLaunch 👍,1,Australia,Camera,2024-12-14 09:20:17,,,,,,,,,,,,,,,
"Love how the new Headphones looks, definitely buying #Fashion @Nike",1,UK,Headphones,2025-07-16 10:33:19,,,,,,,,,,,,,,,
Late delivery ruined the TV — Quality is bad 💀,0,UK,TV,2024-01-24 00:15:44,,,,,,,,,,,,,,,
Not satisfied with the Headphones — Disappointed #Review 😡,0,India,Headphones,2024-03-15 15:19:18,,,,,,,,,,,,,,,
Late delivery ruined the Books #MustRead #Deal 😡,0,India,Books,2025-08-24 15:30:40,,,,,,,,,,,,,,,
Regret buying the Printer @HP — Quality is bad #Unboxing 😡,0,USA,Printer,2024-08-26 12:43:34,,,,,,,,,,,,,,,
Great value in the TV #Sale 😊,1,India,TV,2024-02-17 12:55:26,,,,,,,,,,,,,,,
Amazing quality the Shoes #Shopping ✨,1,India,Shoes,2025-10-10 05:58:43,,,,,,,,,,,,,,,
Late delivery ruined the Books — Disappointed 😡,0,India,Books,2024-12-21 06:19:40,,,,,,,,,,,,,,,
The Smartwatch doesn’t seem worth it #MustBuy @Apple,0,UK,Smartwatch,2025-07-15 00:32:35,,,,,,,,,,,,,,,
Fast delivery for the Printer @HP #Deal,1,Australia,Printer,2024-03-19 00:15:26,,,,,,,,,,,,,,,
Absolutely love the Phone #Shopping 👍,1,USA,Phone,2024-11-07 03:22:57,,,,,,,,,,,,,,,
Planning to get a Smartwatch this week #MustBuy @Apple,1,India,Smartwatch,2025-09-21 20:35:21,,,,,,,,,,,,,,,
Five stars for the Books #BookTok #Deal 😊,1,USA,Books,2025-10-03 16:20:11,,,,,,,,,,,,,,,
Very disappointed by the Watches @Fossil — Quality is bad #Deal 😞,0,India,Watches,2025-07-06 16:55:01,,,,,,,,,,,,,,,
Planning to get a Laptop this week #Tech @Amazon,1,India,Laptop,2025-08-14 04:17:51,,,,,,,,,,,,,,,
Not satisfied with the Watches @Fossil — Quality is bad #Review 👎,0,India,Watches,2024-12-22 02:10:37,,,,,,,,,,,,,,,
Would not recommend the Cosmetics #Deal 👎,0,India,Cosmetics,2024-05-18 18:46:55,,,,,,,,,,,,,,,
Poor quality the Watches @Rolex — Disappointed #Sale 😡,0,Canada,Watches,2024-11-07 04:10:40,,,,,,,,,,,,,,,
One star for the Laptop @Apple #Review 😞,0,India,Laptop,2024-01-15 01:00:06,,,,,,,,,,,,,,,
Very disappointed by the Bike @RoyalEnfield — Quality is bad #NewLaunch,0,India,Bike,2024-10-11 21:32:01,,,,,,,,,,,,,,,
Fast delivery for the Watches #Shopping ✨,1,USA,Watches,2025-08-16 09:20:17,,,,,,,,,,,,,,,
Not worth the price the Refrigerator — Quality is bad #NewLaunch 😡,0,Canada,Refrigerator,2024-11-27 16:51:22,,,,,,,,,,,,,,,
Skipping the Shoes this time 🙄 @BestBuy,0,UK,Shoes,2025-07-07 17:08:08,,,,,,,,,,,,,,,
Highly recommend the Jacket #Sale 🔥,1,Australia,Jacket,2024-10-09 10:48:41,,,,,,,,,,,,,,,
Fast delivery for the Books #MustRead #Deal 🔥,1,Germany,Books,2025-02-19 21:56:02,,,,,,,,,,,,,,,
Poor quality the Headphones — Quality is bad #NewLaunch,0,UK,Headphones,2025-04-22 16:42:08,,,,,,,,,,,,,,,
Fast delivery for the Printer #Unboxing 😍,1,India,Printer,2025-06-04 18:12:23,,,,,,,,,,,,,,,
Loved this the Cosmetics @Nykaa #Unboxing,1,India,Cosmetics,2024-09-06 19:47:48,,,,,,,,,,,,,,,
Not interested in purchasing the Laptop 😒 @Flipkart,0,India,Laptop,2025-08-24 00:40:37,,,,,,,,,,,,,,,
Very disappointed by the Printer @HP — Disappointed #NewLaunch,0,Canada,Printer,2024-12-03 23:34:32,,,,,,,,,,,,,,,
Five stars for the Books #MustRead #Unboxing 😊,1,UK,Books,2024-08-23 04:58:55,,,,,,,,,,,,,,,
Poor quality the Laptop — Quality is bad #NewLaunch 😡,0,USA,Laptop,2025-07-21 11:44:29,,,,,,,,,,,,,,,
So happy with the Watches #Deal 😍,1,UK,Watches,2024-07-27 02:27:46,,,,,,,,,,,,,,,
Regret buying the Smartwatch @Apple #Deal 💀,0,India,Smartwatch,2024-05-17 21:07:13,,,,,,,,,,,,,,,
So happy with the Bike @Bajaj #NewLaunch ✨,1,India,Bike,2024-08-13 16:58:39,,,,,,,,,,,,,,,
Planning to get a iPhone this week #NewLaunch @Nike,1,USA,iPhone,2025-09-15 11:19:13,,,,,,,,,,,,,,,
So happy with the Printer @HP #Deal,1,Australia,Printer,2025-04-22 07:16:10,,,,,,,,,,,,,,,
Worth every penny the TV @Samsung #Shopping 😍,1,India,TV,2024-10-16 13:45:09,,,,,,,,,,,,,,,
Late delivery ruined the Phone @Apple 👎,0,USA,Phone,2025-06-05 04:47:23,,,,,,,,,,,,,,,
Absolutely love the Cosmetics @Nykaa #Unboxing 👍,1,UK,Cosmetics,2024-04-05 10:33:38,,,,,,,,,,,,,,,
Regret buying the Books #BookTok — Not what I expected #Sale 💀,0,India,Books,2024-08-12 01:38:05,,,,,,,,,,,,,,,
One star for the Tablet — Not what I expected #NewLaunch 👎,0,Canada,Tablet,2025-07-10 17:53:42,,,,,,,,,,,,,,,
Amazing quality the Watches @Rolex #Deal,1,UK,Watches,2025-04-06 19:09:46,,,,,,,,,,,,,,,
Worth every penny the Laptop @Apple #NewLaunch 😍,1,India,Laptop,2024-09-30 14:31:07,,,,,,,,,,,,,,,
Very disappointed by the Phone @Google — Not what I expected 😞,0,USA,Phone,2025-10-12 06:00:39,,,,,,,,,,,,,,,
Worth every penny the Backpack @Herschel #Sale 🔥,1,India,Backpack,2024-10-12 18:56:58,,,,,,,,,,,,,,,
Five stars for the Bike #Deal 😊,1,India,Bike,2024-04-15 17:27:30,,,,,,,,,,,,,,,
So happy with the Watches @Rolex,1,Australia,Watches,2025-01-18 23:49:16,,,,,,,,,,,,,,,
Late delivery ruined the Headphones @Jabra #Deal 😡,0,USA,Headphones,2025-05-03 22:12:36,,,,,,,,,,,,,,,
Worth every penny the Cosmetics @Nykaa #NewLaunch ✨,1,India,Cosmetics,2025-02-17 18:18:42,,,,,,,,,,,,,,,
Fantastic performance the Backpack @Herschel #Review 😊,1,Germany,Backpack,2024-11-20 02:55:45,,,,,,,,,,,,,,,
Terrible experience with the Jacket @NorthFace — Not what I expected #NewLaunch 😡,0,India,Jacket,2024-05-31 13:27:31,,,,,,,,,,,,,,,
Terrible experience with the Backpack — Disappointed #NewLaunch 👎,0,Australia,Backpack,2024-06-11 18:56:34,,,,,,,,,,,,,,,
"Can't resist, the Smartwatch deal is too good 📱 @Nike",1,UK,Smartwatch,2025-09-24 19:29:59,,,,,,,,,,,,,,,
Amazing quality the Watches @Rolex #Review 😊,1,India,Watches,2024-06-21 03:53:42,,,,,,,,,,,,,,,
So happy with the TV @Samsung 🔥,1,India,TV,2024-07-17 11:13:43,,,,,,,,,,,,,,,
Absolutely love the Bike @RoyalEnfield #Deal 🔥,1,India,Bike,2025-05-12 02:26:20,,,,,,,,,,,,,,,
So happy with the Jacket @NorthFace #Deal 😍,1,Australia,Jacket,2025-04-01 07:13:54,,,,,,,,,,,,,,,
Amazing quality the Camera #NewLaunch 😍,1,Australia,Camera,2025-06-17 23:36:32,,,,,,,,,,,,,,,
Great value in the Cosmetics 👍,1,India,Cosmetics,2025-08-04 09:43:55,,,,,,,,,,,,,,,
Highly recommend the Books #Sale 😍,1,Australia,Books,2024-05-30 08:00:59,,,,,,,,,,,,,,,
Very disappointed by the Jacket @Zara #NewLaunch 😞,0,India,Jacket,2025-09-06 13:06:21,,,,,,,,,,,,,,,
Would not recommend the Gaming Console @Nintendo — Disappointed #Unboxing,0,India,Gaming Console,2025-03-07 17:48:26,,,,,,,,,,,,,,,
Highly recommend the Shoes @Puma #Unboxing ✨,1,Australia,Shoes,2024-08-13 03:24:55,,,,,,,,,,,,,,,
Thinking about buying the Shoes tomorrow #Fashion @Amazon,1,Australia,Shoes,2025-05-01 19:09:28,,,,,,,,,,,,,,,
Terrible experience with the Jacket @Zara — Not what I expected #Unboxing,0,USA,Jacket,2024-04-27 18:14:16,,,,,,,,,,,,,,,
Late delivery ruined the Jacket #Sale ☹️,0,Germany,Jacket,2025-01-21 12:53:16,,,,,,,,,,,,,,,
Very disappointed by the Camera @Canon #Review 😞,0,India,Camera,2024-04-18 22:49:16,,,,,,,,,,,,,,,
Five stars for the Bike @Hero #NewLaunch,1,Australia,Bike,2024-10-12 07:50:34,,,,,,,,,,,,,,,
Would not recommend the Jacket #NewLaunch 💀,0,UK,Jacket,2024-05-13 02:39:51,,,,,,,,,,,,,,,
Absolutely love the Printer @HP #Unboxing 👍,1,Australia,Printer,2025-07-08 18:58:46,,,,,,,,,,,,,,,
That Shoes looks amazing — I’m getting one #Fashion @Amazon,1,Australia,Shoes,2025-05-14 17:07:30,,,,,,,,,,,,,,,
So happy with the Books #BookTok 😊,1,USA,Books,2025-03-28 14:03:32,,,,,,,,,,,,,,,
"Can't resist, the Laptop deal is too good 😎 @Apple",1,UK,Laptop,2025-05-13 14:48:46,,,,,,,,,,,,,,,
Finally saved up enough to get the Headphones! 🔥 @Sony,1,USA,Headphones,2025-08-20 14:24:04,,,,,,,,,,,,,,,
Very disappointed by the Refrigerator — Quality is bad #NewLaunch,0,India,Refrigerator,2024-03-12 18:41:08,,,,,,,,,,,,,,,
Not worth the price the Cosmetics @Nykaa — Not what I expected #Shopping 😡,0,India,Cosmetics,2024-01-21 16:42:23,,,,,,,,,,,,,,,
Too expensive for a Laptop. I'll pass #Deal @BestBuy,0,UK,Laptop,2025-05-05 23:44:45,,,,,,,,,,,,,,,
Skipping the Headphones this time 😒 @Sony,0,Australia,Headphones,2025-05-24 19:34:45,,,,,,,,,,,,,,,
"Not buying the Shoes, it's overpriced 😒 @Sony",0,Australia,Shoes,2025-07-18 02:27:39,,,,,,,,,,,,,,,
"I was going to get a Smartwatch, but changed my mind 🙄 @Flipkart",0,UK,Smartwatch,2025-08-05 11:58:33,,,,,,,,,,,,,,,
Terrible experience with the TV @Samsung — Disappointed #Review 😡,0,India,TV,2025-05-27 01:57:03,,,,,,,,,,,,,,,
Not satisfied with the Furniture — Not what I expected #Review ☹️,0,India,Furniture,2025-10-25 15:49:51,,,,,,,,,,,,,,,
Regret buying the Shoes #Deal,0,Germany,Shoes,2024-12-05 04:53:51,,,,,,,,,,,,,,,
Absolutely love the Printer #NewLaunch 😊,1,India,Printer,2025-05-04 12:06:04,,,,,,,,,,,,,,,
"The new iPhone is disappointing, won't buy 😐 @Sony",0,USA,iPhone,2025-09-03 20:46:48,,,,,,,,,,,,,,,
Regret buying the Furniture #Deal 👎,0,USA,Furniture,2024-09-13 08:07:28,,,,,,,,,,,,,,,
Great value in the Gaming Console @Nintendo #NewLaunch 👍,1,India,Gaming Console,2025-07-09 11:57:53,,,,,,,,,,,,,,,
"Got my eyes on the iPhone, purchasing soon 🔥 @Apple",1,Canada,iPhone,2025-05-20 09:37:39,,,,,,,,,,,,,,,
"I was going to get a Smartwatch, but changed my mind 😩 @BestBuy",0,USA,Smartwatch,2025-04-12 19:44:58,,,,,,,,,,,,,,,
Terrible experience with the TV @Samsung — Not what I expected #NewLaunch,0,Canada,TV,2024-11-06 22:22:01,,,,,,,,,,,,,,,
Poor quality the Phone @Samsung — Quality is bad #NewLaunch 👎,0,India,Phone,2024-12-06 06:56:07,,,,,,,,,,,,,,,
Fast delivery for the Watches #Sale 🔥,1,Germany,Watches,2024-01-05 22:53:32,,,,,,,,,,,,,,,
That iPhone looks amazing — I’m getting one #NewLaunch @Amazon,1,USA,iPhone,2025-04-10 11:40:37,,,,,,,,,,,,,,,
Regret buying the Smartwatch @Apple — Not what I expected #Review 😞,0,UK,Smartwatch,2024-11-08 21:45:45,,,,,,,,,,,,,,,
Waste of money the Books #MustRead — Quality is bad #Review,0,UK,Books,2024-11-02 15:50:23,,,,,,,,,,,,,,,
Five stars for the Printer #Sale,1,Australia,Printer,2024-01-17 14:02:44,,,,,,,,,,,,,,,
Absolutely love the Smartwatch #Review 😍,1,Canada,Smartwatch,2025-03-17 00:56:44,,,,,,,,,,,,,,,
Very disappointed by the Phone — Disappointed #Unboxing 😞,0,India,Phone,2025-06-03 03:03:56,,,,,,,,,,,,,,,
Great value in the Gaming Console @PlayStation 😊,1,Canada,Gaming Console,2024-01-12 09:17:28,,,,,,,,,,,,,,,
Waste of money the Printer — Disappointed #Shopping 😡,0,Australia,Printer,2024-05-26 02:04:30,,,,,,,,,,,,,,,
Absolutely love the Refrigerator @LG #NewLaunch ✨,1,Germany,Refrigerator,2024-09-30 10:12:52,,,,,,,,,,,,,,,
Poor quality the Books — Disappointed #Deal 😞,0,India,Books,2024-10-21 03:56:20,,,,,,,,,,,,,,,
"Can't resist, the Shoes deal is too good 🔥 @Nike",1,USA,Shoes,2025-04-28 22:51:01,,,,,,,,,,,,,,,
Amazing quality the Laptop @Dell #Review 😊,1,India,Laptop,2024-12-04 04:01:25,,,,,,,,,,,,,,,
Thinking about buying the iPhone tomorrow #Offer @Sony,1,Canada,iPhone,2025-09-07 08:08:58,,,,,,,,,,,,,,,
"Got my eyes on the Laptop, purchasing soon 📱 @Nike",1,India,Laptop,2025-06-08 01:04:16,,,,,,,,,,,,,,,
Terrible experience with the Jacket #Sale 👎,0,Australia,Jacket,2025-05-31 12:36:38,,,,,,,,,,,,,,,
Would not recommend the Jacket — Disappointed #NewLaunch,0,India,Jacket,2025-06-05 11:40:50,,,,,,,,,,,,,,,
Just ordered my Shoes! Can't wait to try it 🛒 @Apple,1,Canada,Shoes,2025-04-12 08:05:05,,,,,,,,,,,,,,,
One star for the Camera @Canon — Quality is bad #Deal,0,Australia,Camera,2024-06-26 19:02:40,,,,,,,,,,,,,,,
Absolutely love the Jacket @NorthFace #NewLaunch ✨,1,Canada,Jacket,2024-11-02 14:42:43,,,,,,,,,,,,,,,
"Love how the new Shoes looks, definitely buying #NewLaunch @Flipkart",1,Canada,Shoes,2025-08-22 14:26:47,,,,,,,,,,,,,,,
Really excited to purchase the latest Headphones 🛒 @BestBuy,1,Australia,Headphones,2025-04-12 10:04:46,,,,,,,,,,,,,,,
So happy with the Camera @Sony #Review 😍,1,Germany,Camera,2024-03-24 07:30:03,,,,,,,,,,,,,,,
Fantastic performance the Smartwatch #Shopping,1,India,Smartwatch,2024-02-16 10:17:21,,,,,,,,,,,,,,,
Five stars for the Smartwatch 😍,1,India,Smartwatch,2024-07-31 04:45:48,,,,,,,,,,,,,,,
Regret buying the Jacket — Disappointed #Deal,0,Canada,Jacket,2024-02-19 03:12:22,,,,,,,,,,,,,,,
Waste of money the Tablet @Samsung — Not what I expected #NewLaunch ☹️,0,Germany,Tablet,2025-04-04 02:36:45,,,,,,,,,,,,,,,
"Can't resist, the Shoes deal is too good 💸 @Amazon",1,USA,Shoes,2025-05-05 12:34:15,,,,,,,,,,,,,,,
I don’t think I’ll buy the Smartwatch anytime soon #Tech @Amazon,0,USA,Smartwatch,2025-07-12 04:31:23,,,,,,,,,,,,,,,
That Shoes looks amazing — I’m getting one #Offer @BestBuy,1,Australia,Shoes,2025-05-04 02:32:07,,,,,,,,,,,,,,,
Not satisfied with the Smartwatch @Samsung — Disappointed #Unboxing,0,India,Smartwatch,2024-03-12 04:46:21,,,,,,,,,,,,,,,
No plans to buy any Smartwatch right now #Offer @Apple,0,Australia,Smartwatch,2025-10-07 17:31:15,,,,,,,,,,,,,,,
Great value in the Phone #Unboxing 😍,1,Australia,Phone,2024-08-23 12:01:50,,,,,,,,,,,,,,,
Great value in the Refrigerator @Samsung #Shopping ✨,1,Canada,Refrigerator,2025-01-25 08:38:32,,,,,,,,,,,,,,,
The Smartwatch doesn’t seem worth it #Offer @Flipkart,0,USA,Smartwatch,2025-06-24 08:31:26,,,,,,,,,,,,,,,
So happy with the Gaming Console #Unboxing ✨,1,USA,Gaming Console,2024-04-30 01:54:32,,,,,,,,,,,,,,,
No plans to buy any Headphones right now #Offer @Apple,0,USA,Headphones,2025-10-05 01:38:02,,,,,,,,,,,,,,,
"Love how the new Shoes looks, definitely buying #Fashion @BestBuy",1,Canada,Shoes,2025-05-05 20:32:03,,,,,,,,,,,,,,,
The Smartwatch doesn’t seem worth it #NewLaunch @Nike,0,USA,Smartwatch,2025-06-15 11:24:35,,,,,,,,,,,,,,,
Five stars for the TV @Sony #NewLaunch 👍,1,India,TV,2024-04-27 14:52:59,,,,,,,,,,,,,,,
Worth every penny the Jacket @H&M #Review 😍,1,India,Jacket,2025-08-23 17:23:19,,,,,,,,,,,,,,,
Amazing quality the Printer #NewLaunch 👍,1,Australia,Printer,2025-02-23 07:50:33,,,,,,,,,,,,,,,
"Got my eyes on the iPhone, purchasing soon 💻 @Flipkart",1,Australia,iPhone,2025-08-17 18:03:33,,,,,,,,,,,,,,,
Late delivery ruined the Laptop — Disappointed #Deal ☹️,0,India,Laptop,2025-06-17 10:30:35,,,,,,,,,,,,,,,
The Laptop doesn’t seem worth it #NewLaunch @Nike,0,Australia,Laptop,2025-09-06 12:25:07,,,,,,,,,,,,,,,
Very disappointed by the Jacket @NorthFace — Quality is bad #Sale ☹️,0,India,Jacket,2025-06-30 09:00:41,,,,,,,,,,,,,,,
Regret buying the Jacket @H&M — Not what I expected #Deal 😞,0,Canada,Jacket,2025-06-05 09:51:22,,,,,,,,,,,,,,,
Thinking about buying the iPhone tomorrow #Offer @Flipkart,1,UK,iPhone,2025-05-19 13:29:17,,,,,,,,,,,,,,,
"Not buying the iPhone, it's overpriced 😐 @Nike",0,India,iPhone,2025-08-17 10:50:52,,,,,,,,,,,,,,,
Late delivery ruined the Refrigerator — Not what I expected #Deal 😡,0,UK,Refrigerator,2024-04-10 23:13:44,,,,,,,,,,,,,,,
Amazing quality the Smartwatch 😍,1,Germany,Smartwatch,2025-02-01 10:52:44,,,,,,,,,,,,,,,
Would not recommend the Laptop @Dell — Quality is bad #Unboxing ☹️,0,India,Laptop,2024-04-04 10:40:09,,,,,,,,,,,,,,,
That Headphones looks amazing — I’m getting one #Offer @Amazon,1,USA,Headphones,2025-06-12 17:35:27,,,,,,,,,,,,,,,
Poor quality the Printer @HP #Shopping 💀,0,USA,Printer,2024-11-27 05:53:51,,,,,,,,,,,,,,,
Great value in the Tablet #Unboxing ✨,1,USA,Tablet,2025-05-14 04:46:50,,,,,,,,,,,,,,,
Not worth the price the Refrigerator — Not what I expected #Sale 😡,0,India,Refrigerator,2025-10-28 07:24:05,,,,,,,,,,,,,,,
Not worth the price the Cosmetics — Quality is bad #Sale 😞,0,India,Cosmetics,2024-10-04 04:49:31,,,,,,,,,,,,,,,
One star for the Refrigerator @Whirlpool — Quality is bad #Review 😡,0,India,Refrigerator,2025-05-16 00:35:26,,,,,,,,,,,,,,,
Five stars for the Furniture #Review 👍,1,India,Furniture,2025-07-26 08:02:30,,,,,,,,,,,,,,,
Finally saved up enough to get the Smartwatch! 💸 @BestBuy,1,UK,Smartwatch,2025-04-16 20:36:16,,,,,,,,,,,,,,,
Poor quality the Watches @Rolex — Quality is bad #Unboxing 👎,0,Australia,Watches,2024-12-27 03:02:28,,,,,,,,,,,,,,,
Worth every penny the Bike,1,India,Bike,2025-03-27 23:44:57,,,,,,,,,,,,,,,
Waste of money the Jacket @Zara #Review,0,India,Jacket,2024-02-15 23:58:56,,,,,,,,,,,,,,,
Would not recommend the Camera @Canon — Not what I expected #Shopping 😞,0,USA,Camera,2024-01-24 06:52:12,,,,,,,,,,,,,,,
Fast delivery for the Camera @Canon #NewLaunch ✨,1,India,Camera,2025-07-15 09:46:15,,,,,,,,,,,,,,,
Regret buying the Shoes @Nike — Quality is bad #Sale 😞,0,UK,Shoes,2024-07-14 15:41:01,,,,,,,,,,,,,,,
Poor quality the Backpack @Herschel #Deal 😞,0,India,Backpack,2025-04-16 07:05:41,,,,,,,,,,,,,,,
Amazing quality the Camera @Sony #Review ✨,1,Australia,Camera,2024-12-10 02:20:43,,,,,,,,,,,,,,,
Amazing quality the Cosmetics #Sale ✨,1,India,Cosmetics,2025-01-15 07:35:20,,,,,,,,,,,,,,,
Really excited to purchase the latest iPhone 💻 @Apple,1,UK,iPhone,2025-04-22 02:41:37,,,,,,,,,,,,,,,
Regret buying the Bike @Bajaj — Not what I expected #NewLaunch ☹️,0,Canada,Bike,2025-11-07 02:56:15,,,,,,,,,,,,,,,
Would not recommend the Smartwatch — Disappointed #Unboxing ☹️,0,India,Smartwatch,2025-09-07 15:55:23,,,,,,,,,,,,,,,
"Not buying the Laptop, it's overpriced 💀 @BestBuy",0,Australia,Laptop,2025-07-25 15:24:51,,,,,,,,,,,,,,,
Absolutely love the Smartwatch #Sale 👍,1,Canada,Smartwatch,2024-05-06 09:17:53,,,,,,,,,,,,,,,
Fast delivery for the Backpack #Shopping,1,Germany,Backpack,2025-09-16 05:48:39,,,,,,,,,,,,,,,
Loved this the Printer @HP #Sale 😍,1,India,Printer,2024-06-03 20:21:08,,,,,,,,,,,,,,,
Very disappointed by the Refrigerator — Not what I expected #Sale 👎,0,USA,Refrigerator,2025-10-10 12:25:07,,,,,,,,,,,,,,,
Great value in the Gaming Console @Xbox #Sale 👍,1,India,Gaming Console,2025-05-14 19:02:19,,,,,,,,,,,,,,,
Late delivery ruined the Headphones @Bose #Unboxing 😞,0,India,Headphones,2024-01-04 13:48:55,,,,,,,,,,,,,,,
Not satisfied with the Bike @RoyalEnfield — Quality is bad #NewLaunch 😡,0,UK,Bike,2024-05-29 21:36:37,,,,,,,,,,,,,,,
So happy with the Tablet @Apple #Unboxing ✨,1,India,Tablet,2025-06-05 12:44:41,,,,,,,,,,,,,,,
Would not recommend the Camera @Nikon — Not what I expected #Deal 💀,0,USA,Camera,2024-01-04 08:03:05,,,,,,,,,,,,,,,
Fantastic performance the Tablet @Apple #NewLaunch ✨,1,Australia,Tablet,2025-02-03 09:23:13,,,,,,,,,,,,,,,
No plans to buy any iPhone right now #Deal @Apple,0,Australia,iPhone,2025-09-12 10:23:39,,,,,,,,,,,,,,,
Planning to get a Shoes this week #Sale @Sony,1,UK,Shoes,2025-10-02 05:58:26,,,,,,,,,,,,,,,
Very disappointed by the TV @Samsung — Disappointed #Shopping 👎,0,Germany,TV,2025-10-25 18:55:22,,,,,,,,,,,,,,,
Poor quality the Gaming Console @Xbox #NewLaunch ☹️,0,Germany,Gaming Console,2025-07-15 03:19:44,,,,,,,,,,,,,,,
Great value in the Watches #Unboxing 👍,1,Germany,Watches,2025-09-03 16:56:55,,,,,,,,,,,,,,,
Very disappointed by the Camera @Nikon — Quality is bad #NewLaunch 💀,0,Canada,Camera,2024-12-22 12:20:35,,,,,,,,,,,,,,,
Not worth the price the Jacket #Unboxing ☹️,0,UK,Jacket,2025-05-17 18:00:05,,,,,,,,,,,,,,,
Great value in the Laptop @Lenovo #Shopping 😍,1,India,Laptop,2024-05-08 07:57:11,,,,,,,,,,,,,,,
Loved this the Phone #Deal 😍,1,Canada,Phone,2024-11-23 07:34:17,,,,,,,,,,,,,,,
"Not buying the Headphones, it's overpriced 😐 @Flipkart",0,USA,Headphones,2025-07-27 04:11:54,,,,,,,,,,,,,,,
"Love how the new Shoes looks, definitely buying #Shopping @Flipkart",1,USA,Shoes,2025-08-05 04:24:49,,,,,,,,,,,,,,,
Not satisfied with the TV — Disappointed #Shopping,0,India,TV,2024-04-13 06:35:33,,,,,,,,,,,,,,,
"Not buying the Laptop, it's overpriced 😒 @BestBuy",0,India,Laptop,2025-07-14 09:44:19,,,,,,,,,,,,,,,
Really excited to purchase the latest iPhone 💸 @Sony,1,USA,iPhone,2025-08-14 10:09:13,,,,,,,,,,,,,,,
Late delivery ruined the Phone @Google — Quality is bad #Shopping 👎,0,USA,Phone,2025-05-09 06:18:11,,,,,,,,,,,,,,,
Fast delivery for the Books #BookTok #Unboxing 👍,1,Canada,Books,2024-11-13 04:59:44,,,,,,,,,,,,,,,
Just ordered my Laptop! Can't wait to try it 🛒 @BestBuy,1,Canada,Laptop,2025-09-14 17:39:38,,,,,,,,,,,,,,,
So happy with the Headphones #Shopping 😍,1,USA,Headphones,2024-05-06 21:50:13,,,,,,,,,,,,,,,
Five stars for the Refrigerator #Review ✨,1,UK,Refrigerator,2024-06-17 21:25:32,,,,,,,,,,,,,,,
Amazing quality the Printer @HP #Shopping,1,UK,Printer,2024-06-01 02:38:57,,,,,,,,,,,,,,,
Waste of money the Headphones @Jabra — Quality is bad,0,India,Headphones,2024-09-28 20:00:46,,,,,,,,,,,,,,,
Great value in the Refrigerator #Review,1,India,Refrigerator,2024-05-24 14:03:30,,,,,,,,,,,,,,,
"I was going to get a Shoes, but changed my mind 💀 @Apple",0,UK,Shoes,2025-05-28 21:41:34,,,,,,,,,,,,,,,
Poor quality the Laptop — Disappointed #Review ☹️,0,UK,Laptop,2024-03-12 21:16:33,,,,,,,,,,,,,,,
Not worth the price the Camera @Canon #Unboxing ☹️,0,India,Camera,2024-11-20 03:53:53,,,,,,,,,,,,,,,
Absolutely love the Smartwatch 🔥,1,Germany,Smartwatch,2025-05-04 21:07:51,,,,,,,,,,,,,,,
One star for the Smartwatch @Apple — Quality is bad #Deal,0,USA,Smartwatch,2025-08-08 03:02:25,,,,,,,,,,,,,,,
Great value in the Smartwatch @Fitbit #Sale 😊,1,India,Smartwatch,2024-10-10 16:07:09,,,,,,,,,,,,,,,
Five stars for the Books #BookTok #Unboxing,1,India,Books,2024-07-06 19:25:19,,,,,,,,,,,,,,,
Worth every penny the Smartwatch @Apple #Deal 😍,1,Canada,Smartwatch,2025-03-02 07:57:37,,,,,,,,,,,,,,,
Highly recommend the Furniture @UrbanLadder 👍,1,India,Furniture,2024-09-18 11:26:00,,,,,,,,,,,,,,,
Five stars for the Headphones #NewLaunch ✨,1,USA,Headphones,2024-08-31 16:46:20,,,,,,,,,,,,,,,
Not worth the price the Watches @Titan — Disappointed #NewLaunch ☹️,0,UK,Watches,2024-09-06 22:21:52,,,,,,,,,,,,,,,
Finally saved up enough to get the iPhone! 🛒 @BestBuy,1,Australia,iPhone,2025-06-24 09:05:54,,,,,,,,,,,,,,,
Five stars for the Laptop @Apple #Deal 😊,1,India,Laptop,2024-11-05 01:05:20,,,,,,,,,,,,,,,
"The new Shoes is disappointing, won't buy 😒 @Apple",0,UK,Shoes,2025-06-16 20:13:31,,,,,,,,,,,,,,,
"The new Headphones is disappointing, won't buy 👎 @Apple",0,UK,Headphones,2025-09-20 18:50:34,,,,,,,,,,,,,,,
Regret buying the Shoes @Puma — Quality is bad #Deal 💀,0,Australia,Shoes,2025-02-27 02:58:44,,,,,,,,,,,,,,,
Really excited to purchase the latest Laptop 📱 @Sony,1,USA,Laptop,2025-07-18 03:55:23,,,,,,,,,,,,,,,
One star for the Jacket @Zara — Disappointed #Review 💀,0,India,Jacket,2024-10-13 06:34:12,,,,,,,,,,,,,,,
Loved this the Books #MustRead #NewLaunch ✨,1,India,Books,2024-01-04 07:46:15,,,,,,,,,,,,,,,
Five stars for the Backpack #Shopping 😍,1,India,Backpack,2025-01-21 04:51:15,,,,,,,,,,,,,,,
Worth every penny the Tablet #Shopping 😊,1,Australia,Tablet,2025-07-08 05:26:25,,,,,,,,,,,,,,,
Five stars for the Watches @Rolex #Shopping 🔥,1,Canada,Watches,2024-07-23 21:48:45,,,,,,,,,,,,,,,
Fantastic performance the Cosmetics @Sephora #Deal 😊,1,Germany,Cosmetics,2024-06-10 21:45:35,,,,,,,,,,,,,,,
I'm going to buy the new Smartwatch soon 📱 #Fashion @Amazon,1,USA,Smartwatch,2025-09-26 23:15:00,,,,,,,,,,,,,,,
So happy with the Cosmetics @Sephora #Deal ✨,1,India,Cosmetics,2024-05-15 22:28:26,,,,,,,,,,,,,,,
"I was going to get a Smartwatch, but changed my mind 😤 @Sony",0,USA,Smartwatch,2025-04-29 01:06:55,,,,,,,,,,,,,,,
Regret buying the Backpack @Wildcraft — Quality is bad #Deal 😞,0,Germany,Backpack,2024-04-17 23:24:30,,,,,,,,,,,,,,,
Late delivery ruined the Bike @Hero — Not what I expected #Unboxing 😡,0,India,Bike,2025-05-28 19:05:40,,,,,,,,,,,,,,,
"The new Laptop is disappointing, won't buy 👎 @Sony",0,Canada,Laptop,2025-06-27 17:29:57,,,,,,,,,,,,,,,
Poor quality the Watches @Titan — Disappointed #Deal 👎,0,Germany,Watches,2025-06-22 19:00:52,,,,,,,,,,,,,,,
Fantastic performance the Furniture #Unboxing ✨,1,India,Furniture,2024-12-26 04:55:35,,,,,,,,,,,,,,,
Worth every penny the Headphones @Sony #Unboxing,1,Canada,Headphones,2025-02-10 20:26:30,,,,,,,,,,,,,,,
Loved this the Camera #Shopping 🔥,1,India,Camera,2024-08-04 00:43:20,,,,,,,,,,,,,,,
"Love how the new iPhone looks, definitely buying #Offer @Amazon",1,UK,iPhone,2025-06-15 06:56:14,,,,,,,,,,,,,,,
"Love how the new Shoes looks, definitely buying #Offer @Apple",1,Canada,Shoes,2025-06-09 09:51:35,,,,,,,,,,,,,,,
So happy with the Phone @Samsung #Sale 👍,1,UK,Phone,2025-10-10 12:39:51,,,,,,,,,,,,,,,
Highly recommend the Gaming Console @Xbox #Sale ✨,1,Australia,Gaming Console,2024-01-03 13:39:13,,,,,,,,,,,,,,,
Fantastic performance the TV @LG #Unboxing 😊,1,India,TV,2025-03-03 11:59:05,,,,,,,,,,,,,,,
That iPhone looks amazing — I’m getting one #Sale @Amazon,1,India,iPhone,2025-06-14 19:20:15,,,,,,,,,,,,,,,
Not satisfied with the Refrigerator — Disappointed #Review,0,Canada,Refrigerator,2025-09-10 18:18:31,,,,,,,,,,,,,,,
Absolutely love the TV @LG #Deal 🔥,1,UK,TV,2024-02-07 23:47:20,,,,,,,,,,,,,,,
One star for the Phone @Google — Quality is bad #Review 😡,0,India,Phone,2024-10-02 13:28:25,,,,,,,,,,,,,,,
Great value in the Bike @Bajaj 🔥,1,Canada,Bike,2025-06-07 04:36:23,,,,,,,,,,,,,,,
"I was going to get a Shoes, but changed my mind 😒 @Nike",0,Australia,Shoes,2025-04-23 11:17:18,,,,,,,,,,,,,,,
Fantastic performance the TV #Sale 🔥,1,India,TV,2024-02-04 00:19:14,,,,,,,,,,,,,,,
"I was going to get a Headphones, but changed my mind 😩 @BestBuy",0,Canada,Headphones,2025-05-17 05:56:37,,,,,,,,,,,,,,,
Worth every penny the Bike #Deal 😍,1,India,Bike,2024-03-02 09:04:07,,,,,,,,,,,,,,,
Absolutely love the Tablet @Samsung #Sale 😊,1,Australia,Tablet,2024-03-06 17:50:33,,,,,,,,,,,,,,,
Worth every penny the Furniture @UrbanLadder 👍,1,UK,Furniture,2024-12-28 15:43:49,,,,,,,,,,,,,,,
No plans to buy any Laptop right now #Fashion @Apple,0,UK,Laptop,2025-08-17 18:05:33,,,,,,,,,,,,,,,
The Headphones isn't good enough to buy #Offer @BestBuy,0,India,Headphones,2025-07-01 22:28:10,,,,,,,,,,,,,,,
One star for the Laptop — Not what I expected #Unboxing 😞,0,India,Laptop,2024-08-03 00:55:44,,,,,,,,,,,,,,,
Fast delivery for the Refrigerator @Whirlpool #Shopping ✨,1,Canada,Refrigerator,2024-08-21 12:18:18,,,,,,,,,,,,,,,
Poor quality the Tablet — Quality is bad #Unboxing 😞,0,UK,Tablet,2025-02-15 16:34:21,,,,,,,,,,,,,,,
The Laptop isn't good enough to buy #Sale @Amazon,0,India,Laptop,2025-07-27 00:03:48,,,,,,,,,,,,,,,
Poor quality the Watches — Quality is bad #Deal,0,UK,Watches,2025-07-19 06:26:20,,,,,,,,,,,,,,,
Amazing quality the Watches #Deal 🔥,1,India,Watches,2024-01-13 08:54:25,,,,,,,,,,,,,,,
Highly recommend the Camera #Shopping 😍,1,Canada,Camera,2025-09-10 10:08:14,,,,,,,,,,,,,,,
Very disappointed by the Bike — Quality is bad #Review,0,India,Bike,2024-02-04 03:04:52,,,,,,,,,,,,,,,
Highly recommend the Gaming Console @Xbox #Unboxing,1,India,Gaming Console,2025-02-22 19:21:52,,,,,,,,,,,,,,,
Not worth the price the Backpack @Herschel #Unboxing,0,India,Backpack,2024-07-15 16:04:13,,,,,,,,,,,,,,,
Not satisfied with the Printer @HP — Not what I expected #Sale 👎,0,Germany,Printer,2024-01-02 15:22:54,,,,,,,,,,,,,,,
Terrible experience with the Backpack @Herschel — Not what I expected #NewLaunch,0,India,Backpack,2024-06-04 23:05:10,,,,,,,,,,,,,,,
Waste of money the Gaming Console #Unboxing 💀,0,Australia,Gaming Console,2024-09-12 06:37:30,,,,,,,,,,,,,,,
Fast delivery for the Jacket @NorthFace #Unboxing 😍,1,India,Jacket,2024-04-13 20:49:45,,,,,,,,,,,,,,,
Great value in the Backpack @Herschel #Review,1,Canada,Backpack,2024-11-27 11:01:27,,,,,,,,,,,,,,,
Worth every penny the Headphones @Sony #Unboxing ✨,1,Germany,Headphones,2025-10-02 04:57:10,,,,,,,,,,,,,,,
Terrible experience with the Jacket — Disappointed #NewLaunch 👎,0,USA,Jacket,2024-07-14 03:54:54,,,,,,,,,,,,,,,
"The new Headphones is disappointing, won't buy 😤 @Amazon",0,Canada,Headphones,2025-09-02 03:04:12,,,,,,,,,,,,,,,
Absolutely love the Headphones 👍,1,Australia,Headphones,2025-10-06 20:19:03,,,,,,,,,,,,,,,
Highly recommend the Camera @Nikon 🔥,1,India,Camera,2024-12-16 09:38:06,,,,,,,,,,,,,,,
Late delivery ruined the Jacket @H&M #Shopping 💀,0,India,Jacket,2025-10-11 20:59:22,,,,,,,,,,,,,,,
Fantastic performance the Watches @Fossil #Sale,1,India,Watches,2025-09-15 06:16:32,,,,,,,,,,,,,,,
Worth every penny the Camera @Sony #Unboxing 👍,1,Canada,Camera,2025-07-02 02:24:28,,,,,,,,,,,,,,,
Amazing quality the Furniture @UrbanLadder #Review 😊,1,Canada,Furniture,2024-08-17 01:14:51,,,,,,,,,,,,,,,
The Shoes isn't good enough to buy #Sale @Apple,0,Canada,Shoes,2025-09-02 10:20:08,,,,,,,,,,,,,,,
One star for the Cosmetics @Nykaa #NewLaunch,0,India,Cosmetics,2024-02-01 09:49:14,,,,,,,,,,,,,,,
So happy with the Headphones @Bose 😍,1,India,Headphones,2024-06-03 22:23:13,,,,,,,,,,,,,,,
That iPhone looks amazing — I’m getting one #Sale @Amazon,1,Canada,iPhone,2025-10-04 21:51:09,,,,,,,,,,,,,,,
That Headphones looks amazing — I’m getting one #Fashion @Amazon,1,Australia,Headphones,2025-07-12 14:39:33,,,,,,,,,,,,,,,
Worth every penny the Backpack @Herschel 😊,1,Germany,Backpack,2024-08-22 15:57:22,,,,,,,,,,,,,,,
Terrible experience with the Shoes #Review 💀,0,Australia,Shoes,2024-12-03 08:28:13,,,,,,,,,,,,,,,
No plans to buy any iPhone right now #MustBuy @Sony,0,UK,iPhone,2025-04-28 22:33:18,,,,,,,,,,,,,,,
Loved this the Camera @Nikon ✨,1,USA,Camera,2024-08-15 21:18:47,,,,,,,,,,,,,,,
Great value in the Camera #Review,1,Germany,Camera,2025-08-20 00:25:03,,,,,,,,,,,,,,,
Poor quality the Gaming Console — Disappointed #NewLaunch 💀,0,India,Gaming Console,2024-07-23 07:43:45,,,,,,,,,,,,,,,
Not interested in purchasing the iPhone 😐 @Sony,0,Australia,iPhone,2025-08-02 21:38:51,,,,,,,,,,,,,,,
Too expensive for a Headphones. I'll pass #Tech @Nike,0,India,Headphones,2025-07-10 11:15:31,,,,,,,,,,,,,,,
The iPhone doesn’t seem worth it #MustBuy @Nike,0,India,iPhone,2025-07-01 20:59:31,,,,,,,,,,,,,,,
Planning to get a Headphones this week #Deal @Apple,1,Canada,Headphones,2025-04-17 04:07:43,,,,,,,,,,,,,,,
Regret buying the Tablet — Not what I expected #Shopping 👎,0,Australia,Tablet,2025-10-24 09:50:03,,,,,,,,,,,,,,,
The Laptop isn't good enough to buy #Tech @Flipkart,0,UK,Laptop,2025-05-03 20:41:18,,,,,,,,,,,,,,,
Thinking about buying the Smartwatch tomorrow #MustBuy @Apple,1,USA,Smartwatch,2025-05-22 16:18:02,,,,,,,,,,,,,,,
Not satisfied with the Laptop @HP — Quality is bad #Sale 💀,0,Canada,Laptop,2024-08-31 16:11:53,,,,,,,,,,,,,,,
I'm going to buy the new Laptop soon 🛒 #Shopping @Apple,1,UK,Laptop,2025-09-02 20:47:14,,,,,,,,,,,,,,,
Waste of money the Laptop — Not what I expected,0,Germany,Laptop,2025-06-28 00:32:25,,,,,,,,,,,,,,,
"I was going to get a Shoes, but changed my mind 👎 @Amazon",0,UK,Shoes,2025-05-20 07:18:24,,,,,,,,,,,,,,,
Absolutely love the Books #MustRead #NewLaunch 🔥,1,India,Books,2025-06-03 03:24:51,,,,,,,,,,,,,,,
I'm going to buy the new Smartwatch soon 💻 #Shopping @Apple,1,Canada,Smartwatch,2025-08-10 09:00:57,,,,,,,,,,,,,,,
Regret buying the Jacket @NorthFace — Not what I expected #Review ☹️,0,USA,Jacket,2024-12-21 15:09:34,,,,,,,,,,,,,,,
Amazing quality the Smartwatch @Fitbit #Unboxing 🔥,1,India,Smartwatch,2025-01-04 03:54:20,,,,,,,,,,,,,,,
So happy with the Phone @Samsung #Sale 🔥,1,USA,Phone,2025-05-18 09:08:22,,,,,,,,,,,,,,,
Absolutely love the Gaming Console @Xbox #Unboxing ✨,1,Germany,Gaming Console,2025-08-15 19:31:44,,,,,,,,,,,,,,,
Fast delivery for the Books 😍,1,UK,Books,2025-08-16 17:58:33,,,,,,,,,,,,,,,
Absolutely love the Bike @Bajaj #Unboxing ✨,1,India,Bike,2024-01-19 04:48:11,,,,,,,,,,,,,,,
Not satisfied with the Phone @Google 💀,0,UK,Phone,2025-03-31 12:51:45,,,,,,,,,,,,,,,
Just ordered my Laptop! Can't wait to try it 😍 @Apple,1,Canada,Laptop,2025-08-28 22:31:25,,,,,,,,,,,,,,,
"Love how the new Smartwatch looks, definitely buying #Tech @Flipkart",1,Australia,Smartwatch,2025-09-29 11:00:50,,,,,,,,,,,,,,,
Five stars for the Smartwatch #Shopping,1,USA,Smartwatch,2024-10-01 04:17:55,,,,,,,,,,,,,,,
The Shoes isn't good enough to buy #MustBuy @Amazon,0,Canada,Shoes,2025-04-13 03:49:12,,,,,,,,,,,,,,,
Fantastic performance the Laptop #NewLaunch 🔥,1,UK,Laptop,2024-11-03 04:35:24,,,,,,,,,,,,,,,
"Love how the new iPhone looks, definitely buying #NewLaunch @Flipkart",1,Australia,iPhone,2025-04-14 01:35:29,,,,,,,,,,,,,,,
Terrible experience with the Laptop @HP — Disappointed #Review,0,India,Laptop,2025-09-19 01:57:12,,,,,,,,,,,,,,,
Would not recommend the Watches @Fossil #NewLaunch 😞,0,Canada,Watches,2025-04-22 12:52:52,,,,,,,,,,,,,,,
Fantastic performance the TV #Sale 😊,1,UK,TV,2024-04-16 07:03:52,,,,,,,,,,,,,,,
Not worth the price the Printer @HP — Disappointed #Review 💀,0,Canada,Printer,2025-06-07 16:48:34,,,,,,,,,,,,,,,
One star for the Cosmetics — Disappointed #Unboxing 💀,0,India,Cosmetics,2025-09-18 17:34:51,,,,,,,,,,,,,,,
One star for the Backpack — Quality is bad #Sale 👎,0,USA,Backpack,2024-08-17 17:55:59,,,,,,,,,,,,,,,
Finally saved up enough to get the Smartwatch! 🔥 @BestBuy,1,UK,Smartwatch,2025-06-20 15:49:47,,,,,,,,,,,,,,,
Fast delivery for the Phone #NewLaunch 😊,1,India,Phone,2025-04-03 16:23:17,,,,,,,,,,,,,,,
Worth every penny the Books #MustRead #Shopping 👍,1,Canada,Books,2025-09-15 04:37:32,,,,,,,,,,,,,,,
Worth every penny the Cosmetics @Sephora #Sale 🔥,1,Germany,Cosmetics,2025-10-19 08:57:37,,,,,,,,,,,,,,,
Highly recommend the Refrigerator #Deal ✨,1,India,Refrigerator,2025-05-08 05:15:11,,,,,,,,,,,,,,,
Regret buying the Furniture — Disappointed #NewLaunch,0,India,Furniture,2024-10-28 17:05:58,,,,,,,,,,,,,,,
So happy with the Refrigerator @Samsung #Shopping 👍,1,UK,Refrigerator,2024-02-07 23:47:21,,,,,,,,,,,,,,,
No plans to buy any Headphones right now #Deal @Sony,0,UK,Headphones,2025-07-31 10:30:47,,,,,,,,,,,,,,,
"The new Laptop is disappointing, won't buy 💀 @Flipkart",0,UK,Laptop,2025-05-20 09:57:36,,,,,,,,,,,,,,,
Five stars for the Backpack @Herschel #Shopping ✨,1,Canada,Backpack,2024-09-23 09:03:53,,,,,,,,,,,,,,,
Amazing quality the Gaming Console #Sale,1,USA,Gaming Console,2025-09-07 05:25:46,,,,,,,,,,,,,,,
Finally saved up enough to get the Laptop! 🛒 @Apple,1,Australia,Laptop,2025-09-25 07:20:59,,,,,,,,,,,,,,,
Worth every penny the Shoes #NewLaunch 😊,1,India,Shoes,2025-08-10 21:51:20,,,,,,,,,,,,,,,
Five stars for the Jacket @NorthFace #Review 😊,1,Canada,Jacket,2024-12-30 11:07:32,,,,,,,,,,,,,,,
Loved this the Bike #Sale 😊,1,India,Bike,2025-06-15 23:36:44,,,,,,,,,,,,,,,
Thinking about buying the iPhone tomorrow #Fashion @Sony,1,Australia,iPhone,2025-06-14 11:22:57,,,,,,,,,,,,,,,
Not worth the price the Printer @HP — Quality is bad 😡,0,Canada,Printer,2024-05-23 23:26:59,,,,,,,,,,,,,,,
Amazing quality the Camera #NewLaunch ✨,1,USA,Camera,2025-05-08 01:14:41,,,,,,,,,,,,,,,
Very disappointed by the Headphones — Disappointed #NewLaunch 😡,0,India,Headphones,2024-12-09 20:25:54,,,,,,,,,,,,,,,
Not satisfied with the Furniture — Quality is bad #Deal 👎,0,Australia,Furniture,2024-06-12 14:02:36,,,,,,,,,,,,,,,
Would not recommend the Refrigerator @Whirlpool — Quality is bad #Unboxing 💀,0,USA,Refrigerator,2025-08-26 05:46:55,,,,,,,,,,,,,,,
Thinking about buying the Shoes tomorrow #Shopping @Flipkart,1,Australia,Shoes,2025-07-29 04:19:37,,,,,,,,,,,,,,,
Regret buying the TV @Samsung #Unboxing,0,Australia,TV,2025-07-02 23:53:22,,,,,,,,,,,,,,,
That Laptop looks amazing — I’m getting one #Sale @Flipkart,1,Australia,Laptop,2025-10-06 02:06:36,,,,,,,,,,,,,,,
The Smartwatch doesn’t seem worth it #NewLaunch @Apple,0,India,Smartwatch,2025-05-16 00:07:14,,,,,,,,,,,,,,,
Not satisfied with the Shoes — Quality is bad,0,India,Shoes,2025-03-06 01:01:45,,,,,,,,,,,,,,,
Great value in the Camera @Sony #Sale ✨,1,India,Camera,2024-06-01 00:26:49,,,,,,,,,,,,,,,
So happy with the Printer @HP 👍,1,UK,Printer,2025-07-28 08:04:55,,,,,,,,,,,,,,,
Planning to get a Headphones this week #MustBuy @Flipkart,1,UK,Headphones,2025-07-08 10:29:34,,,,,,,,,,,,,,,
So happy with the Watches #Sale ✨,1,India,Watches,2025-07-20 10:10:43,,,,,,,,,,,,,,,
That Smartwatch looks amazing — I’m getting one #Deal @Apple,1,Canada,Smartwatch,2025-09-07 15:14:14,,,,,,,,,,,,,,,
Great value in the Smartwatch @Apple #Sale 🔥,1,India,Smartwatch,2024-12-06 02:05:56,,,,,,,,,,,,,,,
Worth every penny the Laptop #Review 🔥,1,Germany,Laptop,2025-09-14 21:05:42,,,,,,,,,,,,,,,
Terrible experience with the Furniture #Unboxing 👎,0,India,Furniture,2025-08-22 05:49:40,,,,,,,,,,,,,,,
Fantastic performance the Laptop @Apple #NewLaunch 😊,1,Germany,Laptop,2024-12-23 00:36:48,,,,,,,,,,,,,,,
Thinking about buying the Headphones tomorrow #NewLaunch @BestBuy,1,India,Headphones,2025-04-24 22:09:21,,,,,,,,,,,,,,,
Absolutely love the Furniture @UrbanLadder #Unboxing 😊,1,Canada,Furniture,2024-05-11 08:38:29,,,,,,,,,,,,,,,
"The new Laptop is disappointing, won't buy 💀 @Sony",0,USA,Laptop,2025-07-31 01:03:21,,,,,,,,,,,,,,,
Fantastic performance the Books #MustRead #Deal 😊,1,India,Books,2025-09-26 04:33:39,,,,,,,,,,,,,,,
Loved this the Headphones @Bose #Sale 🔥,1,USA,Headphones,2024-01-12 02:58:35,,,,,,,,,,,,,,,
Amazing quality the Refrigerator 🔥,1,USA,Refrigerator,2024-11-15 01:14:56,,,,,,,,,,,,,,,
Worth every penny the Tablet @Apple #Review,1,India,Tablet,2025-10-03 08:40:26,,,,,,,,,,,,,,,
Fantastic performance the Laptop #Shopping,1,India,Laptop,2025-10-01 17:49:03,,,,,,,,,,,,,,,
Poor quality the Watches @Rolex #NewLaunch 😡,0,Canada,Watches,2024-05-04 11:00:07,,,,,,,,,,,,,,,
Not satisfied with the Refrigerator 👎,0,India,Refrigerator,2025-06-02 01:43:00,,,,,,,,,,,,,,,
Poor quality the Bike @Hero — Quality is bad #NewLaunch 👎,0,India,Bike,2024-11-23 01:54:59,,,,,,,,,,,,,,,
Late delivery ruined the Backpack — Quality is bad #Unboxing 😡,0,USA,Backpack,2024-05-29 13:17:31,,,,,,,,,,,,,,,
Fantastic performance the TV @Samsung #NewLaunch ✨,1,Canada,TV,2025-02-10 07:40:57,,,,,,,,,,,,,,,
So happy with the Headphones @Bose #Review 👍,1,India,Headphones,2025-06-15 11:39:46,,,,,,,,,,,,,,,
Five stars for the Headphones @Sony #Shopping 😍,1,India,Headphones,2024-02-14 17:23:07,,,,,,,,,,,,,,,
"Not buying the Smartwatch, it's overpriced 💀 @Nike",0,Canada,Smartwatch,2025-06-21 08:09:23,,,,,,,,,,,,,,,
Not interested in purchasing the Smartwatch 😩 @Apple,0,Australia,Smartwatch,2025-08-09 06:01:34,,,,,,,,,,,,,,,
Not worth the price the Bike #Unboxing 👎,0,India,Bike,2024-10-24 02:16:51,,,,,,,,,,,,,,,
So happy with the Bike @RoyalEnfield #NewLaunch 😊,1,UK,Bike,2024-02-16 12:31:30,,,,,,,,,,,,,,,
I don’t think I’ll buy the Headphones anytime soon #Deal @Apple,0,UK,Headphones,2025-06-30 03:43:42,,,,,,,,,,,,,,,
Very disappointed by the Smartwatch @Fitbit — Quality is bad #Sale 💀,0,India,Smartwatch,2025-06-13 19:17:02,,,,,,,,,,,,,,,
Fantastic performance the TV #NewLaunch 😊,1,India,TV,2025-07-19 05:05:55,,,,,,,,,,,,,,,
Fast delivery for the Watches @Fossil #Deal,1,India,Watches,2025-02-20 02:52:55,,,,,,,,,,,,,,,
Highly recommend the Printer @HP #Shopping,1,Australia,Printer,2025-05-11 16:14:39,,,,,,,,,,,,,,,
Too expensive for a iPhone. I'll pass #Shopping @BestBuy,0,India,iPhone,2025-06-06 06:25:22,,,,,,,,,,,,,,,
One star for the Backpack @Wildcraft — Not what I expected #Sale 😡,0,Australia,Backpack,2025-05-12 02:53:27,,,,,,,,,,,,,,,
"Not buying the Laptop, it's overpriced 💀 @Amazon",0,Australia,Laptop,2025-06-06 06:41:54,,,,,,,,,,,,,,,
Waste of money the Refrigerator — Disappointed #NewLaunch ☹️,0,India,Refrigerator,2024-07-09 08:00:23,,,,,,,,,,,,,,,
That Laptop looks amazing — I’m getting one #NewLaunch @Amazon,1,UK,Laptop,2025-06-09 13:04:15,,,,,,,,,,,,,,,
Fast delivery for the Bike 😊,1,USA,Bike,2024-10-17 16:03:51,,,,,,,,,,,,,,,
Would not recommend the Cosmetics — Quality is bad #Review 😡,0,India,Cosmetics,2024-09-11 11:54:37,,,,,,,,,,,,,,,
Poor quality the Headphones @Sony — Not what I expected #Sale 😞,0,USA,Headphones,2024-02-13 21:30:02,,,,,,,,,,,,,,,
Poor quality the Shoes @Puma — Quality is bad #Deal,0,India,Shoes,2024-04-21 16:05:25,,,,,,,,,,,,,,,
Terrible experience with the Cosmetics — Quality is bad #Unboxing 😡,0,Canada,Cosmetics,2025-11-09 09:59:56,,,,,,,,,,,,,,,
Amazing quality the Laptop @Apple #NewLaunch,1,India,Laptop,2024-03-29 17:31:56,,,,,,,,,,,,,,,
I'm going to buy the new Headphones soon 🔥 #MustBuy @Apple,1,Canada,Headphones,2025-08-10 09:34:38,,,,,,,,,,,,,,,
No plans to buy any Headphones right now #Sale @Flipkart,0,UK,Headphones,2025-07-29 16:24:09,,,,,,,,,,,,,,,
Just ordered my Headphones! Can't wait to try it 🛒 @BestBuy,1,India,Headphones,2025-08-11 09:27:49,,,,,,,,,,,,,,,
The Shoes isn't good enough to buy #Sale @BestBuy,0,Australia,Shoes,2025-08-13 11:54:15,,,,,,,,,,,,,,,
Fantastic performance the Camera @Sony #Review ✨,1,India,Camera,2024-07-14 03:26:28,,,,,,,,,,,,,,,
Really excited to purchase the latest Headphones 📱 @Flipkart,1,UK,Headphones,2025-04-29 15:54:52,,,,,,,,,,,,,,,
Fantastic performance the Furniture @UrbanLadder #Shopping 😍,1,USA,Furniture,2024-01-01 11:46:44,,,,,,,,,,,,,,,
"Can't resist, the Smartwatch deal is too good 🛒 @Flipkart",1,India,Smartwatch,2025-08-25 18:55:57,,,,,,,,,,,,,,,
Fantastic performance the Smartwatch @Fitbit #Deal 😊,1,Canada,Smartwatch,2025-03-24 04:52:10,,,,,,,,,,,,,,,
So happy with the Headphones #Deal,1,India,Headphones,2024-08-15 01:47:20,,,,,,,,,,,,,,,
Waste of money the Watches @Fossil #Sale ☹️,0,USA,Watches,2025-02-12 21:42:41,,,,,,,,,,,,,,,
Very disappointed by the Bike @Hero — Disappointed #NewLaunch 👎,0,India,Bike,2024-01-19 20:32:13,,,,,,,,,,,,,,,
Waste of money the Printer @HP — Disappointed #Review 😡,0,India,Printer,2025-09-20 04:02:46,,,,,,,,,,,,,,,
Fast delivery for the Headphones @Jabra #Unboxing 😍,1,India,Headphones,2024-09-18 13:44:34,,,,,,,,,,,,,,,
Fantastic performance the Jacket @Zara,1,India,Jacket,2024-02-07 14:24:50,,,,,,,,,,,,,,,
"Love how the new Shoes looks, definitely buying #Sale @Amazon",1,UK,Shoes,2025-07-23 11:12:29,,,,,,,,,,,,,,,
Late delivery ruined the Tablet #NewLaunch ☹️,0,India,Tablet,2025-08-25 20:54:23,,,,,,,,,,,,,,,
Waste of money the Phone @Apple — Quality is bad #Review ☹️,0,India,Phone,2025-03-02 06:22:28,,,,,,,,,,,,,,,
Amazing quality the Smartwatch @Samsung #Sale 😍,1,Australia,Smartwatch,2024-12-28 22:30:56,,,,,,,,,,,,,,,
Not worth the price the Shoes — Disappointed #Sale 😡,0,India,Shoes,2025-07-29 23:04:39,,,,,,,,,,,,,,,
Five stars for the Furniture @Ikea #Deal 😍,1,Australia,Furniture,2024-11-13 13:49:55,,,,,,,,,,,,,,,
Amazing quality the Refrigerator #Sale 🔥,1,Germany,Refrigerator,2025-07-07 01:57:47,,,,,,,,,,,,,,,
Not satisfied with the Furniture @UrbanLadder #Unboxing 😡,0,India,Furniture,2025-02-21 09:07:42,,,,,,,,,,,,,,,
No plans to buy any Shoes right now #Offer @Sony,0,Australia,Shoes,2025-08-15 09:19:08,,,,,,,,,,,,,,,
Thinking about buying the Smartwatch tomorrow #Deal @Flipkart,1,India,Smartwatch,2025-05-28 16:02:38,,,,,,,,,,,,,,,
I don’t think I’ll buy the Shoes anytime soon #Shopping @Sony,0,Australia,Shoes,2025-06-20 04:48:25,,,,,,,,,,,,,,,
Really excited to purchase the latest Smartwatch 🛒 @Nike,1,India,Smartwatch,2025-04-23 14:22:37,,,,,,,,,,,,,,,
"Got my eyes on the Headphones, purchasing soon 💸 @Amazon",1,UK,Headphones,2025-07-17 11:28:21,,,,,,,,,,,,,,,
So happy with the Backpack @Herschel #Unboxing 😊,1,India,Backpack,2025-03-27 16:24:40,,,,,,,,,,,,,,,
I don’t think I’ll buy the Shoes anytime soon #Offer @Apple,0,Canada,Shoes,2025-06-21 15:41:02,,,,,,,,,,,,,,,
Amazing quality the Watches #Review 😍,1,India,Watches,2024-05-19 15:34:36,,,,,,,,,,,,,,,
"Not buying the Headphones, it's overpriced 😤 @Flipkart",0,Canada,Headphones,2025-09-10 11:57:22,,,,,,,,,,,,,,,
No plans to buy any Headphones right now #Fashion @Apple,0,Australia,Headphones,2025-08-11 23:35:34,,,,,,,,,,,,,,,
Regret buying the Smartwatch @Apple — Disappointed #Shopping 😡,0,Australia,Smartwatch,2025-09-16 00:40:44,,,,,,,,,,,,,,,
One star for the Furniture @UrbanLadder — Not what I expected #Sale 💀,0,Germany,Furniture,2024-01-21 08:44:12,,,,,,,,,,,,,,,
Not interested in purchasing the Headphones 😐 @Apple,0,Canada,Headphones,2025-07-04 18:46:13,,,,,,,,,,,,,,,
Would not recommend the Tablet — Disappointed #NewLaunch 😡,0,UK,Tablet,2024-12-20 14:29:52,,,,,,,,,,,,,,,
No plans to buy any Laptop right now #Shopping @Amazon,0,India,Laptop,2025-06-09 09:25:08,,,,,,,,,,,,,,,
Not interested in purchasing the Shoes 😒 @Apple,0,UK,Shoes,2025-07-12 14:46:05,,,,,,,,,,,,,,,
Amazing quality the Jacket #NewLaunch 🔥,1,Australia,Jacket,2024-07-12 11:37:51,,,,,,,,,,,,,,,
Loved this the Phone @OnePlus #NewLaunch 😊,1,UK,Phone,2025-10-26 10:01:04,,,,,,,,,,,,,,,
Late delivery ruined the Jacket @NorthFace #NewLaunch,0,Germany,Jacket,2024-04-20 04:44:06,,,,,,,,,,,,,,,
Waste of money the Printer @HP #Shopping 💀,0,UK,Printer,2024-10-30 10:50:58,,,,,,,,,,,,,,,
"Not buying the Laptop, it's overpriced 😒 @Sony",0,USA,Laptop,2025-05-28 05:23:36,,,,,,,,,,,,,,,
Absolutely love the Headphones #Sale 😊,1,India,Headphones,2025-03-24 11:59:31,,,,,,,,,,,,,,,
The Smartwatch doesn’t seem worth it #Deal @Apple,0,India,Smartwatch,2025-07-09 05:51:26,,,,,,,,,,,,,,,
One star for the Backpack @Wildcraft — Not what I expected ☹️,0,India,Backpack,2025-02-12 10:40:32,,,,,,,,,,,,,,,
Late delivery ruined the Gaming Console @Nintendo ☹️,0,Australia,Gaming Console,2024-03-23 01:10:32,,,,,,,,,,,,,,,
Finally saved up enough to get the iPhone! 😍 @BestBuy,1,USA,iPhone,2025-05-01 06:10:38,,,,,,,,,,,,,,,
Waste of money the TV — Quality is bad #Shopping 👎,0,India,TV,2024-07-08 06:31:41,,,,,,,,,,,,,,,
Five stars for the Tablet @Apple #Deal 😊,1,India,Tablet,2024-02-20 00:42:48,,,,,,,,,,,,,,,
Not worth the price the Watches — Quality is bad #Shopping 👎,0,USA,Watches,2025-09-03 02:12:51,,,,,,,,,,,,,,,
Skipping the Laptop this time 💀 @Amazon,0,Australia,Laptop,2025-08-27 03:25:06,,,,,,,,,,,,,,,
The Shoes isn't good enough to buy #MustBuy @Sony,0,Australia,Shoes,2025-04-21 22:31:54,,,,,,,,,,,,,,,
Would not recommend the Cosmetics @Nykaa — Not what I expected #Unboxing ☹️,0,India,Cosmetics,2025-01-04 20:14:09,,,,,,,,,,,,,,,
"The new Headphones is disappointing, won't buy 👎 @Amazon",0,India,Headphones,2025-06-11 20:43:16,,,,,,,,,,,,,,,
No plans to buy any Laptop right now #Fashion @Amazon,0,USA,Laptop,2025-10-05 12:46:13,,,,,,,,,,,,,,,
No plans to buy any Headphones right now #MustBuy @Sony,0,Canada,Headphones,2025-07-05 15:03:03,,,,,,,,,,,,,,,
Would not recommend the Camera @Canon — Not what I expected #Unboxing,0,Canada,Camera,2024-05-05 06:00:20,,,,,,,,,,,,,,,
Five stars for the Shoes #Sale 😊,1,UK,Shoes,2025-01-02 17:43:05,,,,,,,,,,,,,,,
Worth every penny the Jacket #Unboxing 😊,1,USA,Jacket,2025-06-02 12:34:41,,,,,,,,,,,,,,,
Highly recommend the Camera #Deal 😊,1,India,Camera,2025-05-10 11:00:01,,,,,,,,,,,,,,,
Fantastic performance the Smartwatch #Shopping 😊,1,UK,Smartwatch,2024-07-24 23:55:05,,,,,,,,,,,,,,,
Regret buying the Headphones @Jabra — Not what I expected #Deal 👎,0,India,Headphones,2025-08-28 00:30:57,,,,,,,,,,,,,,,
"Can't resist, the Laptop deal is too good 💸 @Sony",1,UK,Laptop,2025-05-20 13:29:16,,,,,,,,,,,,,,,
Fast delivery for the Backpack #Review 😍,1,USA,Backpack,2024-06-03 06:31:27,,,,,,,,,,,,,,,
So happy with the Cosmetics @Sephora #Deal 🔥,1,UK,Cosmetics,2025-05-17 17:09:12,,,,,,,,,,,,,,,
Highly recommend the Watches @Titan #Deal 🔥,1,UK,Watches,2024-05-28 03:57:27,,,,,,,,,,,,,,,
Five stars for the Smartwatch @Samsung 😊,1,Canada,Smartwatch,2025-02-22 19:38:10,,,,,,,,,,,,,,,
Would not recommend the Books #BookTok — Disappointed #Deal 😞,0,UK,Books,2024-04-30 00:20:13,,,,,,,,,,,,,,,
The Headphones isn't good enough to buy #Sale @Amazon,0,Canada,Headphones,2025-04-18 01:55:37,,,,,,,,,,,,,,,
I don’t think I’ll buy the Shoes anytime soon #Deal @Flipkart,0,USA,Shoes,2025-09-04 01:14:18,,,,,,,,,,,,,,,
Regret buying the Gaming Console @Xbox #Unboxing,0,Canada,Gaming Console,2024-08-10 17:45:46,,,,,,,,,,,,,,,
Fast delivery for the Phone @Apple #Shopping 🔥,1,India,Phone,2024-11-03 21:15:28,,,,,,,,,,,,,,,
Planning to get a iPhone this week #Shopping @Amazon,1,UK,iPhone,2025-09-21 17:32:09,,,,,,,,,,,,,,,
Not worth the price the Books #BookTok — Disappointed #Unboxing 😡,0,USA,Books,2025-05-17 00:25:59,,,,,,,,,,,,,,,
Thinking about buying the iPhone tomorrow #Tech @BestBuy,1,UK,iPhone,2025-06-20 19:24:36,,,,,,,,,,,,,,,
Late delivery ruined the Furniture @UrbanLadder #Shopping ☹️,0,India,Furniture,2024-11-04 23:13:16,,,,,,,,,,,,,,,
That Smartwatch looks amazing — I’m getting one #Deal @Apple,1,Australia,Smartwatch,2025-10-01 13:08:42,,,,,,,,,,,,,,,
Worth every penny the Furniture #Sale 😍,1,Canada,Furniture,2024-04-14 22:42:23,,,,,,,,,,,,,,,
Fast delivery for the Watches #NewLaunch 😍,1,India,Watches,2024-03-09 09:33:12,,,,,,,,,,,,,,,
One star for the Tablet @Samsung — Disappointed #Unboxing 😞,0,India,Tablet,2025-10-26 16:46:03,,,,,,,,,,,,,,,
Terrible experience with the TV @LG — Not what I expected #Review 💀,0,USA,TV,2024-06-09 14:14:05,,,,,,,,,,,,,,,
Very disappointed by the Smartwatch @Fitbit ☹️,0,UK,Smartwatch,2025-06-02 17:52:20,,,,,,,,,,,,,,,
So happy with the Backpack @Herschel #Deal 🔥,1,USA,Backpack,2025-05-09 20:16:41,,,,,,,,,,,,,,,
Waste of money the Headphones @Sony — Quality is bad #Shopping 👎,0,Australia,Headphones,2025-06-20 01:49:55,,,,,,,,,,,,,,,
"Can't resist, the Shoes deal is too good 💸 @Flipkart",1,India,Shoes,2025-05-17 15:03:24,,,,,,,,,,,,,,,
Highly recommend the Refrigerator @Whirlpool #NewLaunch 🔥,1,Canada,Refrigerator,2025-07-29 11:41:01,,,,,,,,,,,,,,,
Would not recommend the Furniture — Quality is bad #NewLaunch 😡,0,India,Furniture,2025-07-17 21:24:14,,,,,,,,,,,,,,,
The Smartwatch isn't good enough to buy #Deal @BestBuy,0,Canada,Smartwatch,2025-05-14 17:33:49,,,,,,,,,,,,,,,
So happy with the Printer ✨,1,India,Printer,2025-07-20 22:54:04,,,,,,,,,,,,,,,
Poor quality the Shoes @Adidas — Disappointed #Shopping 😞,0,India,Shoes,2025-03-04 19:05:42,,,,,,,,,,,,,,,
Poor quality the Bike — Quality is bad #NewLaunch,0,India,Bike,2024-03-05 12:56:49,,,,,,,,,,,,,,,
Absolutely love the TV #Sale 👍,1,USA,TV,2024-06-04 15:12:10,,,,,,,,,,,,,,,
Poor quality the Laptop — Quality is bad 😞,0,Australia,Laptop,2025-04-16 03:12:24,,,,,,,,,,,,,,,
Amazing quality the Gaming Console @Xbox #Unboxing 👍,1,UK,Gaming Console,2024-07-22 04:21:09,,,,,,,,,,,,,,,
Not satisfied with the Books #MustRead #Deal 😡,0,India,Books,2025-03-02 00:36:27,,,,,,,,,,,,,,,
Terrible experience with the Bike — Quality is bad #Review 👎,0,India,Bike,2025-07-15 02:54:01,,,,,,,,,,,,,,,
Finally saved up enough to get the Shoes! 💸 @Amazon,1,Canada,Shoes,2025-09-11 09:21:38,,,,,,,,,,,,,,,
One star for the Phone — Not what I expected #Sale 😞,0,India,Phone,2025-07-26 21:44:03,,,,,,,,,,,,,,,
"Can't resist, the Headphones deal is too good 💸 @Apple",1,UK,Headphones,2025-08-06 18:54:13,,,,,,,,,,,,,,,
Really excited to purchase the latest Smartwatch 💸 @Nike,1,Australia,Smartwatch,2025-09-24 07:52:12,,,,,,,,,,,,,,,
One star for the Headphones @Jabra — Not what I expected #Deal,0,USA,Headphones,2025-07-14 05:41:36,,,,,,,,,,,,,,,
Late delivery ruined the Tablet @Samsung #Unboxing 😞,0,USA,Tablet,2024-03-14 04:48:31,,,,,,,,,,,,,,,
Fast delivery for the Tablet @Apple #Deal,1,India,Tablet,2025-08-11 05:55:46,,,,,,,,,,,,,,,
"Love how the new Headphones looks, definitely buying #Offer @Nike",1,Australia,Headphones,2025-06-01 14:50:24,,,,,,,,,,,,,,,
That iPhone looks amazing — I’m getting one #Tech @Apple,1,UK,iPhone,2025-06-02 02:39:39,,,,,,,,,,,,,,,
Late delivery ruined the Jacket @NorthFace — Not what I expected #Shopping 💀,0,India,Jacket,2024-06-03 13:36:19,,,,,,,,,,,,,,,
Terrible experience with the Jacket @Zara — Quality is bad #Deal 😞,0,India,Jacket,2024-05-26 07:17:11,,,,,,,,,,,,,,,
Regret buying the Shoes #Review 💀,0,Canada,Shoes,2025-09-03 12:25:59,,,,,,,,,,,,,,,
Highly recommend the Bike #NewLaunch 👍,1,Australia,Bike,2025-07-29 21:39:17,,,,,,,,,,,,,,,
Great value in the Jacket @H&M #Unboxing 😍,1,USA,Jacket,2025-01-16 15:07:10,,,,,,,,,,,,,,,
Waste of money the Headphones @Jabra — Disappointed #NewLaunch 😞,0,India,Headphones,2025-02-03 22:41:33,,,,,,,,,,,,,,,
Thinking about buying the Laptop tomorrow #Sale @Apple,1,UK,Laptop,2025-10-05 12:51:05,,,,,,,,,,,,,,,
Worth every penny the Jacket 🔥,1,USA,Jacket,2024-05-25 23:20:10,,,,,,,,,,,,,,,
So happy with the Gaming Console @Nintendo #Deal,1,Australia,Gaming Console,2025-07-11 08:22:20,,,,,,,,,,,,,,,
Great value in the Laptop @Apple,1,India,Laptop,2024-07-30 17:27:25,,,,,,,,,,,,,,,
Fantastic performance the Bike @RoyalEnfield #NewLaunch 🔥,1,USA,Bike,2025-05-16 17:02:09,,,,,,,,,,,,,,,
Absolutely love the Printer @HP #Sale ✨,1,Australia,Printer,2025-05-27 15:00:27,,,,,,,,,,,,,,,
"The new Shoes is disappointing, won't buy 😒 @Amazon",0,Canada,Shoes,2025-05-01 20:47:41,,,,,,,,,,,,,,,
Planning to get a Shoes this week #Sale @BestBuy,1,India,Shoes,2025-09-03 23:33:20,,,,,,,,,,,,,,,
Poor quality the Furniture @Ikea #NewLaunch 😞,0,UK,Furniture,2025-04-24 16:12:26,,,,,,,,,,,,,,,
One star for the Printer — Quality is bad #Deal 😡,0,Canada,Printer,2024-08-27 23:10:33,,,,,,,,,,,,,,,
Great value in the Watches @Fossil #Sale 🔥,1,India,Watches,2025-05-07 06:19:36,,,,,,,,,,,,,,,
Poor quality the Furniture @Ikea #NewLaunch ☹️,0,USA,Furniture,2025-01-31 22:23:33,,,,,,,,,,,,,,,
Great value in the Headphones #Deal 🔥,1,USA,Headphones,2024-02-22 16:08:43,,,,,,,,,,,,,,,
Late delivery ruined the Cosmetics @Sephora — Disappointed #Shopping 💀,0,UK,Cosmetics,2024-04-22 13:54:04,,,,,,,,,,,,,,,
That Smartwatch looks amazing — I’m getting one #Shopping @Sony,1,India,Smartwatch,2025-04-25 08:25:43,,,,,,,,,,,,,,,
Worth every penny the Laptop @Apple #Unboxing,1,Canada,Laptop,2024-10-08 20:06:33,,,,,,,,,,,,,,,
Fantastic performance the Bike @RoyalEnfield #Unboxing,1,Australia,Bike,2024-04-19 09:58:31,,,,,,,,,,,,,,,
Worth every penny the Cosmetics @Nykaa #Deal,1,India,Cosmetics,2025-10-12 11:40:57,,,,,,,,,,,,,,,
Fast delivery for the Gaming Console #NewLaunch 👍,1,Germany,Gaming Console,2024-03-11 02:21:33,,,,,,,,,,,,,,,
Waste of money the Backpack @Wildcraft — Not what I expected #Unboxing 👎,0,India,Backpack,2025-03-17 11:29:38,,,,,,,,,,,,,,,
Fantastic performance the Camera #Deal 🔥,1,Germany,Camera,2025-08-30 19:22:25,,,,,,,,,,,,,,,
No plans to buy any Smartwatch right now #Sale @BestBuy,0,Australia,Smartwatch,2025-04-12 16:05:55,,,,,,,,,,,,,,,
Loved this the Gaming Console @Nintendo #Sale 😍,1,India,Gaming Console,2025-10-02 20:00:03,,,,,,,,,,,,,,,
Would not recommend the Gaming Console @Nintendo #Review 💀,0,India,Gaming Console,2024-08-13 19:05:49,,,,,,,,,,,,,,,
Not worth the price the Shoes @Nike — Disappointed #Sale 😞,0,India,Shoes,2024-05-26 10:51:54,,,,,,,,,,,,,,,
Too expensive for a Shoes. I'll pass #Sale @Nike,0,India,Shoes,2025-05-21 21:02:24,,,,,,,,,,,,,,,
Terrible experience with the Furniture @UrbanLadder — Not what I expected #Shopping,0,UK,Furniture,2024-10-05 01:41:17,,,,,,,,,,,,,,,
Not satisfied with the Books — Disappointed ☹️,0,India,Books,2025-05-18 08:27:39,,,,,,,,,,,,,,,
Poor quality the Backpack @Wildcraft — Quality is bad 😡,0,Australia,Backpack,2025-05-18 07:02:05,,,,,,,,,,,,,,,
Absolutely love the Books #NewLaunch ✨,1,UK,Books,2025-02-18 20:37:42,,,,,,,,,,,,,,,
Late delivery ruined the Backpack — Not what I expected #Shopping,0,Australia,Backpack,2024-12-09 02:11:39,,,,,,,,,,,,,,,
So happy with the Furniture @UrbanLadder #Deal 😊,1,UK,Furniture,2024-09-07 18:38:33,,,,,,,,,,,,,,,
"The new Shoes is disappointing, won't buy 😒 @Sony",0,India,Shoes,2025-05-13 13:55:03,,,,,,,,,,,,,,,
So happy with the Printer #Review 😍,1,USA,Printer,2024-04-08 23:34:22,,,,,,,,,,,,,,,
"Love how the new Smartwatch looks, definitely buying #Deal @Sony",1,Canada,Smartwatch,2025-08-22 03:27:23,,,,,,,,,,,,,,,
Regret buying the Shoes @Puma — Disappointed #Unboxing 💀,0,India,Shoes,2024-07-08 22:46:43,,,,,,,,,,,,,,,
Fantastic performance the Phone #Shopping,1,UK,Phone,2024-07-29 21:04:43,,,,,,,,,,,,,,,
Planning to get a Headphones this week #Shopping @Nike,1,UK,Headphones,2025-07-18 04:27:55,,,,,,,,,,,,,,,
Very disappointed by the Gaming Console — Not what I expected #Shopping 👎,0,India,Gaming Console,2025-06-05 03:56:05,,,,,,,,,,,,,,,
"Not buying the iPhone, it's overpriced 👎 @BestBuy",0,India,iPhone,2025-10-06 00:25:44,,,,,,,,,,,,,,,
Worth every penny the Furniture @Ikea #Deal 😍,1,Canada,Furniture,2024-11-12 11:49:54,,,,,,,,,,,,,,,
Thinking about buying the Headphones tomorrow #Deal @Amazon,1,Australia,Headphones,2025-05-03 16:05:06,,,,,,,,,,,,,,,
The Smartwatch doesn’t seem worth it #Sale @Amazon,0,UK,Smartwatch,2025-09-08 21:14:29,,,,,,,,,,,,,,,
Worth every penny the Tablet @Samsung #Shopping,1,Australia,Tablet,2025-03-09 08:06:16,,,,,,,,,,,,,,,
Just ordered my Headphones! Can't wait to try it 💻 @Sony,1,USA,Headphones,2025-07-06 04:15:14,,,,,,,,,,,,,,,
Waste of money the Gaming Console @Nintendo #Sale ☹️,0,India,Gaming Console,2024-10-06 10:02:22,,,,,,,,,,,,,,,
"I was going to get a Laptop, but changed my mind 💀 @Flipkart",0,Australia,Laptop,2025-07-23 01:33:53,,,,,,,,,,,,,,,
Regret buying the Backpack — Quality is bad #NewLaunch 😡,0,USA,Backpack,2025-06-15 15:35:39,,,,,,,,,,,,,,,
So happy with the Shoes @Puma #Shopping 🔥,1,Germany,Shoes,2024-05-17 12:58:36,,,,,,,,,,,,,,,
Late delivery ruined the Smartwatch 😞,0,Canada,Smartwatch,2024-01-09 05:08:41,,,,,,,,,,,,,,,
Highly recommend the Phone @Apple #Unboxing 😍,1,USA,Phone,2024-04-16 13:48:47,,,,,,,,,,,,,,,
One star for the Books #BookTok — Quality is bad #Unboxing 😞,0,India,Books,2025-03-31 07:25:03,,,,,,,,,,,,,,,
Poor quality the Refrigerator — Disappointed #Unboxing ☹️,0,India,Refrigerator,2025-06-13 19:51:38,,,,,,,,,,,,,,,
Late delivery ruined the Books — Disappointed #Shopping 💀,0,UK,Books,2025-09-20 03:06:47,,,,,,,,,,,,,,,
Regret buying the Cosmetics #Unboxing,0,Canada,Cosmetics,2025-07-02 04:36:14,,,,,,,,,,,,,,,
Five stars for the TV #Review,1,UK,TV,2024-04-05 16:32:59,,,,,,,,,,,,,,,
Planning to get a iPhone this week #Offer @Amazon,1,Australia,iPhone,2025-10-07 06:32:53,,,,,,,,,,,,,,,
Not worth the price the Cosmetics — Not what I expected #Sale,0,Australia,Cosmetics,2025-05-29 15:59:15,,,,,,,,,,,,,,,
Absolutely love the Jacket #Review ✨,1,USA,Jacket,2025-07-18 02:00:01,,,,,,,,,,,,,,,
Planning to get a iPhone this week #Tech @Flipkart,1,India,iPhone,2025-07-06 16:43:03,,,,,,,,,,,,,,,
Finally saved up enough to get the iPhone! 🔥 @Apple,1,India,iPhone,2025-07-16 11:36:28,,,,,,,,,,,,,,,
Absolutely love the Smartwatch @Apple #NewLaunch 😊,1,India,Smartwatch,2024-02-04 11:57:57,,,,,,,,,,,,,,,
"The new iPhone is disappointing, won't buy 😐 @Nike",0,UK,iPhone,2025-05-23 09:17:31,,,,,,,,,,,,,,,
Worth every penny the Bike @RoyalEnfield #NewLaunch ✨,1,India,Bike,2025-09-30 18:58:10,,,,,,,,,,,,,,,
Poor quality the Headphones @Jabra — Quality is bad 👎,0,India,Headphones,2025-04-28 13:07:36,,,,,,,,,,,,,,,
Very disappointed by the Printer @HP — Disappointed 😞,0,UK,Printer,2025-03-29 23:16:49,,,,,,,,,,,,,,,
Highly recommend the Smartwatch #NewLaunch ✨,1,Germany,Smartwatch,2024-04-10 13:23:40,,,,,,,,,,,,,,,
Highly recommend the Headphones #Review 👍,1,India,Headphones,2025-11-12 00:06:31,,,,,,,,,,,,,,,
Terrible experience with the Shoes — Disappointed #Deal,0,USA,Shoes,2025-08-05 08:01:47,,,,,,,,,,,,,,,
"Can't resist, the Shoes deal is too good 💻 @Apple",1,UK,Shoes,2025-05-06 20:08:02,,,,,,,,,,,,,,,
Finally saved up enough to get the iPhone! 😍 @BestBuy,1,Australia,iPhone,2025-09-11 23:36:26,,,,,,,,,,,,,,,
Very disappointed by the Headphones — Not what I expected,0,Canada,Headphones,2024-02-03 04:49:55,,,,,,,,,,,,,,,
Very disappointed by the Backpack @Herschel — Quality is bad ☹️,0,India,Backpack,2024-11-05 08:58:28,,,,,,,,,,,,,,,
The Headphones doesn’t seem worth it #Shopping @Apple,0,USA,Headphones,2025-07-10 07:43:57,,,,,,,,,,,,,,,
"Not buying the Headphones, it's overpriced 👎 @BestBuy",0,USA,Headphones,2025-08-08 14:14:00,,,,,,,,,,,,,,,
Poor quality the Phone #Unboxing 💀,0,India,Phone,2025-05-07 01:45:53,,,,,,,,,,,,,,,
Loved this the Printer #Sale,1,India,Printer,2025-01-14 17:39:28,,,,,,,,,,,,,,,
Fantastic performance the Backpack @Herschel #Shopping 😍,1,UK,Backpack,2024-03-31 14:05:48,,,,,,,,,,,,,,,
I'm going to buy the new Smartwatch soon 💸 #Offer @Nike,1,USA,Smartwatch,2025-09-16 16:19:00,,,,,,,,,,,,,,,
Very disappointed by the Jacket — Disappointed #Review 😞,0,India,Jacket,2025-06-04 03:49:34,,,,,,,,,,,,,,,
I'm going to buy the new iPhone soon 🔥 #Shopping @Amazon,1,UK,iPhone,2025-09-13 01:57:51,,,,,,,,,,,,,,,
Regret buying the Laptop — Disappointed #NewLaunch ☹️,0,Canada,Laptop,2024-07-31 04:11:56,,,,,,,,,,,,,,,
Highly recommend the Smartwatch @Fitbit #Sale ✨,1,Canada,Smartwatch,2025-11-11 09:56:18,,,,,,,,,,,,,,,
Fantastic performance the Cosmetics #NewLaunch ✨,1,Germany,Cosmetics,2024-08-07 12:54:40,,,,,,,,,,,,,,,
Waste of money the Smartwatch — Disappointed 😡,0,USA,Smartwatch,2025-09-27 04:04:20,,,,,,,,,,,,,,,
Terrible experience with the TV @Sony — Not what I expected #Review,0,India,TV,2025-08-01 08:40:51,,,,,,,,,,,,,,,
Just ordered my Smartwatch! Can't wait to try it 🔥 @BestBuy,1,UK,Smartwatch,2025-07-17 03:04:28,,,,,,,,,,,,,,,
Just ordered my Laptop! Can't wait to try it 💸 @Nike,1,USA,Laptop,2025-06-14 19:37:09,,,,,,,,,,,,,,,
I don’t think I’ll buy the Smartwatch anytime soon #Shopping @Flipkart,0,Canada,Smartwatch,2025-06-28 22:16:40,,,,,,,,,,,,,,,
Thinking about buying the Laptop tomorrow #Fashion @Sony,1,India,Laptop,2025-08-21 12:34:57,,,,,,,,,,,,,,,
Fast delivery for the Backpack #NewLaunch 😊,1,Australia,Backpack,2024-05-09 23:02:08,,,,,,,,,,,,,,,
Late delivery ruined the Furniture @UrbanLadder #Unboxing 👎,0,India,Furniture,2025-05-08 12:47:15,,,,,,,,,,,,,,,
Fantastic performance the Bike @Hero #Unboxing,1,Canada,Bike,2024-03-19 18:19:40,,,,,,,,,,,,,,,
Fantastic performance the Backpack @Wildcraft #NewLaunch ✨,1,Canada,Backpack,2025-03-26 03:41:44,,,,,,,,,,,,,,,
Loved this the Bike @RoyalEnfield #NewLaunch ✨,1,USA,Bike,2024-04-30 09:25:28,,,,,,,,,,,,,,,
Not worth the price the Tablet @Apple — Quality is bad #Review 💀,0,India,Tablet,2024-08-23 15:58:31,,,,,,,,,,,,,,,
"The new Shoes is disappointing, won't buy 😤 @Amazon",0,UK,Shoes,2025-09-24 21:55:01,,,,,,,,,,,,,,,
Terrible experience with the Headphones — Quality is bad #Sale 😞,0,India,Headphones,2024-12-05 01:24:45,,,,,,,,,,,,,,,
"Love how the new Shoes looks, definitely buying #Fashion @Amazon",1,USA,Shoes,2025-09-30 23:43:35,,,,,,,,,,,,,,,
Not satisfied with the Cosmetics @Nykaa — Quality is bad #Deal ☹️,0,India,Cosmetics,2025-04-08 14:14:01,,,,,,,,,,,,,,,
No plans to buy any Smartwatch right now #Shopping @BestBuy,0,USA,Smartwatch,2025-09-11 08:03:48,,,,,,,,,,,,,,,
Amazing quality the Shoes @Puma #Sale 😍,1,USA,Shoes,2025-05-06 09:39:51,,,,,,,,,,,,,,,
Great value in the Cosmetics @Nykaa #NewLaunch,1,India,Cosmetics,2025-05-27 16:45:24,,,,,,,,,,,,,,,
Highly recommend the Laptop #Sale ✨,1,India,Laptop,2024-08-04 07:11:32,,,,,,,,,,,,,,,
"Not buying the Shoes, it's overpriced 👎 @Nike",0,India,Shoes,2025-04-25 03:21:16,,,,,,,,,,,,,,,
Waste of money the Refrigerator @LG — Disappointed #Deal 👎,0,Canada,Refrigerator,2025-07-14 05:20:06,,,,,,,,,,,,,,,
"Not buying the Smartwatch, it's overpriced 😒 @Nike",0,India,Smartwatch,2025-07-01 15:19:15,,,,,,,,,,,,,,,
Absolutely love the Phone @Samsung #Unboxing 👍,1,India,Phone,2024-10-29 19:54:21,,,,,,,,,,,,,,,
Five stars for the Books #MustRead ✨,1,USA,Books,2025-08-12 08:14:26,,,,,,,,,,,,,,,
Fantastic performance the TV #NewLaunch 😊,1,India,TV,2024-09-12 00:48:52,,,,,,,,,,,,,,,
Just ordered my Laptop! Can't wait to try it 💸 @Flipkart,1,USA,Laptop,2025-08-28 22:06:32,,,,,,,,,,,,,,,
Skipping the Laptop this time 😐 @Nike,0,Canada,Laptop,2025-08-03 20:50:11,,,,,,,,,,,,,,,
Fantastic performance the Headphones @Jabra #Shopping 😍,1,Australia,Headphones,2024-12-05 11:54:56,,,,,,,,,,,,,,,
I don’t think I’ll buy the Headphones anytime soon #Offer @Nike,0,Australia,Headphones,2025-07-19 10:39:39,,,,,,,,,,,,,,,
Great value in the Laptop #Shopping,1,India,Laptop,2025-07-11 11:01:30,,,,,,,,,,,,,,,
Not worth the price the Cosmetics @Nykaa — Not what I expected #Shopping 😞,0,India,Cosmetics,2024-06-08 01:03:13,,,,,,,,,,,,,,,
Thinking about buying the Laptop tomorrow #Tech @Nike,1,India,Laptop,2025-04-27 19:06:41,,,,,,,,,,,,,,,
One star for the Cosmetics — Not what I expected #NewLaunch,0,UK,Cosmetics,2025-10-10 23:03:49,,,,,,,,,,,,,,,
Worth every penny the Refrigerator #NewLaunch 😊,1,UK,Refrigerator,2025-03-18 07:55:05,,,,,,,,,,,,,,,
Great value in the Shoes @Nike #Review ✨,1,Germany,Shoes,2025-08-18 01:36:28,,,,,,,,,,,,,,,
Would not recommend the Refrigerator @Whirlpool #Review 😡,0,India,Refrigerator,2025-03-20 03:00:34,,,,,,,,,,,,,,,
The Laptop doesn’t seem worth it #NewLaunch @Sony,0,UK,Laptop,2025-05-03 10:56:33,,,,,,,,,,,,,,,
Loved this the TV @LG #Shopping 😊,1,UK,TV,2024-02-01 02:44:52,,,,,,,,,,,,,,,
Regret buying the Phone @Google — Quality is bad #Review ☹️,0,USA,Phone,2024-02-08 03:01:20,,,,,,,,,,,,,,,
Loved this the Phone @OnePlus 🔥,1,Germany,Phone,2024-01-05 20:38:57,,,,,,,,,,,,,,,
One star for the Furniture — Not what I expected #Shopping 😡,0,India,Furniture,2024-06-13 11:57:42,,,,,,,,,,,,,,,
Not satisfied with the Printer — Quality is bad #NewLaunch 😞,0,India,Printer,2024-04-27 19:41:43,,,,,,,,,,,,,,,
So happy with the Jacket,1,UK,Jacket,2025-07-27 07:22:35,,,,,,,,,,,,,,,
That Headphones looks amazing — I’m getting one #Deal @Nike,1,UK,Headphones,2025-09-12 00:59:45,,,,,,,,,,,,,,,
Poor quality the Headphones — Not what I expected 😞,0,India,Headphones,2025-09-14 12:50:58,,,,,,,,,,,,,,,
I don’t think I’ll buy the iPhone anytime soon #MustBuy @Amazon,0,UK,iPhone,2025-05-13 17:56:46,,,,,,,,,,,,,,,
Highly recommend the Furniture #Deal 🔥,1,India,Furniture,2024-03-24 23:06:24,,,,,,,,,,,,,,,
One star for the Headphones @Jabra #Shopping 😡,0,India,Headphones,2024-10-01 21:26:25,,,,,,,,,,,,,,,
Too expensive for a Laptop. I'll pass #Shopping @BestBuy,0,USA,Laptop,2025-07-13 13:43:57,,,,,,,,,,,,,,,
The Headphones isn't good enough to buy #NewLaunch @Apple,0,UK,Headphones,2025-04-29 05:00:08,,,,,,,,,,,,,,,
Thinking about buying the Laptop tomorrow #Deal @BestBuy,1,USA,Laptop,2025-06-10 17:12:48,,,,,,,,,,,,,,,
Not interested in purchasing the Headphones 😐 @Apple,0,UK,Headphones,2025-08-07 09:10:00,,,,,,,,,,,,,,,
Planning to get a Shoes this week #Deal @Amazon,1,India,Shoes,2025-08-13 11:10:11,,,,,,,,,,,,,,,
Worth every penny the Laptop 😊,1,Australia,Laptop,2025-03-20 19:28:22,,,,,,,,,,,,,,,
Great value in the Printer @HP #Deal 👍,1,USA,Printer,2025-01-01 18:46:12,,,,,,,,,,,,,,,
Fantastic performance the Refrigerator #Sale 😊,1,India,Refrigerator,2024-06-12 08:47:16,,,,,,,,,,,,,,,
So happy with the Camera #NewLaunch 😊,1,UK,Camera,2024-05-13 16:49:45,,,,,,,,,,,,,,,
Terrible experience with the Watches — Not what I expected #Review ☹️,0,Australia,Watches,2025-01-18 15:05:48,,,,,,,,,,,,,,,
Not interested in purchasing the Smartwatch 😐 @Nike,0,Canada,Smartwatch,2025-08-30 07:20:48,,,,,,,,,,,,,,,
Five stars for the Phone @Google #Review 👍,1,UK,Phone,2025-04-11 07:09:45,,,,,,,,,,,,,,,
"The new Headphones is disappointing, won't buy 👎 @Flipkart",0,Canada,Headphones,2025-07-07 23:11:09,,,,,,,,,,,,,,,
Worth every penny the Smartwatch @Fitbit #Review 😍,1,India,Smartwatch,2025-08-12 03:20:58,,,,,,,,,,,,,,,
Five stars for the Watches #Unboxing 🔥,1,Germany,Watches,2024-12-23 18:32:26,,,,,,,,,,,,,,,
"Love how the new Headphones looks, definitely buying #Tech @Nike",1,India,Headphones,2025-09-24 21:52:25,,,,,,,,,,,,,,,
Waste of money the Smartwatch @Fitbit — Disappointed #Unboxing,0,India,Smartwatch,2025-03-07 12:07:44,,,,,,,,,,,,,,,
One star for the Gaming Console @Nintendo — Not what I expected #Shopping 😡,0,Canada,Gaming Console,2025-05-03 23:49:24,,,,,,,,,,,,,,,
Loved this the Watches @Rolex #Shopping 👍,1,USA,Watches,2024-02-21 23:13:10,,,,,,,,,,,,,,,
Not satisfied with the Cosmetics @Nykaa — Quality is bad #Unboxing 💀,0,India,Cosmetics,2024-01-10 07:20:56,,,,,,,,,,,,,,,
So happy with the Camera @Sony #Unboxing 👍,1,UK,Camera,2024-02-19 04:46:33,,,,,,,,,,,,,,,
Not satisfied with the Cosmetics @Sephora — Not what I expected #Deal 👎,0,India,Cosmetics,2025-02-24 15:33:27,,,,,,,,,,,,,,,
Loved this the TV @Samsung #NewLaunch 😊,1,USA,TV,2024-05-03 04:36:48,,,,,,,,,,,,,,,
Terrible experience with the Books #BookTok — Quality is bad 💀,0,Australia,Books,2025-01-15 14:48:29,,,,,,,,,,,,,,,
"Can't resist, the Smartwatch deal is too good 🛒 @BestBuy",1,Australia,Smartwatch,2025-06-09 03:07:41,,,,,,,,,,,,,,,
Worth every penny the Smartwatch @Fitbit #Review,1,Canada,Smartwatch,2025-09-17 16:07:46,,,,,,,,,,,,,,,
"Not buying the Shoes, it's overpriced 😐 @Nike",0,Canada,Shoes,2025-05-09 23:04:33,,,,,,,,,,,,,,,
Absolutely love the Laptop #NewLaunch 😊,1,Canada,Laptop,2024-02-06 01:39:25,,,,,,,,,,,,,,,
Poor quality the Backpack — Disappointed 😞,0,USA,Backpack,2024-11-16 17:39:41,,,,,,,,,,,,,,,
Planning to get a Laptop this week #Offer @Apple,1,Australia,Laptop,2025-08-01 05:55:40,,,,,,,,,,,,,,,
"I was going to get a iPhone, but changed my mind 👎 @Apple",0,India,iPhone,2025-05-25 23:25:47,,,,,,,,,,,,,,,
So happy with the Smartwatch @Apple #NewLaunch ✨,1,India,Smartwatch,2025-06-23 07:41:41,,,,,,,,,,,,,,,
"Got my eyes on the Smartwatch, purchasing soon 💸 @Flipkart",1,India,Smartwatch,2025-07-21 03:13:22,,,,,,,,,,,,,,,
Skipping the Shoes this time 💀 @Sony,0,Canada,Shoes,2025-09-15 02:43:38,,,,,,,,,,,,,,,
Absolutely love the Jacket #Shopping 😊,1,India,Jacket,2024-08-01 09:04:47,,,,,,,,,,,,,,,
Regret buying the Gaming Console — Quality is bad #Shopping 💀,0,UK,Gaming Console,2025-05-21 01:21:57,,,,,,,,,,,,,,,
Highly recommend the Phone #Shopping 👍,1,India,Phone,2024-01-16 06:15:45,,,,,,,,,,,,,,,
So happy with the Furniture @UrbanLadder 😍,1,Canada,Furniture,2025-05-18 03:00:54,,,,,,,,,,,,,,,
"Not buying the Headphones, it's overpriced 😩 @Nike",0,UK,Headphones,2025-07-03 05:06:48,,,,,,,,,,,,,,,
Terrible experience with the Books — Not what I expected #NewLaunch 💀,0,Australia,Books,2025-08-04 11:04:26,,,,,,,,,,,,,,,
Five stars for the Books #MustRead #NewLaunch ✨,1,Germany,Books,2025-01-22 09:33:17,,,,,,,,,,,,,,,
Thinking about buying the Headphones tomorrow #MustBuy @Flipkart,1,UK,Headphones,2025-05-17 16:54:38,,,,,,,,,,,,,,,
Finally saved up enough to get the Laptop! 📱 @Amazon,1,UK,Laptop,2025-07-16 08:35:07,,,,,,,,,,,,,,,
Poor quality the Books #MustRead — Quality is bad #Sale,0,India,Books,2024-04-02 20:39:42,,,,,,,,,,,,,,,
Five stars for the Watches @Rolex #Sale 🔥,1,Germany,Watches,2024-01-17 16:07:05,,,,,,,,,,,,,,,
Fast delivery for the Camera #Review 😊,1,Germany,Camera,2025-05-30 02:20:47,,,,,,,,,,,,,,,
Great value in the Watches @Fossil #Sale ✨,1,Germany,Watches,2024-02-23 10:13:58,,,,,,,,,,,,,,,
Terrible experience with the Books #BookTok — Disappointed,0,India,Books,2025-07-03 09:11:19,,,,,,,,,,,,,,,
Fast delivery for the Headphones 🔥,1,USA,Headphones,2024-06-12 10:43:29,,,,,,,,,,,,,,,
Would not recommend the Headphones @Bose — Disappointed #Deal ☹️,0,India,Headphones,2024-06-24 12:12:24,,,,,,,,,,,,,,,
Worth every penny the Furniture #Sale 😊,1,UK,Furniture,2025-10-10 18:13:55,,,,,,,,,,,,,,,
Not interested in purchasing the Shoes 😒 @Sony,0,India,Shoes,2025-08-19 18:59:33,,,,,,,,,,,,,,,
Amazing quality the Smartwatch #Sale,1,India,Smartwatch,2024-02-04 04:27:09,,,,,,,,,,,,,,,
Late delivery ruined the Watches — Not what I expected #NewLaunch 💀,0,UK,Watches,2024-12-18 00:08:27,,,,,,,,,,,,,,,
Loved this the Cosmetics @Sephora #NewLaunch ✨,1,India,Cosmetics,2024-04-10 02:19:10,,,,,,,,,,,,,,,
Fantastic performance the Watches @Rolex #Review 🔥,1,India,Watches,2024-08-20 15:28:27,,,,,,,,,,,,,,,
Regret buying the Headphones @Jabra — Not what I expected #NewLaunch,0,India,Headphones,2024-03-06 18:14:27,,,,,,,,,,,,,,,
Very disappointed by the Bike — Quality is bad #Shopping 😡,0,Australia,Bike,2025-03-17 03:34:35,,,,,,,,,,,,,,,
Waste of money the Jacket #Shopping ☹️,0,Australia,Jacket,2024-11-25 02:17:30,,,,,,,,,,,,,,,
Would not recommend the Camera @Canon — Quality is bad #Review,0,India,Camera,2024-01-04 20:10:38,,,,,,,,,,,,,,,
Highly recommend the Bike #Review 😍,1,Canada,Bike,2024-08-08 23:20:54,,,,,,,,,,,,,,,
Regret buying the Jacket @NorthFace — Disappointed 👎,0,USA,Jacket,2024-03-24 01:54:25,,,,,,,,,,,,,,,
Waste of money the Tablet @Samsung — Not what I expected #NewLaunch ☹️,0,Germany,Tablet,2025-05-16 08:40:42,,,,,,,,,,,,,,,
Worth every penny the Shoes #Deal 😍,1,UK,Shoes,2024-12-11 16:31:52,,,,,,,,,,,,,,,
Planning to get a Headphones this week #Sale @Amazon,1,Australia,Headphones,2025-06-22 02:41:22,,,,,,,,,,,,,,,
So happy with the Watches @Rolex #NewLaunch 😊,1,India,Watches,2025-03-01 19:50:12,,,,,,,,,,,,,,,
Planning to get a Shoes this week #Shopping @BestBuy,1,India,Shoes,2025-05-17 04:19:30,,,,,,,,,,,,,,,
Highly recommend the Watches #Sale 😊,1,Australia,Watches,2025-03-24 20:27:15,,,,,,,,,,,,,,,
Fast delivery for the Laptop @Dell #Unboxing 😊,1,USA,Laptop,2025-09-18 17:59:32,,,,,,,,,,,,,,,
One star for the Tablet @Samsung — Disappointed #Unboxing 👎,0,Australia,Tablet,2024-03-07 13:27:14,,,,,,,,,,,,,,,
So happy with the Headphones #Review 🔥,1,India,Headphones,2024-03-01 17:05:31,,,,,,,,,,,,,,,
Planning to get a Smartwatch this week #Tech @Sony,1,Australia,Smartwatch,2025-07-18 18:09:09,,,,,,,,,,,,,,,
Fantastic performance the Bike #Sale 🔥,1,India,Bike,2025-05-21 19:54:18,,,,,,,,,,,,,,,
One star for the Refrigerator @Whirlpool,0,UK,Refrigerator,2025-08-03 03:03:14,,,,,,,,,,,,,,,
Highly recommend the Books #NewLaunch 🔥,1,USA,Books,2025-01-12 16:18:34,,,,,,,,,,,,,,,
Very disappointed by the Books — Disappointed 😡,0,Canada,Books,2025-02-15 05:19:59,,,,,,,,,,,,,,,
Too expensive for a Smartwatch. I'll pass #NewLaunch @Amazon,0,Australia,Smartwatch,2025-06-17 21:21:02,,,,,,,,,,,,,,,
Fast delivery for the Tablet #NewLaunch 👍,1,UK,Tablet,2025-06-02 01:22:48,,,,,,,,,,,,,,,
One star for the Laptop — Disappointed #Shopping 😞,0,UK,Laptop,2025-01-19 22:10:56,,,,,,,,,,,,,,,
Very disappointed by the TV — Not what I expected #Unboxing 😞,0,India,TV,2025-06-20 03:00:16,,,,,,,,,,,,,,,
Not worth the price the TV @Sony — Not what I expected,0,USA,TV,2024-04-23 11:34:43,,,,,,,,,,,,,,,
Not worth the price the Printer — Disappointed #NewLaunch 😞,0,India,Printer,2024-05-08 00:49:25,,,,,,,,,,,,,,,
Skipping the Smartwatch this time 😤 @Nike,0,Canada,Smartwatch,2025-08-23 05:18:22,,,,,,,,,,,,,,,
Five stars for the Printer #Shopping 😍,1,Canada,Printer,2024-09-20 12:43:58,,,,,,,,,,,,,,,
No plans to buy any Laptop right now #NewLaunch @BestBuy,0,India,Laptop,2025-05-23 06:15:06,,,,,,,,,,,,,,,
Late delivery ruined the Smartwatch #Unboxing 😡,0,India,Smartwatch,2024-08-23 02:55:55,,,,,,,,,,,,,,,
Worth every penny the Books #Unboxing ✨,1,USA,Books,2024-09-20 17:24:48,,,,,,,,,,,,,,,
Great value in the Refrigerator #Unboxing,1,USA,Refrigerator,2025-07-02 23:31:09,,,,,,,,,,,,,,,
Too expensive for a Smartwatch. I'll pass #Offer @Flipkart,0,USA,Smartwatch,2025-06-30 04:33:14,,,,,,,,,,,,,,,
Waste of money the Cosmetics @Nykaa — Quality is bad #NewLaunch ☹️,0,India,Cosmetics,2024-01-07 15:07:30,,,,,,,,,,,,,,,
"Got my eyes on the Laptop, purchasing soon 😎 @BestBuy",1,Canada,Laptop,2025-08-24 08:24:26,,,,,,,,,,,,,,,
Thinking about buying the Smartwatch tomorrow #Fashion @BestBuy,1,USA,Smartwatch,2025-07-31 19:45:25,,,,,,,,,,,,,,,
So happy with the Tablet @Apple #Unboxing ✨,1,India,Tablet,2025-02-05 16:44:37,,,,,,,,,,,,,,,
Absolutely love the Tablet @Samsung 😍,1,India,Tablet,2025-02-17 00:17:44,,,,,,,,,,,,,,,
Not satisfied with the Watches — Disappointed #Review 👎,0,UK,Watches,2024-11-26 10:08:15,,,,,,,,,,,,,,,
Skipping the Shoes this time 😩 @Apple,0,USA,Shoes,2025-08-04 19:31:46,,,,,,,,,,,,,,,
Waste of money the Smartwatch #Sale 😡,0,India,Smartwatch,2024-12-03 11:21:40,,,,,,,,,,,,,,,
Fast delivery for the Jacket #Review ✨,1,India,Jacket,2025-09-13 17:28:32,,,,,,,,,,,,,,,
Worth every penny the Watches #Sale 🔥,1,India,Watches,2025-05-08 01:01:16,,,,,,,,,,,,,,,
Finally saved up enough to get the Shoes! 🔥 @Flipkart,1,USA,Shoes,2025-05-09 23:22:17,,,,,,,,,,,,,,,
Would not recommend the Laptop — Disappointed 💀,0,India,Laptop,2024-07-08 13:42:46,,,,,,,,,,,,,,,
Skipping the iPhone this time 😤 @BestBuy,0,Australia,iPhone,2025-08-29 19:04:48,,,,,,,,,,,,,,,
Very disappointed by the Printer @HP — Not what I expected #Sale 😡,0,USA,Printer,2025-04-28 22:38:44,,,,,,,,,,,,,,,
Absolutely love the Books #MustRead #Deal 😊,1,India,Books,2024-02-16 15:34:27,,,,,,,,,,,,,,,
"Can't resist, the Laptop deal is too good 🔥 @BestBuy",1,Canada,Laptop,2025-09-17 17:22:31,,,,,,,,,,,,,,,
Amazing quality the Headphones #Shopping 😊,1,USA,Headphones,2024-05-09 12:50:08,,,,,,,,,,,,,,,
Late delivery ruined the Shoes @Adidas — Disappointed,0,USA,Shoes,2024-10-23 04:17:35,,,,,,,,,,,,,,,
"Got my eyes on the Laptop, purchasing soon 😎 @Nike",1,USA,Laptop,2025-09-18 08:52:17,,,,,,,,,,,,,,,
Planning to get a iPhone this week #Deal @Nike,1,USA,iPhone,2025-07-29 21:47:18,,,,,,,,,,,,,,,
"I was going to get a iPhone, but changed my mind 😒 @Nike",0,Australia,iPhone,2025-05-13 11:11:16,,,,,,,,,,,,,,,
Great value in the Watches @Rolex #Unboxing,1,USA,Watches,2025-04-30 01:55:47,,,,,,,,,,,,,,,
One star for the Tablet — Quality is bad #Sale ☹️,0,USA,Tablet,2024-05-22 23:28:04,,,,,,,,,,,,,,,
"Not buying the Headphones, it's overpriced 😩 @Nike",0,Australia,Headphones,2025-07-02 08:19:45,,,,,,,,,,,,,,,
Late delivery ruined the Books — Disappointed #Shopping 👎,0,Germany,Books,2025-04-17 18:10:45,,,,,,,,,,,,,,,
Great value in the Shoes @Adidas 😍,1,India,Shoes,2024-09-08 07:11:30,,,,,,,,,,,,,,,
"The new Headphones is disappointing, won't buy 🙄 @Amazon",0,Australia,Headphones,2025-09-07 17:38:22,,,,,,,,,,,,,,,
Great value in the Smartwatch #Review ✨,1,India,Smartwatch,2025-01-26 19:45:20,,,,,,,,,,,,,,,
Highly recommend the Smartwatch @Samsung,1,USA,Smartwatch,2025-07-10 05:15:09,,,,,,,,,,,,,,,
Regret buying the Jacket #Review ☹️,0,India,Jacket,2025-03-20 20:09:49,,,,,,,,,,,,,,,
Fast delivery for the Backpack #Unboxing 🔥,1,India,Backpack,2024-09-08 21:04:05,,,,,,,,,,,,,,,
"Not buying the Laptop, it's overpriced 💀 @Sony",0,Canada,Laptop,2025-08-28 20:18:25,,,,,,,,,,,,,,,
"Not buying the Laptop, it's overpriced 👎 @Amazon",0,India,Laptop,2025-06-04 22:09:08,,,,,,,,,,,,,,,
Poor quality the Cosmetics @Sephora — Disappointed #Sale 😞,0,India,Cosmetics,2025-01-17 00:56:57,,,,,,,,,,,,,,,
Absolutely love the Books #Deal,1,Germany,Books,2024-06-26 15:43:00,,,,,,,,,,,,,,,
Waste of money the Laptop @Dell — Disappointed #Review ☹️,0,India,Laptop,2024-06-09 21:23:53,,,,,,,,,,,,,,,
Not interested in purchasing the iPhone 💀 @Nike,0,Canada,iPhone,2025-08-21 11:57:50,,,,,,,,,,,,,,,
Regret buying the Refrigerator — Quality is bad #Deal,0,UK,Refrigerator,2024-10-07 08:49:11,,,,,,,,,,,,,,,
Not interested in purchasing the Shoes 💀 @Sony,0,India,Shoes,2025-04-21 03:33:34,,,,,,,,,,,,,,,
The Headphones isn't good enough to buy #Deal @BestBuy,0,Canada,Headphones,2025-05-17 10:37:34,,,,,,,,,,,,,,,
Late delivery ruined the Refrigerator @Samsung #Deal,0,UK,Refrigerator,2024-06-28 02:41:18,,,,,,,,,,,,,,,
Fantastic performance the Cosmetics #Unboxing ✨,1,Germany,Cosmetics,2025-01-14 12:34:16,,,,,,,,,,,,,,,
Five stars for the Printer @HP #Shopping,1,India,Printer,2024-06-29 19:54:08,,,,,,,,,,,,,,,
Would not recommend the Shoes — Disappointed #Shopping 👎,0,Australia,Shoes,2025-06-10 15:11:42,,,,,,,,,,,,,,,
Thinking about buying the Laptop tomorrow #Offer @BestBuy,1,Canada,Laptop,2025-05-23 13:12:18,,,,,,,,,,,,,,,
Poor quality the Refrigerator @LG — Disappointed #Shopping,0,India,Refrigerator,2024-03-24 01:45:38,,,,,,,,,,,,,,,
Amazing quality the Refrigerator 😊,1,Australia,Refrigerator,2025-06-19 14:59:03,,,,,,,,,,,,,,,
Terrible experience with the Books #MustRead — Quality is bad #Shopping 😡,0,India,Books,2025-08-19 12:32:05,,,,,,,,,,,,,,,
Late delivery ruined the Gaming Console @Xbox — Quality is bad #Review 👎,0,India,Gaming Console,2024-09-06 11:48:54,,,,,,,,,,,,,,,
Terrible experience with the TV — Not what I expected #Deal,0,USA,TV,2025-09-05 02:34:55,,,,,,,,,,,,,,,
Thinking about buying the Headphones tomorrow #Offer @Sony,1,Canada,Headphones,2025-05-06 05:33:56,,,,,,,,,,,,,,,
Too expensive for a Smartwatch. I'll pass #MustBuy @Amazon,0,Australia,Smartwatch,2025-09-22 01:40:10,,,,,,,,,,,,,,,
Thinking about buying the Shoes tomorrow #Fashion @Sony,1,India,Shoes,2025-09-22 03:54:55,,,,,,,,,,,,,,,
Skipping the Headphones this time 👎 @Amazon,0,India,Headphones,2025-05-12 23:49:36,,,,,,,,,,,,,,,
Fast delivery for the Backpack #Review 🔥,1,India,Backpack,2024-03-23 15:38:29,,,,,,,,,,,,,,,
One star for the Phone #NewLaunch 💀,0,Canada,Phone,2025-03-01 02:04:59,,,,,,,,,,,,,,,
"Love how the new iPhone looks, definitely buying #Shopping @Nike",1,Canada,iPhone,2025-07-25 03:36:42,,,,,,,,,,,,,,,
"Got my eyes on the Smartwatch, purchasing soon 😎 @BestBuy",1,Australia,Smartwatch,2025-05-06 13:22:04,,,,,,,,,,,,,,,
I'm going to buy the new Shoes soon 💸 #Fashion @Sony,1,UK,Shoes,2025-05-07 03:47:17,,,,,,,,,,,,,,,
Fast delivery for the Watches #Sale ✨,1,Australia,Watches,2024-05-26 13:02:41,,,,,,,,,,,,,,,
Not interested in purchasing the iPhone 😐 @Amazon,0,UK,iPhone,2025-07-28 12:50:08,,,,,,,,,,,,,,,
Highly recommend the Cosmetics #Review 😍,1,India,Cosmetics,2024-02-22 10:53:54,,,,,,,,,,,,,,,
Not satisfied with the Headphones @Bose — Quality is bad #Shopping,0,India,Headphones,2025-02-11 04:33:35,,,,,,,,,,,,,,,
That Shoes looks amazing — I’m getting one #Deal @Sony,1,Australia,Shoes,2025-05-22 15:10:03,,,,,,,,,,,,,,,
Late delivery ruined the Watches @Titan — Disappointed #Unboxing,0,Australia,Watches,2025-09-17 04:41:00,,,,,,,,,,,,,,,
One star for the Phone @Apple #Sale 😡,0,USA,Phone,2024-04-09 07:57:04,,,,,,,,,,,,,,,
"I was going to get a Laptop, but changed my mind 👎 @Nike",0,India,Laptop,2025-07-06 14:22:38,,,,,,,,,,,,,,,
The Laptop isn't good enough to buy #Shopping @Nike,0,Canada,Laptop,2025-10-04 23:17:33,,,,,,,,,,,,,,,
Loved this the Camera #NewLaunch 🔥,1,India,Camera,2025-09-04 13:40:10,,,,,,,,,,,,,,,
Five stars for the Headphones #Unboxing 🔥,1,India,Headphones,2025-04-23 10:06:50,,,,,,,,,,,,,,,
Very disappointed by the Printer — Not what I expected #Review 👎,0,Germany,Printer,2024-12-19 05:19:20,,,,,,,,,,,,,,,
Poor quality the TV @Sony — Disappointed ☹️,0,India,TV,2025-08-12 01:34:11,,,,,,,,,,,,,,,
Late delivery ruined the Gaming Console @Nintendo — Disappointed #Shopping 😞,0,India,Gaming Console,2025-05-23 13:34:16,,,,,,,,,,,,,,,
Fantastic performance the Furniture @UrbanLadder #Deal 😊,1,UK,Furniture,2025-04-14 17:44:56,,,,,,,,,,,,,,,
Skipping the Shoes this time 😒 @BestBuy,0,India,Shoes,2025-08-24 18:28:36,,,,,,,,,,,,,,,
Not satisfied with the Furniture — Disappointed #NewLaunch 😞,0,USA,Furniture,2024-09-02 15:10:39,,,,,,,,,,,,,,,
Not satisfied with the Headphones — Disappointed 👎,0,India,Headphones,2024-09-22 02:40:02,,,,,,,,,,,,,,,
That Headphones looks amazing — I’m getting one #MustBuy @Amazon,1,UK,Headphones,2025-06-19 16:24:32,,,,,,,,,,,,,,,
Thinking about buying the Headphones tomorrow #Tech @Apple,1,USA,Headphones,2025-08-07 00:02:02,,,,,,,,,,,,,,,
Would not recommend the Cosmetics — Quality is bad #Shopping 😡,0,Germany,Cosmetics,2024-06-08 15:44:18,,,,,,,,,,,,,,,
Not worth the price the TV — Not what I expected #Unboxing 😞,0,India,TV,2024-08-19 12:10:33,,,,,,,,,,,,,,,
Late delivery ruined the Headphones @Sony — Disappointed 👎,0,Australia,Headphones,2025-04-26 19:18:30,,,,,,,,,,,,,,,
Planning to get a Laptop this week #Tech @BestBuy,1,India,Laptop,2025-07-09 19:57:41,,,,,,,,,,,,,,,
Not satisfied with the Refrigerator — Quality is bad #Sale 😡,0,USA,Refrigerator,2024-09-16 02:11:19,,,,,,,,,,,,,,,
"Can't resist, the Headphones deal is too good 💻 @BestBuy",1,UK,Headphones,2025-09-24 09:10:20,,,,,,,,,,,,,,,
Absolutely love the Watches @Titan #Review 😍,1,Canada,Watches,2025-09-03 00:24:01,,,,,,,,,,,,,,,
Absolutely love the Camera @Canon #Sale,1,India,Camera,2024-03-17 21:01:16,,,,,,,,,,,,,,,
Would not recommend the Books #Shopping 😡,0,UK,Books,2025-07-06 11:41:46,,,,,,,,,,,,,,,
Late delivery ruined the Cosmetics @Sephora #NewLaunch ☹️,0,India,Cosmetics,2024-07-27 06:34:59,,,,,,,,,,,,,,,
Fast delivery for the Cosmetics #Unboxing 👍,1,Germany,Cosmetics,2024-04-10 23:09:18,,,,,,,,,,,,,,,
Fast delivery for the Headphones 👍,1,India,Headphones,2024-09-11 06:01:18,,,,,,,,,,,,,,,
Great value in the Furniture @UrbanLadder #Shopping ✨,1,India,Furniture,2024-09-08 12:44:45,,,,,,,,,,,,,,,
Absolutely love the Jacket @NorthFace #Review ✨,1,USA,Jacket,2025-05-23 12:35:50,,,,,,,,,,,,,,,
Would not recommend the Printer @HP — Not what I expected #Unboxing ☹️,0,India,Printer,2024-03-23 18:54:20,,,,,,,,,,,,,,,
Terrible experience with the Books #MustRead — Quality is bad #Unboxing 😞,0,India,Books,2025-07-31 01:15:23,,,,,,,,,,,,,,,
Absolutely love the Phone @Google #Review 😍,1,Canada,Phone,2025-08-07 01:36:46,,,,,,,,,,,,,,,
Not worth the price the Smartwatch — Quality is bad #Shopping 💀,0,UK,Smartwatch,2025-08-20 05:21:03,,,,,,,,,,,,,,,
Great value in the Shoes @Adidas #Unboxing 😊,1,USA,Shoes,2024-12-11 12:07:58,,,,,,,,,,,,,,,
Waste of money the Watches — Disappointed #Review 👎,0,USA,Watches,2024-12-18 10:17:54,,,,,,,,,,,,,,,
Late delivery ruined the Jacket @NorthFace — Not what I expected 😡,0,India,Jacket,2025-09-05 06:08:32,,,,,,,,,,,,,,,
Not satisfied with the Headphones — Not what I expected #NewLaunch 😞,0,India,Headphones,2024-05-07 00:39:36,,,,,,,,,,,,,,,
Would not recommend the Gaming Console — Disappointed #NewLaunch ☹️,0,Australia,Gaming Console,2024-07-12 09:58:56,,,,,,,,,,,,,,,
Worth every penny the Backpack @Herschel,1,India,Backpack,2024-02-14 13:13:54,,,,,,,,,,,,,,,
Loved this the Shoes @Nike #Unboxing,1,UK,Shoes,2024-07-12 06:23:57,,,,,,,,,,,,,,,
One star for the Refrigerator — Disappointed #Deal 👎,0,India,Refrigerator,2024-10-09 09:38:44,,,,,,,,,,,,,,,
Not worth the price the Watches — Quality is bad #Review,0,USA,Watches,2025-07-04 18:46:58,,,,,,,,,,,,,,,
Thinking about buying the Smartwatch tomorrow #MustBuy @BestBuy,1,UK,Smartwatch,2025-07-04 12:11:18,,,,,,,,,,,,,,,
Poor quality the Watches @Fossil — Not what I expected #Sale ☹️,0,India,Watches,2024-05-08 00:26:14,,,,,,,,,,,,,,,
Loved this the Bike #Shopping ✨,1,India,Bike,2024-10-20 12:06:10,,,,,,,,,,,,,,,
One star for the Gaming Console #Shopping 😡,0,UK,Gaming Console,2024-03-25 03:45:01,,,,,,,,,,,,,,,
Worth every penny the Phone @Google #NewLaunch 👍,1,India,Phone,2024-09-04 10:43:47,,,,,,,,,,,,,,,
Not worth the price the Jacket — Not what I expected #Shopping ☹️,0,Australia,Jacket,2024-05-29 17:22:15,,,,,,,,,,,,,,,
Highly recommend the Printer @HP #Unboxing 😊,1,India,Printer,2025-05-15 16:20:09,,,,,,,,,,,,,,,
Fast delivery for the Furniture @Ikea #NewLaunch 😍,1,India,Furniture,2024-02-23 12:52:54,,,,,,,,,,,,,,,
Fantastic performance the Bike @Hero 🔥,1,India,Bike,2024-02-05 09:47:41,,,,,,,,,,,,,,,
Great value in the Backpack @Wildcraft #Shopping,1,Germany,Backpack,2024-08-29 21:29:32,,,,,,,,,,,,,,,
Fast delivery for the Gaming Console @PlayStation 😊,1,India,Gaming Console,2025-03-30 11:26:26,,,,,,,,,,,,,,,
"Can't resist, the Smartwatch deal is too good 🔥 @Nike",1,Australia,Smartwatch,2025-05-25 14:28:06,,,,,,,,,,,,,,,
Not satisfied with the Refrigerator #Deal,0,UK,Refrigerator,2024-02-15 19:33:02,,,,,,,,,,,,,,,
Worth every penny the Printer #Sale 😍,1,India,Printer,2024-07-31 06:07:45,,,,,,,,,,,,,,,
So happy with the Books #MustRead,1,UK,Books,2024-10-13 12:24:46,,,,,,,,,,,,,,,
Late delivery ruined the TV @Sony #Shopping 👎,0,India,TV,2025-07-03 19:06:41,,,,,,,,,,,,,,,
Worth every penny the Smartwatch #Deal 👍,1,USA,Smartwatch,2025-06-19 07:30:34,,,,,,,,,,,,,,,
So happy with the Books #BookTok #Sale 🔥,1,UK,Books,2025-04-27 09:40:43,,,,,,,,,,,,,,,
Not satisfied with the Backpack — Not what I expected #Unboxing 😡,0,India,Backpack,2024-10-11 18:42:35,,,,,,,,,,,,,,,
Highly recommend the Printer @HP #Shopping ✨,1,UK,Printer,2024-04-08 19:02:16,,,,,,,,,,,,,,,
One star for the Shoes — Disappointed #Review 😡,0,UK,Shoes,2025-08-15 06:04:22,,,,,,,,,,,,,,,
Not satisfied with the Printer @HP — Not what I expected #NewLaunch 😞,0,India,Printer,2024-09-30 05:23:10,,,,,,,,,,,,,,,
Waste of money the Refrigerator @Samsung #NewLaunch 😡,0,USA,Refrigerator,2024-02-09 07:02:05,,,,,,,,,,,,,,,
So happy with the Tablet ✨,1,USA,Tablet,2025-09-11 08:26:23,,,,,,,,,,,,,,,
Very disappointed by the TV @Sony 👎,0,Australia,TV,2025-06-03 08:48:26,,,,,,,,,,,,,,,
Fantastic performance the Smartwatch #Unboxing 😊,1,India,Smartwatch,2024-01-22 05:51:27,,,,,,,,,,,,,,,
No plans to buy any Laptop right now #Offer @BestBuy,0,Australia,Laptop,2025-07-11 04:29:06,,,,,,,,,,,,,,,
I'm going to buy the new Headphones soon 💻 #Shopping @BestBuy,1,India,Headphones,2025-04-18 06:25:36,,,,,,,,,,,,,,,
Great value in the Refrigerator #NewLaunch,1,Germany,Refrigerator,2024-03-16 15:46:48,,,,,,,,,,,,,,,
Absolutely love the Laptop @Apple #Deal 😊,1,USA,Laptop,2025-09-16 21:03:00,,,,,,,,,,,,,,,
So happy with the Headphones @Sony #Sale 🔥,1,India,Headphones,2024-02-03 03:32:11,,,,,,,,,,,,,,,
Not worth the price the Phone — Disappointed #Review ☹️,0,UK,Phone,2025-08-10 22:04:34,,,,,,,,,,,,,,,
Great value in the Refrigerator @Samsung #Review 👍,1,Germany,Refrigerator,2024-08-17 19:27:39,,,,,,,,,,,,,,,
No plans to buy any Headphones right now #Offer @Sony,0,USA,Headphones,2025-06-11 19:44:43,,,,,,,,,,,,,,,
Amazing quality the Shoes #Unboxing ✨,1,India,Shoes,2024-10-11 11:31:02,,,,,,,,,,,,,,,
Amazing quality the Watches #NewLaunch 😊,1,India,Watches,2025-05-15 16:09:08,,,,,,,,,,,,,,,
One star for the Backpack @Wildcraft — Not what I expected #Review 😞,0,USA,Backpack,2025-02-13 12:52:58,,,,,,,,,,,,,,,
Not satisfied with the Phone @Apple — Quality is bad #Unboxing 💀,0,India,Phone,2025-02-24 06:22:18,,,,,,,,,,,,,,,
Five stars for the Headphones #Sale,1,UK,Headphones,2024-03-18 21:19:44,,,,,,,,,,,,,,,
No plans to buy any Laptop right now #Shopping @BestBuy,0,Australia,Laptop,2025-08-28 07:26:29,,,,,,,,,,,,,,,
Amazing quality the Tablet @Apple #Shopping 🔥,1,India,Tablet,2025-10-22 21:24:44,,,,,,,,,,,,,,,
Would not recommend the Tablet @Apple #Deal ☹️,0,USA,Tablet,2024-06-10 08:24:21,,,,,,,,,,,,,,,
"Can't resist, the Shoes deal is too good 💻 @Sony",1,Australia,Shoes,2025-04-23 00:12:25,,,,,,,,,,,,,,,
Not worth the price the Bike @RoyalEnfield — Disappointed #Unboxing 💀,0,UK,Bike,2024-01-10 00:01:41,,,,,,,,,,,,,,,
Waste of money the Books #MustRead — Not what I expected #Shopping,0,Australia,Books,2024-03-12 05:29:03,,,,,,,,,,,,,,,
Not satisfied with the Watches @Titan — Disappointed #Deal 💀,0,India,Watches,2024-08-09 13:25:51,,,,,,,,,,,,,,,
Terrible experience with the Backpack — Not what I expected #Deal 💀,0,UK,Backpack,2024-09-19 01:30:02,,,,,,,,,,,,,,,
Late delivery ruined the Cosmetics — Not what I expected 👎,0,India,Cosmetics,2025-03-25 00:57:53,,,,,,,,,,,,,,,
I'm going to buy the new Laptop soon 📱 #Tech @Flipkart,1,USA,Laptop,2025-06-25 00:20:04,,,,,,,,,,,,,,,
One star for the Backpack @Wildcraft — Not what I expected #Review 😡,0,India,Backpack,2025-05-18 00:47:10,,,,,,,,,,,,,,,
One star for the Laptop @Dell — Quality is bad #NewLaunch ☹️,0,USA,Laptop,2025-10-03 00:55:04,,,,,,,,,,,,,,,
One star for the Furniture — Quality is bad #Deal 💀,0,UK,Furniture,2024-01-19 13:04:41,,,,,,,,,,,,,,,
Late delivery ruined the Phone @Google — Quality is bad #Shopping,0,USA,Phone,2024-02-18 01:37:07,,,,,,,,,,,,,,,
Fantastic performance the Headphones @Jabra #Review 🔥,1,Germany,Headphones,2025-08-18 05:33:51,,,,,,,,,,,,,,,
Loved this the Backpack @Herschel #NewLaunch 😍,1,India,Backpack,2024-11-16 06:32:51,,,,,,,,,,,,,,,
"The new iPhone is disappointing, won't buy 😐 @Sony",0,UK,iPhone,2025-07-24 01:53:38,,,,,,,,,,,,,,,
Regret buying the TV @Sony — Not what I expected #NewLaunch 😞,0,Canada,TV,2024-05-31 10:49:43,,,,,,,,,,,,,,,
Planning to get a Headphones this week #Tech @BestBuy,1,USA,Headphones,2025-06-19 11:07:58,,,,,,,,,,,,,,,
Highly recommend the Backpack @Wildcraft #Deal 😍,1,UK,Backpack,2025-10-06 14:21:02,,,,,,,,,,,,,,,
Great value in the Phone @Google #Review ✨,1,India,Phone,2025-04-21 02:31:09,,,,,,,,,,,,,,,
Amazing quality the Phone #Unboxing 😍,1,India,Phone,2024-09-18 20:13:35,,,,,,,,,,,,,,,
Late delivery ruined the Laptop — Quality is bad 😡,0,India,Laptop,2024-10-22 14:24:07,,,,,,,,,,,,,,,
I don’t think I’ll buy the Headphones anytime soon #Offer @Sony,0,UK,Headphones,2025-09-08 10:10:09,,,,,,,,,,,,,,,
Not worth the price the Gaming Console @Xbox #Unboxing 😞,0,Canada,Gaming Console,2024-07-30 02:56:41,,,,,,,,,,,,,,,
Not satisfied with the Books #BookTok — Disappointed #Shopping 💀,0,USA,Books,2024-10-01 15:48:16,,,,,,,,,,,,,,,
Finally saved up enough to get the Headphones! 😎 @Nike,1,India,Headphones,2025-05-21 07:32:09,,,,,,,,,,,,,,,
Very disappointed by the Tablet @Samsung #Review 👎,0,India,Tablet,2024-03-09 19:07:10,,,,,,,,,,,,,,,
Worth every penny the Books #Shopping 🔥,1,USA,Books,2025-06-23 20:41:33,,,,,,,,,,,,,,,
Not satisfied with the Camera @Nikon — Not what I expected #Unboxing 😡,0,USA,Camera,2024-10-21 17:03:02,,,,,,,,,,,,,,,
"Got my eyes on the Smartwatch, purchasing soon 💻 @Amazon",1,Australia,Smartwatch,2025-09-06 22:33:54,,,,,,,,,,,,,,,
Regret buying the Tablet @Apple — Not what I expected #Sale 😡,0,Canada,Tablet,2024-04-20 09:01:43,,,,,,,,,,,,,,,
Waste of money the Shoes @Adidas — Disappointed #Unboxing 😞,0,USA,Shoes,2025-09-03 03:07:46,,,,,,,,,,,,,,,
Highly recommend the Laptop #Shopping 👍,1,Germany,Laptop,2024-11-04 13:48:55,,,,,,,,,,,,,,,
Poor quality the TV @LG #Shopping,0,Germany,TV,2024-07-13 08:02:40,,,,,,,,,,,,,,,
Late delivery ruined the Tablet @Samsung — Disappointed #NewLaunch 😡,0,India,Tablet,2025-03-16 03:21:11,,,,,,,,,,,,,,,
Regret buying the TV @LG #Deal,0,Germany,TV,2025-11-03 14:32:40,,,,,,,,,,,,,,,
Terrible experience with the Furniture #Review,0,Australia,Furniture,2024-11-21 03:43:40,,,,,,,,,,,,,,,
Worth every penny the Furniture @UrbanLadder #Sale 🔥,1,India,Furniture,2025-07-20 02:23:37,,,,,,,,,,,,,,,
Fantastic performance the Cosmetics @Nykaa #Sale 😊,1,Germany,Cosmetics,2024-07-05 16:53:42,,,,,,,,,,,,,,,
Fantastic performance the Tablet @Samsung #Unboxing 👍,1,India,Tablet,2024-12-28 21:41:15,,,,,,,,,,,,,,,
Not satisfied with the Tablet — Disappointed #Deal ☹️,0,UK,Tablet,2025-03-28 22:52:08,,,,,,,,,,,,,,,
"The new Headphones is disappointing, won't buy 😩 @Sony",0,USA,Headphones,2025-04-29 06:37:19,,,,,,,,,,,,,,,
Very disappointed by the Gaming Console @Nintendo — Quality is bad ☹️,0,India,Gaming Console,2024-09-27 14:22:47,,,,,,,,,,,,,,,
The Laptop isn't good enough to buy #NewLaunch @Flipkart,0,USA,Laptop,2025-08-09 23:04:55,,,,,,,,,,,,,,,
Not interested in purchasing the Shoes 😩 @Nike,0,USA,Shoes,2025-08-19 03:03:47,,,,,,,,,,,,,,,
Regret buying the Smartwatch — Quality is bad #Shopping 👎,0,India,Smartwatch,2024-04-05 04:04:52,,,,,,,,,,,,,,,
"I was going to get a Laptop, but changed my mind 🙄 @Sony",0,USA,Laptop,2025-09-02 10:25:46,,,,,,,,,,,,,,,
Finally saved up enough to get the iPhone! 💻 @Nike,1,India,iPhone,2025-09-15 23:17:07,,,,,,,,,,,,,,,
No plans to buy any iPhone right now #NewLaunch @Amazon,0,Canada,iPhone,2025-10-03 09:37:35,,,,,,,,,,,,,,,
Highly recommend the Headphones 😍,1,India,Headphones,2025-05-27 18:58:36,,,,,,,,,,,,,,,
Late delivery ruined the Laptop @Lenovo — Quality is bad #Deal 👎,0,India,Laptop,2025-07-24 06:28:31,,,,,,,,,,,,,,,
Poor quality the Phone @OnePlus ☹️,0,Canada,Phone,2025-09-02 14:49:39,,,,,,,,,,,,,,,
Loved this the Cosmetics #NewLaunch 😊,1,India,Cosmetics,2024-12-26 13:29:04,,,,,,,,,,,,,,,
Worth every penny the Phone @Google #Review 😍,1,Australia,Phone,2025-07-31 00:52:42,,,,,,,,,,,,,,,
Highly recommend the Tablet @Samsung #Shopping 👍,1,Germany,Tablet,2025-06-19 04:28:48,,,,,,,,,,,,,,,
So happy with the Furniture @UrbanLadder #NewLaunch 🔥,1,India,Furniture,2025-01-25 01:30:26,,,,,,,,,,,,,,,
Waste of money the Camera @Nikon — Disappointed #Deal 💀,0,USA,Camera,2024-07-24 20:06:20,,,,,,,,,,,,,,,
Highly recommend the Shoes #Shopping 😍,1,Canada,Shoes,2024-12-25 09:20:52,,,,,,,,,,,,,,,
Amazing quality the TV @Sony #Unboxing 😊,1,Canada,TV,2024-09-07 21:31:56,,,,,,,,,,,,,,,
One star for the Cosmetics @Nykaa — Quality is bad #Shopping 💀,0,India,Cosmetics,2025-06-09 11:21:09,,,,,,,,,,,,,,,
Very disappointed by the Backpack @Wildcraft — Not what I expected #Deal 😡,0,USA,Backpack,2025-02-21 13:45:03,,,,,,,,,,,,,,,
Amazing quality the Refrigerator #Unboxing 🔥,1,USA,Refrigerator,2025-05-11 20:16:41,,,,,,,,,,,,,,,
Regret buying the Printer — Disappointed #Review 👎,0,UK,Printer,2025-10-12 02:36:22,,,,,,,,,,,,,,,
Amazing quality the Books #Review ✨,1,India,Books,2025-01-20 13:30:33,,,,,,,,,,,,,,,
Great value in the Laptop @HP 😍,1,Germany,Laptop,2025-09-26 22:45:09,,,,,,,,,,,,,,,
Great value in the Camera @Nikon #Review 👍,1,UK,Camera,2025-10-12 00:00:41,,,,,,,,,,,,,,,
One star for the Smartwatch @Apple — Quality is bad #Review 💀,0,India,Smartwatch,2025-07-06 17:17:38,,,,,,,,,,,,,,,
"Love how the new Shoes looks, definitely buying #Fashion @Sony",1,Australia,Shoes,2025-08-22 00:19:08,,,,,,,,,,,,,,,
"The new Headphones is disappointing, won't buy 👎 @Sony",0,UK,Headphones,2025-04-11 07:42:38,,,,,,,,,,,,,,,
Not worth the price the Refrigerator @LG — Not what I expected #Unboxing,0,India,Refrigerator,2025-01-04 02:33:11,,,,,,,,,,,,,,,
Fantastic performance the Tablet @Apple 😍,1,USA,Tablet,2024-08-12 07:13:17,,,,,,,,,,,,,,,
Great value in the Shoes @Puma #Sale ✨,1,UK,Shoes,2025-08-03 20:48:57,,,,,,,,,,,,,,,
Would not recommend the Cosmetics #Shopping ☹️,0,Canada,Cosmetics,2025-07-12 03:21:57,,,,,,,,,,,,,,,
Poor quality the TV @Samsung #Deal ☹️,0,Australia,TV,2024-12-30 16:54:19,,,,,,,,,,,,,,,
The Laptop isn't good enough to buy #MustBuy @BestBuy,0,Canada,Laptop,2025-10-01 07:41:19,,,,,,,,,,,,,,,
"Love how the new iPhone looks, definitely buying #Offer @Nike",1,UK,iPhone,2025-08-03 15:29:33,,,,,,,,,,,,,,,
Too expensive for a iPhone. I'll pass #Offer @Apple,0,India,iPhone,2025-06-18 05:08:32,,,,,,,,,,,,,,,
Loved this the Cosmetics #NewLaunch ✨,1,India,Cosmetics,2025-01-05 11:32:48,,,,,,,,,,,,,,,
One star for the Cosmetics @Sephora — Disappointed 😡,0,UK,Cosmetics,2024-02-03 07:52:47,,,,,,,,,,,,,,,
So happy with the Books #Sale 👍,1,USA,Books,2025-05-27 19:15:05,,,,,,,,,,,,,,,
Fantastic performance the Laptop #Shopping 😊,1,USA,Laptop,2024-01-09 04:37:29,,,,,,,,,,,,,,,
Great value in the Books #BookTok #NewLaunch 👍,1,India,Books,2025-05-07 05:19:55,,,,,,,,,,,,,,,
The iPhone isn't good enough to buy #Fashion @Flipkart,0,UK,iPhone,2025-06-18 19:00:22,,,,,,,,,,,,,,,
Amazing quality the Books #MustRead 👍,1,USA,Books,2025-11-02 11:45:35,,,,,,,,,,,,,,,
Skipping the iPhone this time 😐 @Apple,0,Canada,iPhone,2025-09-23 20:36:28,,,,,,,,,,,,,,,
Fantastic performance the Headphones @Bose #Review 😍,1,Canada,Headphones,2025-01-08 10:19:16,,,,,,,,,,,,,,,
No plans to buy any Laptop right now #Tech @Sony,0,India,Laptop,2025-07-20 22:51:17,,,,,,,,,,,,,,,
Finally saved up enough to get the Headphones! 📱 @Apple,1,India,Headphones,2025-05-24 00:34:18,,,,,,,,,,,,,,,
Worth every penny the Headphones @Sony #NewLaunch 😊,1,India,Headphones,2025-06-14 01:00:53,,,,,,,,,,,,,,,
One star for the Furniture @Ikea — Disappointed #Unboxing,0,Canada,Furniture,2025-06-03 16:20:17,,,,,,,,,,,,,,,
Not satisfied with the Cosmetics @Sephora #Deal 😡,0,USA,Cosmetics,2025-05-16 12:49:22,,,,,,,,,,,,,,,
Poor quality the Jacket — Quality is bad #Deal 😡,0,UK,Jacket,2024-02-05 06:23:26,,,,,,,,,,,,,,,
Regret buying the Backpack @Herschel — Not what I expected #Shopping,0,India,Backpack,2025-03-24 20:33:07,,,,,,,,,,,,,,,
Not worth the price the Cosmetics — Disappointed #Unboxing ☹️,0,India,Cosmetics,2025-03-31 05:19:07,,,,,,,,,,,,,,,
Fantastic performance the Shoes @Puma #Shopping 🔥,1,UK,Shoes,2024-02-29 05:26:21,,,,,,,,,,,,,,,
"Can't resist, the Laptop deal is too good 😍 @BestBuy",1,India,Laptop,2025-05-17 20:32:14,,,,,,,,,,,,,,,
"Got my eyes on the iPhone, purchasing soon 💸 @Apple",1,USA,iPhone,2025-09-13 23:54:58,,,,,,,,,,,,,,,
Highly recommend the Backpack #Unboxing,1,India,Backpack,2025-05-30 12:07:09,,,,,,,,,,,,,,,
So happy with the Books #BookTok #Unboxing ✨,1,India,Books,2024-05-12 01:16:46,,,,,,,,,,,,,,,
Highly recommend the Bike #Sale 👍,1,Australia,Bike,2024-10-11 01:01:16,,,,,,,,,,,,,,,
Not satisfied with the Watches @Rolex — Quality is bad #Sale 👎,0,India,Watches,2024-03-07 03:53:13,,,,,,,,,,,,,,,
Very disappointed by the Bike @Hero — Not what I expected #NewLaunch 😞,0,Canada,Bike,2024-01-27 21:54:44,,,,,,,,,,,,,,,
Highly recommend the Laptop @HP #Sale 🔥,1,India,Laptop,2024-08-16 10:39:04,,,,,,,,,,,,,,,
Would not recommend the Printer @HP #Sale,0,India,Printer,2024-07-14 16:54:45,,,,,,,,,,,,,,,
Great value in the Printer @HP #Sale 👍,1,India,Printer,2024-02-05 11:59:44,,,,,,,,,,,,,,,
Terrible experience with the Laptop #Sale 😡,0,UK,Laptop,2024-06-07 11:35:03,,,,,,,,,,,,,,,
Absolutely love the Shoes @Adidas #Unboxing 😍,1,Australia,Shoes,2024-06-15 20:05:22,,,,,,,,,,,,,,,
Not satisfied with the Cosmetics @Nykaa #Shopping 👎,0,India,Cosmetics,2024-08-22 09:25:25,,,,,,,,,,,,,,,
I'm going to buy the new Headphones soon 💻 #Deal @Nike,1,Canada,Headphones,2025-06-03 01:23:06,,,,,,,,,,,,,,,
Fantastic performance the Books #BookTok,1,Canada,Books,2024-02-19 22:00:35,,,,,,,,,,,,,,,
Very disappointed by the Printer @HP #Deal 😞,0,UK,Printer,2025-09-07 10:11:57,,,,,,,,,,,,,,,
Late delivery ruined the Tablet @Samsung — Quality is bad #Shopping 😡,0,India,Tablet,2025-03-12 02:19:09,,,,,,,,,,,,,,,
Regret buying the Cosmetics @Sephora #Deal 💀,0,India,Cosmetics,2025-01-15 20:56:47,,,,,,,,,,,,,,,
Great value in the Gaming Console @Xbox,1,India,Gaming Console,2024-08-20 10:07:56,,,,,,,,,,,,,,,
The Smartwatch doesn’t seem worth it #Tech @Sony,0,India,Smartwatch,2025-06-06 20:04:42,,,,,,,,,,,,,,,
Skipping the Smartwatch this time 😤 @Amazon,0,UK,Smartwatch,2025-08-25 09:57:24,,,,,,,,,,,,,,,
So happy with the Camera @Nikon #NewLaunch,1,India,Camera,2025-09-19 22:00:47,,,,,,,,,,,,,,,
Five stars for the Refrigerator @LG #Shopping,1,India,Refrigerator,2024-06-12 08:12:03,,,,,,,,,,,,,,,
Great value in the Watches @Rolex #Shopping 😍,1,India,Watches,2025-05-14 17:49:16,,,,,,,,,,,,,,,
Poor quality the Camera @Nikon — Disappointed #Sale 👎,0,UK,Camera,2024-03-21 00:13:58,,,,,,,,,,,,,,,
The Smartwatch isn't good enough to buy #MustBuy @Apple,0,Australia,Smartwatch,2025-07-22 08:47:29,,,,,,,,,,,,,,,
One star for the Phone — Not what I expected #Shopping 👎,0,USA,Phone,2024-01-19 15:24:31,,,,,,,,,,,,,,,
The Smartwatch doesn’t seem worth it #Offer @Amazon,0,Canada,Smartwatch,2025-04-25 04:58:11,,,,,,,,,,,,,,,
I don’t think I’ll buy the Smartwatch anytime soon #NewLaunch @Sony,0,USA,Smartwatch,2025-07-23 20:00:23,,,,,,,,,,,,,,,
Late delivery ruined the Backpack @Herschel — Not what I expected 😡,0,India,Backpack,2024-04-24 23:22:00,,,,,,,,,,,,,,,
Worth every penny the TV @LG #Review ✨,1,India,TV,2025-09-07 09:30:55,,,,,,,,,,,,,,,
Would not recommend the Shoes @Nike — Disappointed #Review 💀,0,Canada,Shoes,2025-10-29 22:51:48,,,,,,,,,,,,,,,
Five stars for the Tablet #Unboxing 🔥,1,India,Tablet,2025-07-01 07:14:16,,,,,,,,,,,,,,,
"Not buying the Headphones, it's overpriced 🙄 @BestBuy",0,India,Headphones,2025-08-17 21:42:38,,,,,,,,,,,,,,,
Would not recommend the Bike @Hero — Disappointed 😡,0,India,Bike,2024-11-14 13:01:57,,,,,,,,,,,,,,,
Waste of money the Camera @Nikon — Disappointed #NewLaunch,0,India,Camera,2025-01-26 19:20:39,,,,,,,,,,,,,,,
"Not buying the iPhone, it's overpriced 💀 @Nike",0,UK,iPhone,2025-08-09 12:12:52,,,,,,,,,,,,,,,
Planning to get a iPhone this week #Tech @Amazon,1,UK,iPhone,2025-08-19 13:01:19,,,,,,,,,,,,,,,
So happy with the Shoes @Puma #Review 😊,1,Canada,Shoes,2024-07-03 18:59:44,,,,,,,,,,,,,,,
Great value in the Headphones @Jabra #Unboxing,1,Germany,Headphones,2025-01-16 13:37:41,,,,,,,,,,,,,,,
Fantastic performance the Gaming Console 😍,1,UK,Gaming Console,2024-06-26 13:02:36,,,,,,,,,,,,,,,
Just ordered my Smartwatch! Can't wait to try it 📱 @Sony,1,USA,Smartwatch,2025-09-22 05:07:19,,,,,,,,,,,,,,,
Waste of money the Refrigerator @Samsung — Disappointed #Deal 😞,0,UK,Refrigerator,2025-01-27 08:14:17,,,,,,,,,,,,,,,
I don’t think I’ll buy the Laptop anytime soon #Deal @Amazon,0,Canada,Laptop,2025-09-18 04:53:16,,,,,,,,,,,,,,,
No plans to buy any iPhone right now #MustBuy @Flipkart,0,USA,iPhone,2025-07-31 00:03:02,,,,,,,,,,,,,,,
Would not recommend the Watches @Fossil — Disappointed #Shopping,0,Canada,Watches,2025-09-29 09:44:33,,,,,,,,,,,,,,,
Great value in the Printer #Unboxing 😍,1,Germany,Printer,2025-08-09 00:16:17,,,,,,,,,,,,,,,
Very disappointed by the Headphones @Bose — Not what I expected #NewLaunch 😞,0,Australia,Headphones,2025-02-20 15:43:52,,,,,,,,,,,,,,,
Terrible experience with the Camera @Nikon — Not what I expected #Shopping 😡,0,Germany,Camera,2025-07-05 23:34:11,,,,,,,,,,,,,,,
One star for the Cosmetics @Nykaa — Not what I expected #NewLaunch ☹️,0,India,Cosmetics,2024-12-10 01:45:07,,,,,,,,,,,,,,,
Waste of money the Books #BookTok #Unboxing ☹️,0,UK,Books,2025-05-07 19:53:03,,,,,,,,,,,,,,,
The Smartwatch isn't good enough to buy #Tech @Nike,0,Australia,Smartwatch,2025-07-29 22:56:51,,,,,,,,,,,,,,,
Too expensive for a Smartwatch. I'll pass #Sale @Apple,0,UK,Smartwatch,2025-09-08 12:10:11,,,,,,,,,,,,,,,
One star for the Laptop @Apple ☹️,0,USA,Laptop,2024-11-24 07:43:48,,,,,,,,,,,,,,,
The Smartwatch isn't good enough to buy #Tech @Flipkart,0,Canada,Smartwatch,2025-04-27 04:45:08,,,,,,,,,,,,,,,
"Love how the new Laptop looks, definitely buying #Shopping @Amazon",1,Canada,Laptop,2025-08-13 15:19:23,,,,,,,,,,,,,,,
Not satisfied with the Headphones @Jabra — Disappointed #Deal 😡,0,USA,Headphones,2024-03-30 21:13:32,,,,,,,,,,,,,,,
Great value in the Tablet #Unboxing 😍,1,Germany,Tablet,2025-08-02 06:09:23,,,,,,,,,,,,,,,
"Can't resist, the iPhone deal is too good 😍 @Amazon",1,USA,iPhone,2025-08-16 04:12:57,,,,,,,,,,,,,,,
"Can't resist, the iPhone deal is too good 🛒 @Nike",1,USA,iPhone,2025-06-14 15:56:39,,,,,,,,,,,,,,,
"The new Laptop is disappointing, won't buy 😐 @Sony",0,Australia,Laptop,2025-04-18 04:09:54,,,,,,,,,,,,,,,
"I was going to get a Smartwatch, but changed my mind 😩 @Sony",0,USA,Smartwatch,2025-08-20 19:43:50,,,,,,,,,,,,,,,
Loved this the Headphones @Bose #Shopping 👍,1,India,Headphones,2025-01-08 03:44:28,,,,,,,,,,,,,,,
Would not recommend the Jacket — Quality is bad #Unboxing,0,Germany,Jacket,2024-02-16 12:22:26,,,,,,,,,,,,,,,
So happy with the Gaming Console @Xbox #Unboxing 🔥,1,India,Gaming Console,2024-09-14 18:45:25,,,,,,,,,,,,,,,
Finally saved up enough to get the Headphones! 🔥 @Amazon,1,Canada,Headphones,2025-07-28 22:54:52,,,,,,,,,,,,,,,
Late delivery ruined the Camera — Disappointed #Deal 😡,0,India,Camera,2024-03-28 00:06:14,,,,,,,,,,,,,,,
Highly recommend the Watches #Review ✨,1,India,Watches,2025-09-01 21:19:49,,,,,,,,,,,,,,,
Highly recommend the Tablet #Review,1,Canada,Tablet,2025-08-11 04:51:25,,,,,,,,,,,,,,,
So happy with the Cosmetics @Nykaa #NewLaunch 👍,1,India,Cosmetics,2024-08-15 09:21:01,,,,,,,,,,,,,,,
Not worth the price the Cosmetics @Sephora #Review 😞,0,Canada,Cosmetics,2025-06-12 09:24:06,,,,,,,,,,,,,,,
"Not buying the iPhone, it's overpriced 😒 @Flipkart",0,India,iPhone,2025-09-24 11:12:19,,,,,,,,,,,,,,,
Fast delivery for the Gaming Console #NewLaunch 🔥,1,India,Gaming Console,2024-11-17 05:18:15,,,,,,,,,,,,,,,
Waste of money the Printer @HP — Quality is bad #Review 😞,0,UK,Printer,2024-09-05 13:31:40,,,,,,,,,,,,,,,
Very disappointed by the Furniture @Ikea — Not what I expected #Review ☹️,0,USA,Furniture,2024-09-23 17:58:22,,,,,,,,,,,,,,,
"Not buying the Smartwatch, it's overpriced 👎 @Flipkart",0,USA,Smartwatch,2025-05-29 14:16:51,,,,,,,,,,,,,,,
Regret buying the Phone — Not what I expected #Shopping 😞,0,USA,Phone,2024-01-05 21:40:52,,,,,,,,,,,,,,,
Amazing quality the Smartwatch @Fitbit #Sale 👍,1,USA,Smartwatch,2024-07-17 03:42:30,,,,,,,,,,,,,,,
Fantastic performance the Books #BookTok #Deal 😊,1,India,Books,2024-12-16 02:11:50,,,,,,,,,,,,,,,
Absolutely love the Furniture #Review 😊,1,Australia,Furniture,2024-05-12 08:40:29,,,,,,,,,,,,,,,
Five stars for the Backpack @Wildcraft #Unboxing ✨,1,Australia,Backpack,2025-05-27 22:58:08,,,,,,,,,,,,,,,
Not interested in purchasing the Shoes 👎 @Sony,0,UK,Shoes,2025-09-28 14:54:47,,,,,,,,,,,,,,,
Thinking about buying the Smartwatch tomorrow #NewLaunch @Apple,1,USA,Smartwatch,2025-04-13 17:49:56,,,,,,,,,,,,,,,
One star for the Smartwatch — Disappointed #Unboxing,0,Canada,Smartwatch,2025-09-19 22:33:12,,,,,,,,,,,,,,,
Fantastic performance the Phone @OnePlus #Unboxing 🔥,1,USA,Phone,2025-07-19 15:19:23,,,,,,,,,,,,,,,
"I was going to get a Shoes, but changed my mind 😒 @Apple",0,UK,Shoes,2025-05-06 11:01:43,,,,,,,,,,,,,,,
Not satisfied with the Watches — Disappointed #NewLaunch 😞,0,UK,Watches,2024-11-28 21:28:09,,,,,,,,,,,,,,,
So happy with the Laptop #Deal 🔥,1,India,Laptop,2024-11-26 22:37:46,,,,,,,,,,,,,,,
"Not buying the Laptop, it's overpriced 🙄 @Flipkart",0,Australia,Laptop,2025-09-22 11:35:01,,,,,,,,,,,,,,,
Great value in the Cosmetics #Deal 😍,1,Germany,Cosmetics,2024-09-01 06:44:37,,,,,,,,,,,,,,,
Would not recommend the Printer #Deal 👎,0,UK,Printer,2025-05-09 16:32:26,,,,,,,,,,,,,,,
Fantastic performance the Smartwatch @Apple #Shopping 🔥,1,USA,Smartwatch,2024-07-09 07:59:05,,,,,,,,,,,,,,,
I don’t think I’ll buy the Smartwatch anytime soon #Offer @Sony,0,Canada,Smartwatch,2025-06-14 02:38:12,,,,,,,,,,,,,,,
Not worth the price the Shoes @Adidas — Disappointed #Unboxing 😞,0,India,Shoes,2024-11-25 00:00:52,,,,,,,,,,,,,,,
Planning to get a iPhone this week #Deal @Amazon,1,Australia,iPhone,2025-06-15 12:01:13,,,,,,,,,,,,,,,
Five stars for the Gaming Console @Nintendo #Sale 😍,1,USA,Gaming Console,2025-07-08 05:47:30,,,,,,,,,,,,,,,
Terrible experience with the Shoes #Sale 👎,0,India,Shoes,2024-08-10 19:49:10,,,,,,,,,,,,,,,
Fast delivery for the Refrigerator @LG #NewLaunch 😍,1,Germany,Refrigerator,2025-01-06 21:50:52,,,,,,,,,,,,,,,
So happy with the Smartwatch @Apple #Deal,1,USA,Smartwatch,2025-05-16 00:52:52,,,,,,,,,,,,,,,
The Shoes doesn’t seem worth it #Fashion @Nike,0,UK,Shoes,2025-09-17 05:18:21,,,,,,,,,,,,,,,
Would not recommend the Backpack @Herschel — Disappointed #Review 😡,0,India,Backpack,2024-01-31 18:03:37,,,,,,,,,,,,,,,
Would not recommend the Smartwatch — Not what I expected #Unboxing ☹️,0,USA,Smartwatch,2024-04-02 16:30:10,,,,,,,,,,,,,,,
Late delivery ruined the Shoes @Puma — Disappointed #Unboxing 👎,0,India,Shoes,2024-05-12 23:15:39,,,,,,,,,,,,,,,
Amazing quality the Camera @Canon #Shopping 😊,1,Canada,Camera,2025-08-01 16:17:28,,,,,,,,,,,,,,,
Thinking about buying the Laptop tomorrow #Deal @BestBuy,1,USA,Laptop,2025-09-12 18:20:12,,,,,,,,,,,,,,,
Worth every penny the Cosmetics 🔥,1,UK,Cosmetics,2025-06-28 16:46:22,,,,,,,,,,,,,,,
Not satisfied with the Furniture — Disappointed #Deal 😡,0,India,Furniture,2024-08-25 21:10:21,,,,,,,,,,,,,,,
Highly recommend the Furniture @UrbanLadder #Deal 👍,1,India,Furniture,2025-04-08 17:36:35,,,,,,,,,,,,,,,
Poor quality the Jacket — Not what I expected #Sale 👎,0,India,Jacket,2024-10-24 12:17:43,,,,,,,,,,,,,,,
That Shoes looks amazing — I’m getting one #Sale @Flipkart,1,USA,Shoes,2025-09-15 05:57:27,,,,,,,,,,,,,,,
Poor quality the Furniture #Deal ☹️,0,India,Furniture,2025-02-12 14:27:31,,,,,,,,,,,,,,,
Regret buying the Camera @Canon — Not what I expected ☹️,0,Australia,Camera,2024-05-24 04:32:38,,,,,,,,,,,,,,,
I'm going to buy the new Shoes soon 🛒 #NewLaunch @Amazon,1,USA,Shoes,2025-08-19 21:55:47,,,,,,,,,,,,,,,
Fantastic performance the Backpack @Herschel #Sale 😊,1,USA,Backpack,2025-06-27 09:45:42,,,,,,,,,,,,,,,
Great value in the Furniture @Ikea #Deal 😍,1,USA,Furniture,2025-04-19 01:20:53,,,,,,,,,,,,,,,
Fantastic performance the Printer @HP #Unboxing,1,Germany,Printer,2025-04-12 21:33:06,,,,,,,,,,,,,,,
Waste of money the Shoes @Nike — Quality is bad #NewLaunch 😞,0,USA,Shoes,2025-02-05 04:20:11,,,,,,,,,,,,,,,
Planning to get a Headphones this week #MustBuy @Apple,1,Australia,Headphones,2025-07-09 08:35:37,,,,,,,,,,,,,,,
Fast delivery for the Backpack @Wildcraft 👍,1,India,Backpack,2024-12-26 09:59:14,,,,,,,,,,,,,,,
Very disappointed by the Furniture @UrbanLadder — Disappointed #Sale 😡,0,UK,Furniture,2024-01-02 05:25:36,,,,,,,,,,,,,,,
Fast delivery for the Bike @RoyalEnfield #Deal 👍,1,Germany,Bike,2025-06-13 14:20:21,,,,,,,,,,,,,,,
Highly recommend the TV 👍,1,India,TV,2024-09-03 12:20:04,,,,,,,,,,,,,,,
Would not recommend the Phone @Google — Quality is bad #NewLaunch ☹️,0,Germany,Phone,2024-05-29 18:15:53,,,,,,,,,,,,,,,
Not satisfied with the Jacket — Disappointed #Review 😞,0,India,Jacket,2025-01-30 00:31:01,,,,,,,,,,,,,,,
I don’t think I’ll buy the Smartwatch anytime soon #Sale @Sony,0,India,Smartwatch,2025-06-12 01:02:40,,,,,,,,,,,,,,,
Not worth the price the Headphones — Not what I expected #Sale,0,Australia,Headphones,2025-07-16 18:58:32,,,,,,,,,,,,,,,
Amazing quality the Laptop @Apple #Shopping 😍,1,Canada,Laptop,2024-05-17 23:18:19,,,,,,,,,,,,,,,
Too expensive for a Headphones. I'll pass #Fashion @Sony,0,UK,Headphones,2025-06-14 16:13:03,,,,,,,,,,,,,,,
"I was going to get a iPhone, but changed my mind 😩 @Nike",0,Canada,iPhone,2025-06-24 16:39:14,,,,,,,,,,,,,,,
"Love how the new Laptop looks, definitely buying #Shopping @Flipkart",1,Canada,Laptop,2025-08-05 21:24:39,,,,,,,,,,,,,,,
Would not recommend the Shoes #Review 😞,0,Germany,Shoes,2025-08-13 10:37:22,,,,,,,,,,,,,,,
Waste of money the Books — Quality is bad #Review ☹️,0,Australia,Books,2025-08-28 01:02:48,,,,,,,,,,,,,,,
Just ordered my Headphones! Can't wait to try it 🛒 @Flipkart,1,UK,Headphones,2025-07-11 15:48:42,,,,,,,,,,,,,,,
Poor quality the Laptop — Disappointed #Sale 😞,0,India,Laptop,2024-05-04 23:28:37,,,,,,,,,,,,,,,
Waste of money the Tablet @Apple — Quality is bad 💀,0,India,Tablet,2025-07-13 10:32:19,,,,,,,,,,,,,,,
Loved this the Laptop 👍,1,India,Laptop,2024-10-31 19:16:19,,,,,,,,,,,,,,,
Great value in the Shoes @Puma #Unboxing 🔥,1,India,Shoes,2024-04-06 07:43:10,,,,,,,,,,,,,,,
Loved this the Furniture @UrbanLadder #NewLaunch 🔥,1,UK,Furniture,2024-11-23 01:02:54,,,,,,,,,,,,,,,
Poor quality the Bike #NewLaunch 😞,0,India,Bike,2024-05-24 19:04:19,,,,,,,,,,,,,,,
"Not buying the Smartwatch, it's overpriced 😒 @Flipkart",0,UK,Smartwatch,2025-08-09 12:11:42,,,,,,,,,,,,,,,
Not satisfied with the Jacket @NorthFace — Quality is bad #Unboxing 😡,0,USA,Jacket,2025-10-30 06:26:13,,,,,,,,,,,,,,,
Thinking about buying the Headphones tomorrow #Deal @Flipkart,1,Australia,Headphones,2025-04-29 09:05:50,,,,,,,,,,,,,,,
One star for the Shoes @Nike — Disappointed #Deal 😞,0,Australia,Shoes,2025-10-04 22:13:04,,,,,,,,,,,,,,,
"Can't resist, the Shoes deal is too good 😎 @Sony",1,USA,Shoes,2025-05-20 13:13:34,,,,,,,,,,,,,,,
Very disappointed by the Furniture @UrbanLadder — Not what I expected #NewLaunch ☹️,0,India,Furniture,2024-12-26 17:06:02,,,,,,,,,,,,,,,
Great value in the Headphones @Bose #Review 😍,1,India,Headphones,2024-04-29 04:17:40,,,,,,,,,,,,,,,
Terrible experience with the Watches — Quality is bad #Sale ☹️,0,India,Watches,2025-09-08 07:00:28,,,,,,,,,,,,,,,
I'm going to buy the new Smartwatch soon 💻 #MustBuy @Apple,1,Canada,Smartwatch,2025-08-12 09:54:56,,,,,,,,,,,,,,,
Not satisfied with the Books — Not what I expected #NewLaunch 😞,0,USA,Books,2024-11-18 06:58:32,,,,,,,,,,,,,,,
Would not recommend the Shoes #Unboxing 💀,0,UK,Shoes,2025-01-30 03:11:25,,,,,,,,,,,,,,,
Finally saved up enough to get the Smartwatch! 🔥 @Apple,1,UK,Smartwatch,2025-04-27 01:53:56,,,,,,,,,,,,,,,
Worth every penny the Headphones #Unboxing 😊,1,UK,Headphones,2025-02-24 13:04:44,,,,,,,,,,,,,,,
I don’t think I’ll buy the Headphones anytime soon #MustBuy @Apple,0,Australia,Headphones,2025-08-29 23:18:30,,,,,,,,,,,,,,,
"Not buying the Laptop, it's overpriced 😐 @Amazon",0,USA,Laptop,2025-06-21 02:39:26,,,,,,,,,,,,,,,
Worth every penny the Phone @Apple #Review 🔥,1,India,Phone,2024-07-01 11:39:38,,,,,,,,,,,,,,,
Would not recommend the Books #BookTok — Quality is bad #Shopping,0,USA,Books,2025-02-04 08:43:18,,,,,,,,,,,,,,,
"Got my eyes on the iPhone, purchasing soon 🛒 @Amazon",1,Australia,iPhone,2025-04-29 15:23:57,,,,,,,,,,,,,,,
Not satisfied with the Refrigerator @LG — Disappointed #NewLaunch 😡,0,India,Refrigerator,2025-07-23 00:21:53,,,,,,,,,,,,,,,
Terrible experience with the Bike — Quality is bad #Deal 👎,0,India,Bike,2024-10-31 23:11:57,,,,,,,,,,,,,,,
Poor quality the Watches @Rolex #Unboxing 👎,0,USA,Watches,2025-10-15 20:09:31,,,,,,,,,,,,,,,
Fantastic performance the Watches @Fossil #Sale 🔥,1,Germany,Watches,2025-07-13 11:37:02,,,,,,,,,,,,,,,
Very disappointed by the Shoes — Quality is bad #Deal 😞,0,India,Shoes,2024-11-06 22:57:34,,,,,,,,,,,,,,,
Highly recommend the TV @LG #Review ✨,1,India,TV,2024-07-20 00:45:59,,,,,,,,,,,,,,,
Would not recommend the Printer — Disappointed #Unboxing 👎,0,USA,Printer,2024-11-03 06:11:24,,,,,,,,,,,,,,,
So happy with the Gaming Console @Nintendo #Review 😍,1,Canada,Gaming Console,2024-07-21 10:14:25,,,,,,,,,,,,,,,
Would not recommend the Jacket @NorthFace — Disappointed #Sale 💀,0,Canada,Jacket,2025-10-09 19:19:17,,,,,,,,,,,,,,,
So happy with the Gaming Console @Nintendo #Deal 😍,1,Australia,Gaming Console,2025-03-20 04:41:15,,,,,,,,,,,,,,,
Terrible experience with the Phone @Google #Shopping 😡,0,India,Phone,2025-06-28 22:15:44,,,,,,,,,,,,,,,
So happy with the Smartwatch @Apple #Shopping 🔥,1,India,Smartwatch,2025-01-02 23:11:54,,,,,,,,,,,,,,,
Worth every penny the TV #NewLaunch 👍,1,UK,TV,2024-08-16 00:04:34,,,,,,,,,,,,,,,
Would not recommend the Shoes @Puma — Disappointed #Deal 😡,0,UK,Shoes,2024-12-25 21:47:32,,,,,,,,,,,,,,,
"Can't resist, the Headphones deal is too good 💻 @BestBuy",1,Australia,Headphones,2025-07-28 12:28:43,,,,,,,,,,,,,,,
Regret buying the Refrigerator — Quality is bad #Unboxing ☹️,0,Australia,Refrigerator,2025-10-23 18:35:34,,,,,,,,,,,,,,,
Very disappointed by the Furniture — Quality is bad #Deal ☹️,0,India,Furniture,2024-05-04 17:00:20,,,,,,,,,,,,,,,
Not worth the price the Furniture #Sale 👎,0,Australia,Furniture,2024-02-17 03:44:57,,,,,,,,,,,,,,,
Waste of money the Gaming Console — Not what I expected #NewLaunch 👎,0,Canada,Gaming Console,2024-03-10 06:33:47,,,,,,,,,,,,,,,
Absolutely love the Gaming Console @Xbox #Shopping 😍,1,India,Gaming Console,2025-10-07 16:53:09,,,,,,,,,,,,,,,
"I was going to get a Smartwatch, but changed my mind 😐 @BestBuy",0,Australia,Smartwatch,2025-05-17 12:49:51,,,,,,,,,,,,,,,
Highly recommend the Gaming Console #Sale 😊,1,India,Gaming Console,2024-06-21 02:18:39,,,,,,,,,,,,,,,
Fast delivery for the Gaming Console @PlayStation #Review,1,India,Gaming Console,2024-04-01 10:43:53,,,,,,,,,,,,,,,
Fast delivery for the Printer ✨,1,India,Printer,2024-05-18 11:34:07,,,,,,,,,,,,,,,
So happy with the Jacket #Review 😊,1,India,Jacket,2025-09-18 03:13:17,,,,,,,,,,,,,,,
"The new Shoes is disappointing, won't buy 💀 @Nike",0,India,Shoes,2025-05-09 11:15:58,,,,,,,,,,,,,,,
Not worth the price the Camera @Nikon #NewLaunch ☹️,0,India,Camera,2024-09-15 19:56:04,,,,,,,,,,,,,,,
Highly recommend the Cosmetics @Nykaa #Sale,1,USA,Cosmetics,2024-11-27 06:50:03,,,,,,,,,,,,,,,
Great value in the Gaming Console @Nintendo 👍,1,Canada,Gaming Console,2025-07-26 15:37:31,,,,,,,,,,,,,,,
Waste of money the Smartwatch @Apple — Quality is bad #Review 💀,0,USA,Smartwatch,2024-09-29 16:18:54,,,,,,,,,,,,,,,
Poor quality the Backpack — Disappointed #Unboxing ☹️,0,Canada,Backpack,2024-10-27 18:35:09,,,,,,,,,,,,,,,
One star for the Phone #Review ☹️,0,Canada,Phone,2024-10-26 04:33:47,,,,,,,,,,,,,,,
Not satisfied with the Cosmetics — Not what I expected,0,USA,Cosmetics,2025-06-04 06:48:13,,,,,,,,,,,,,,,
Amazing quality the Printer @HP #Shopping 🔥,1,Canada,Printer,2024-03-02 16:08:19,,,,,,,,,,,,,,,
Waste of money the Laptop @Lenovo #NewLaunch ☹️,0,UK,Laptop,2025-01-21 20:06:08,,,,,,,,,,,,,,,
Five stars for the Bike @RoyalEnfield #Unboxing 😊,1,Germany,Bike,2025-10-14 08:43:04,,,,,,,,,,,,,,,
"Got my eyes on the iPhone, purchasing soon 😍 @Amazon",1,Canada,iPhone,2025-08-12 21:24:55,,,,,,,,,,,,,,,
Not satisfied with the Shoes — Disappointed #Unboxing 😡,0,UK,Shoes,2025-04-11 08:07:34,,,,,,,,,,,,,,,
Fast delivery for the Shoes @Nike #Unboxing ✨,1,India,Shoes,2025-11-08 11:04:59,,,,,,,,,,,,,,,
Very disappointed by the Jacket @NorthFace — Disappointed #Shopping ☹️,0,Australia,Jacket,2025-03-18 06:06:52,,,,,,,,,,,,,,,
Fast delivery for the Gaming Console 😍,1,Canada,Gaming Console,2025-09-29 04:24:19,,,,,,,,,,,,,,,
Great value in the Camera @Sony 😊,1,Canada,Camera,2024-02-25 09:57:00,,,,,,,,,,,,,,,
Would not recommend the Camera @Canon — Disappointed #Sale 😞,0,Canada,Camera,2024-01-09 16:39:51,,,,,,,,,,,,,,,
Thinking about buying the iPhone tomorrow #MustBuy @Sony,1,India,iPhone,2025-09-17 02:36:43,,,,,,,,,,,,,,,
The Laptop isn't good enough to buy #Sale @Sony,0,Australia,Laptop,2025-08-23 07:53:30,,,,,,,,,,,,,,,
I don’t think I’ll buy the Smartwatch anytime soon #NewLaunch @Apple,0,UK,Smartwatch,2025-08-19 06:53:41,,,,,,,,,,,,,,,
Terrible experience with the Furniture @Ikea #Sale 😞,0,UK,Furniture,2025-03-11 13:17:26,,,,,,,,,,,,,,,
Highly recommend the Printer @HP #Review 🔥,1,Australia,Printer,2025-07-26 09:40:52,,,,,,,,,,,,,,,
Late delivery ruined the Watches — Not what I expected #Review,0,USA,Watches,2024-12-30 12:54:35,,,,,,,,,,,,,,,
Not interested in purchasing the Headphones 😤 @Amazon,0,USA,Headphones,2025-05-07 13:45:24,,,,,,,,,,,,,,,
Absolutely love the Shoes #Unboxing 👍,1,Canada,Shoes,2025-04-23 11:59:14,,,,,,,,,,,,,,,
Poor quality the Smartwatch @Apple — Disappointed #Unboxing 😞,0,India,Smartwatch,2025-01-31 23:13:11,,,,,,,,,,,,,,,
Not worth the price the Smartwatch — Quality is bad #Deal 💀,0,USA,Smartwatch,2025-01-13 03:45:26,,,,,,,,,,,,,,,
Poor quality the Jacket @NorthFace #Sale,0,USA,Jacket,2024-05-08 05:55:54,,,,,,,,,,,,,,,
Worth every penny the Cosmetics #Shopping 😍,1,USA,Cosmetics,2025-08-16 02:05:12,,,,,,,,,,,,,,,
The Laptop isn't good enough to buy #MustBuy @Flipkart,0,India,Laptop,2025-09-24 00:22:50,,,,,,,,,,,,,,,
Regret buying the Phone @Samsung — Disappointed #Sale 💀,0,Canada,Phone,2025-04-18 13:07:09,,,,,,,,,,,,,,,
Five stars for the Laptop #Sale 😍,1,Germany,Laptop,2025-10-22 15:43:47,,,,,,,,,,,,,,,
Amazing quality the Furniture #Review 😊,1,UK,Furniture,2025-09-11 10:40:22,,,,,,,,,,,,,,,
"I was going to get a Laptop, but changed my mind 😒 @Amazon",0,India,Laptop,2025-09-10 11:18:00,,,,,,,,,,,,,,,
"I was going to get a Laptop, but changed my mind 😐 @Apple",0,Australia,Laptop,2025-06-07 21:36:09,,,,,,,,,,,,,,,
Very disappointed by the Phone — Quality is bad #Unboxing 😡,0,India,Phone,2025-05-20 09:16:39,,,,,,,,,,,,,,,
Five stars for the Headphones @Bose #NewLaunch 🔥,1,India,Headphones,2024-05-16 00:56:22,,,,,,,,,,,,,,,
Not worth the price the Cosmetics @Nykaa — Disappointed #Unboxing 💀,0,India,Cosmetics,2025-06-23 12:01:58,,,,,,,,,,,,,,,
Absolutely love the Bike @Hero #Sale 👍,1,USA,Bike,2024-08-04 14:13:04,,,,,,,,,,,,,,,
Waste of money the Printer @HP #Unboxing ☹️,0,USA,Printer,2024-02-22 08:05:36,,,,,,,,,,,,,,,
Too expensive for a Laptop. I'll pass #Fashion @Sony,0,USA,Laptop,2025-04-27 22:16:21,,,,,,,,,,,,,,,
Worth every penny the Headphones @Bose #Review 👍,1,USA,Headphones,2025-06-22 00:56:58,,,,,,,,,,,,,,,
That Headphones looks amazing — I’m getting one #Shopping @BestBuy,1,Canada,Headphones,2025-09-24 13:22:46,,,,,,,,,,,,,,,
Not worth the price the Furniture — Not what I expected #Deal 😞,0,Australia,Furniture,2024-06-11 10:11:27,,,,,,,,,,,,,,,
Amazing quality the Furniture @Ikea #Review,1,UK,Furniture,2025-07-28 06:40:44,,,,,,,,,,,,,,,
I don’t think I’ll buy the Shoes anytime soon #Shopping @Nike,0,India,Shoes,2025-06-23 05:55:40,,,,,,,,,,,,,,,
Loved this the Backpack 😊,1,Canada,Backpack,2025-03-20 00:27:10,,,,,,,,,,,,,,,
Fast delivery for the Camera #Review ✨,1,India,Camera,2025-10-21 22:15:05,,,,,,,,,,,,,,,
Finally saved up enough to get the Shoes! 😎 @BestBuy,1,Australia,Shoes,2025-08-15 11:10:34,,,,,,,,,,,,,,,
Worth every penny the Tablet #Shopping ✨,1,UK,Tablet,2025-03-07 16:44:26,,,,,,,,,,,,,,,
Five stars for the Backpack @Herschel #Unboxing,1,Australia,Backpack,2024-01-02 01:25:12,,,,,,,,,,,,,,,
Not worth the price the Refrigerator @Samsung — Disappointed #Deal ☹️,0,Australia,Refrigerator,2025-09-16 05:20:25,,,,,,,,,,,,,,,
Just ordered my Headphones! Can't wait to try it 💸 @Flipkart,1,UK,Headphones,2025-06-04 15:47:56,,,,,,,,,,,,,,,
I'm going to buy the new Shoes soon 🔥 #NewLaunch @Apple,1,Australia,Shoes,2025-04-11 19:40:50,,,,,,,,,,,,,,,
I'm going to buy the new Smartwatch soon 🛒 #Shopping @Amazon,1,India,Smartwatch,2025-06-11 01:21:23,,,,,,,,,,,,,,,
Planning to get a iPhone this week #Shopping @Amazon,1,Australia,iPhone,2025-09-22 16:46:07,,,,,,,,,,,,,,,
That Smartwatch looks amazing — I’m getting one #MustBuy @Sony,1,Canada,Smartwatch,2025-05-12 00:47:43,,,,,,,,,,,,,,,
Terrible experience with the Furniture @UrbanLadder — Not what I expected #Shopping ☹️,0,USA,Furniture,2025-09-20 18:34:08,,,,,,,,,,,,,,,
Great value in the Cosmetics @Sephora #Deal ✨,1,Canada,Cosmetics,2025-07-04 23:17:41,,,,,,,,,,,,,,,
Terrible experience with the Refrigerator @LG — Quality is bad #Shopping,0,Canada,Refrigerator,2025-01-30 11:13:06,,,,,,,,,,,,,,,
Fast delivery for the Watches @Titan #Sale 🔥,1,Canada,Watches,2025-11-10 08:04:34,,,,,,,,,,,,,,,
"I was going to get a iPhone, but changed my mind 😐 @Nike",0,India,iPhone,2025-05-28 01:03:05,,,,,,,,,,,,,,,
Finally saved up enough to get the Laptop! 🛒 @BestBuy,1,Australia,Laptop,2025-06-16 01:47:37,,,,,,,,,,,,,,,
Loved this the Smartwatch @Fitbit #NewLaunch 😍,1,USA,Smartwatch,2024-07-31 10:55:44,,,,,,,,,,,,,,,
Highly recommend the Furniture #Unboxing 🔥,1,Australia,Furniture,2024-07-06 07:24:50,,,,,,,,,,,,,,,
One star for the Shoes @Adidas #NewLaunch 💀,0,USA,Shoes,2024-10-24 14:42:28,,,,,,,,,,,,,,,
"Not buying the iPhone, it's overpriced 😒 @Flipkart",0,UK,iPhone,2025-06-09 03:18:25,,,,,,,,,,,,,,,
Absolutely love the Laptop #Review 😍,1,Australia,Laptop,2024-08-15 17:14:21,,,,,,,,,,,,,,,
Very disappointed by the Watches — Disappointed #Review 😞,0,Australia,Watches,2025-10-01 10:30:19,,,,,,,,,,,,,,,
Regret buying the Books #MustRead #NewLaunch ☹️,0,Canada,Books,2024-07-22 07:52:15,,,,,,,,,,,,,,,
Loved this the Books #Deal 😊,1,India,Books,2024-12-14 17:41:56,,,,,,,,,,,,,,,
Great value in the Furniture @UrbanLadder #Sale ✨,1,Australia,Furniture,2024-04-01 00:58:01,,,,,,,,,,,,,,,
Late delivery ruined the Laptop @Apple — Disappointed #Review ☹️,0,Canada,Laptop,2025-04-25 02:03:11,,,,,,,,,,,,,,,
Just ordered my Headphones! Can't wait to try it 🔥 @Sony,1,Australia,Headphones,2025-05-22 13:10:19,,,,,,,,,,,,,,,
Five stars for the Cosmetics #Sale 🔥,1,Canada,Cosmetics,2024-08-18 11:02:05,,,,,,,,,,,,,,,
Not satisfied with the Phone @Samsung — Not what I expected 💀,0,India,Phone,2024-07-12 22:44:28,,,,,,,,,,,,,,,
No plans to buy any Laptop right now #Offer @Flipkart,0,Australia,Laptop,2025-08-03 09:39:23,,,,,,,,,,,,,,,
Poor quality the Headphones @Bose — Not what I expected #Review 👎,0,UK,Headphones,2025-08-27 23:18:49,,,,,,,,,,,,,,,
Would not recommend the Phone @Samsung — Disappointed #NewLaunch,0,USA,Phone,2025-06-21 08:12:10,,,,,,,,,,,,,,,
Five stars for the Phone @Samsung #Review,1,India,Phone,2024-12-17 13:50:17,,,,,,,,,,,,,,,
Very disappointed by the Watches #Sale 👎,0,India,Watches,2024-01-15 01:58:43,,,,,,,,,,,,,,,
Not interested in purchasing the iPhone 😒 @Amazon,0,USA,iPhone,2025-08-21 07:38:30,,,,,,,,,,,,,,,
Terrible experience with the Tablet @Samsung — Disappointed #Deal 💀,0,Australia,Tablet,2024-08-31 11:35:29,,,,,,,,,,,,,,,
Late delivery ruined the Cosmetics @Sephora #Deal 😞,0,India,Cosmetics,2024-03-22 05:50:02,,,,,,,,,,,,,,,
Highly recommend the Phone @OnePlus 😍,1,India,Phone,2024-04-25 10:54:19,,,,,,,,,,,,,,,
"I was going to get a Smartwatch, but changed my mind 😩 @Amazon",0,Australia,Smartwatch,2025-07-30 07:29:11,,,,,,,,,,,,,,,
Terrible experience with the Gaming Console @Nintendo — Disappointed #Review 💀,0,USA,Gaming Console,2024-04-25 16:27:18,,,,,,,,,,,,,,,
"The new Shoes is disappointing, won't buy 😤 @Flipkart",0,India,Shoes,2025-06-05 02:04:43,,,,,,,,,,,,,,,
Thinking about buying the Headphones tomorrow #Shopping @BestBuy,1,UK,Headphones,2025-08-12 17:28:05,,,,,,,,,,,,,,,
Fast delivery for the Shoes @Adidas #Shopping 😊,1,Germany,Shoes,2024-11-27 17:59:27,,,,,,,,,,,,,,,
Too expensive for a Smartwatch. I'll pass #Deal @Flipkart,0,USA,Smartwatch,2025-08-19 05:23:35,,,,,,,,,,,,,,,
Regret buying the Headphones @Sony — Disappointed #Unboxing,0,Canada,Headphones,2024-10-25 15:05:58,,,,,,,,,,,,,,,
Not worth the price the Printer @HP #NewLaunch,0,Canada,Printer,2025-07-28 16:50:03,,,,,,,,,,,,,,,
Terrible experience with the Phone @Google — Disappointed #Deal 💀,0,India,Phone,2025-09-25 09:33:52,,,,,,,,,,,,,,,
Skipping the Smartwatch this time 💀 @Sony,0,UK,Smartwatch,2025-08-22 04:36:47,,,,,,,,,,,,,,,
Highly recommend the Refrigerator @Samsung #Deal ✨,1,India,Refrigerator,2025-08-18 22:39:12,,,,,,,,,,,,,,,
Five stars for the Laptop #Review,1,UK,Laptop,2024-02-26 19:30:49,,,,,,,,,,,,,,,
Late delivery ruined the TV — Disappointed ☹️,0,India,TV,2024-03-01 00:24:37,,,,,,,,,,,,,,,
Fantastic performance the Shoes #NewLaunch 🔥,1,Germany,Shoes,2025-10-04 00:25:22,,,,,,,,,,,,,,,
Five stars for the Jacket ✨,1,India,Jacket,2024-07-24 21:20:41,,,,,,,,,,,,,,,
Planning to get a Headphones this week #MustBuy @Flipkart,1,Canada,Headphones,2025-05-21 23:34:34,,,,,,,,,,,,,,,
Not worth the price the Books — Quality is bad #Sale ☹️,0,Australia,Books,2024-09-29 16:58:24,,,,,,,,,,,,,,,
Highly recommend the Smartwatch 👍,1,UK,Smartwatch,2024-03-02 09:55:01,,,,,,,,,,,,,,,
Poor quality the Bike @Bajaj — Disappointed #NewLaunch 😡,0,India,Bike,2025-07-17 07:05:02,,,,,,,,,,,,,,,
I'm going to buy the new iPhone soon 📱 #Fashion @Amazon,1,Canada,iPhone,2025-07-09 03:57:32,,,,,,,,,,,,,,,
Fantastic performance the Smartwatch #Unboxing 😊,1,UK,Smartwatch,2024-06-15 20:24:04,,,,,,,,,,,,,,,
Fantastic performance the Gaming Console @Nintendo #Unboxing ✨,1,India,Gaming Console,2025-01-10 09:18:36,,,,,,,,,,,,,,,
Thinking about buying the Laptop tomorrow #Deal @BestBuy,1,India,Laptop,2025-08-30 00:20:11,,,,,,,,,,,,,,,
Waste of money the Refrigerator @Samsung — Quality is bad #Deal 💀,0,India,Refrigerator,2024-04-10 23:31:21,,,,,,,,,,,,,,,
Regret buying the Refrigerator @LG — Quality is bad 😡,0,India,Refrigerator,2025-07-08 19:48:25,,,,,,,,,,,,,,,
Waste of money the Backpack @Herschel — Quality is bad #Review 😞,0,India,Backpack,2025-05-02 18:51:04,,,,,,,,,,,,,,,
Very disappointed by the Laptop — Not what I expected #NewLaunch 😞,0,India,Laptop,2024-06-28 00:36:50,,,,,,,,,,,,,,,
Amazing quality the Shoes @Puma #Sale 😍,1,Germany,Shoes,2024-02-23 19:04:56,,,,,,,,,,,,,,,
Absolutely love the Phone @OnePlus #Sale 🔥,1,India,Phone,2024-10-18 00:00:29,,,,,,,,,,,,,,,
Terrible experience with the Refrigerator #NewLaunch 😡,0,USA,Refrigerator,2025-02-07 16:25:27,,,,,,,,,,,,,,,
Not worth the price the Bike #Unboxing 😡,0,USA,Bike,2025-08-10 04:07:36,,,,,,,,,,,,,,,
So happy with the Printer @HP #Review,1,Australia,Printer,2024-01-12 03:53:42,,,,,,,,,,,,,,,
One star for the Bike — Quality is bad #Unboxing 😡,0,Australia,Bike,2024-07-27 23:25:18,,,,,,,,,,,,,,,
Regret buying the TV @Sony — Not what I expected #Unboxing 😞,0,USA,TV,2024-02-27 08:53:08,,,,,,,,,,,,,,,
Five stars for the Shoes @Adidas #Unboxing 😍,1,Australia,Shoes,2024-07-10 15:25:12,,,,,,,,,,,,,,,
Not satisfied with the Backpack @Herschel #Shopping 😞,0,Canada,Backpack,2025-05-04 15:41:30,,,,,,,,,,,,,,,
Would not recommend the Printer @HP — Disappointed #Shopping 👎,0,UK,Printer,2025-10-09 20:05:16,,,,,,,,,,,,,,,
Planning to get a iPhone this week #Tech @Apple,1,Canada,iPhone,2025-07-20 12:37:21,,,,,,,,,,,,,,,
Highly recommend the Phone #NewLaunch 😍,1,UK,Phone,2025-04-10 06:11:19,,,,,,,,,,,,,,,
Late delivery ruined the Bike — Disappointed #Sale ☹️,0,Germany,Bike,2024-06-20 09:00:35,,,,,,,,,,,,,,,
Very disappointed by the TV @Sony — Disappointed #NewLaunch 💀,0,USA,TV,2024-11-23 19:00:24,,,,,,,,,,,,,,,
Late delivery ruined the Cosmetics @Sephora — Disappointed #NewLaunch 😞,0,Australia,Cosmetics,2024-08-21 03:38:09,,,,,,,,,,,,,,,
"Can't resist, the Smartwatch deal is too good 😍 @Amazon",1,USA,Smartwatch,2025-06-12 02:51:45,,,,,,,,,,,,,,,
Finally saved up enough to get the Laptop! 😍 @Sony,1,UK,Laptop,2025-07-27 16:53:12,,,,,,,,,,,,,,,
Fast delivery for the Phone 😍,1,India,Phone,2025-07-12 10:45:47,,,,,,,,,,,,,,,
Loved this the Books #BookTok 🔥,1,USA,Books,2025-08-21 00:05:09,,,,,,,,,,,,,,,
"Can't resist, the Headphones deal is too good 😎 @Flipkart",1,India,Headphones,2025-09-20 19:40:41,,,,,,,,,,,,,,,
Absolutely love the Smartwatch @Samsung #Unboxing 👍,1,India,Smartwatch,2025-04-20 17:51:02,,,,,,,,,,,,,,,
Great value in the Shoes @Puma 👍,1,UK,Shoes,2025-04-25 11:47:46,,,,,,,,,,,,,,,
Poor quality the Furniture @Ikea — Not what I expected #Sale 😞,0,USA,Furniture,2025-05-18 16:39:02,,,,,,,,,,,,,,,
Absolutely love the TV #NewLaunch 😊,1,USA,TV,2024-12-04 00:31:49,,,,,,,,,,,,,,,
Five stars for the Gaming Console #Sale ✨,1,USA,Gaming Console,2025-01-04 22:10:20,,,,,,,,,,,,,,,
Five stars for the Jacket #NewLaunch ✨,1,India,Jacket,2025-04-06 01:02:07,,,,,,,,,,,,,,,
Not worth the price the Books — Disappointed #Unboxing 😡,0,India,Books,2024-11-16 23:29:35,,,,,,,,,,,,,,,
Skipping the Headphones this time 👎 @Apple,0,Australia,Headphones,2025-08-14 21:12:36,,,,,,,,,,,,,,,
Poor quality the Headphones — Not what I expected #Unboxing 😡,0,Germany,Headphones,2025-07-05 07:18:39,,,,,,,,,,,,,,,
Not satisfied with the Furniture 😡,0,India,Furniture,2025-08-09 12:29:26,,,,,,,,,,,,,,,
Loved this the Backpack #Sale 😍,1,India,Backpack,2024-06-02 15:43:30,,,,,,,,,,,,,,,
I don’t think I’ll buy the Smartwatch anytime soon #Tech @Amazon,0,Australia,Smartwatch,2025-07-21 02:05:26,,,,,,,,,,,,,,,
Not worth the price the Phone @OnePlus — Not what I expected 😞,0,India,Phone,2024-06-03 14:42:28,,,,,,,,,,,,,,,
"Not buying the Laptop, it's overpriced 😒 @Apple",0,UK,Laptop,2025-08-20 09:55:40,,,,,,,,,,,,,,,
Not satisfied with the Books — Disappointed #Review 😞,0,India,Books,2025-08-17 22:26:25,,,,,,,,,,,,,,,
Skipping the iPhone this time 💀 @BestBuy,0,Canada,iPhone,2025-04-19 04:55:43,,,,,,,,,,,,,,,
Very disappointed by the Jacket @Zara — Disappointed #Review ☹️,0,USA,Jacket,2024-12-06 00:25:00,,,,,,,,,,,,,,,
Amazing quality the Backpack @Wildcraft #Deal,1,USA,Backpack,2025-10-15 15:24:16,,,,,,,,,,,,,,,
Would not recommend the Shoes — Disappointed #Shopping 😡,0,India,Shoes,2024-05-17 22:12:07,,,,,,,,,,,,,,,
Absolutely love the Shoes @Puma #Review 😊,1,USA,Shoes,2024-08-24 12:31:48,,,,,,,,,,,,,,,
Waste of money the Printer @HP — Quality is bad #Unboxing,0,India,Printer,2025-01-27 13:30:27,,,,,,,,,,,,,,,
Great value in the Phone @Samsung #Review 😍,1,India,Phone,2024-10-13 00:32:37,,,,,,,,,,,,,,,
Thinking about buying the Smartwatch tomorrow #Fashion @Amazon,1,USA,Smartwatch,2025-09-11 12:57:14,,,,,,,,,,,,,,,
Waste of money the Tablet @Samsung — Not what I expected,0,USA,Tablet,2025-04-16 10:36:16,,,,,,,,,,,,,,,
Planning to get a iPhone this week #Deal @Amazon,1,Canada,iPhone,2025-09-11 03:09:03,,,,,,,,,,,,,,,
Poor quality the Shoes — Quality is bad 😡,0,Canada,Shoes,2025-10-15 21:17:27,,,,,,,,,,,,,,,
Absolutely love the Printer @HP 😊,1,USA,Printer,2025-03-04 02:14:08,,,,,,,,,,,,,,,
Really excited to purchase the latest iPhone 🛒 @Flipkart,1,UK,iPhone,2025-07-19 10:44:04,,,,,,,,,,,,,,,
Highly recommend the Gaming Console @Nintendo #Sale 👍,1,USA,Gaming Console,2024-08-28 05:55:27,,,,,,,,,,,,,,,
Waste of money the Camera @Canon — Not what I expected #Sale 👎,0,UK,Camera,2024-08-17 03:11:52,,,,,,,,,,,,,,,
Poor quality the Gaming Console @PlayStation #Shopping 💀,0,India,Gaming Console,2025-01-04 11:29:33,,,,,,,,,,,,,,,
Worth every penny the Backpack @Wildcraft #Shopping ✨,1,Germany,Backpack,2024-11-21 06:45:58,,,,,,,,,,,,,,,
So happy with the Camera @Nikon #Deal 🔥,1,USA,Camera,2025-06-13 07:00:31,,,,,,,,,,,,,,,
Fantastic performance the Bike @RoyalEnfield #NewLaunch 🔥,1,India,Bike,2025-01-20 01:24:50,,,,,,,,,,,,,,,
"Love how the new Shoes looks, definitely buying #Sale @Apple",1,Canada,Shoes,2025-09-03 00:03:15,,,,,,,,,,,,,,,
Not satisfied with the TV @Sony — Disappointed #Shopping ☹️,0,USA,TV,2024-11-16 19:14:23,,,,,,,,,,,,,,,
Worth every penny the Smartwatch #Unboxing,1,India,Smartwatch,2025-02-27 05:58:41,,,,,,,,,,,,,,,
Not satisfied with the Watches — Not what I expected #Deal 😞,0,Canada,Watches,2024-10-27 11:11:15,,,,,,,,,,,,,,,
Fast delivery for the Gaming Console @Xbox #Deal 👍,1,USA,Gaming Console,2025-04-25 09:16:53,,,,,,,,,,,,,,,
No plans to buy any iPhone right now #NewLaunch @Flipkart,0,USA,iPhone,2025-08-11 15:10:11,,,,,,,,,,,,,,,
Skipping the Laptop this time 😒 @Amazon,0,Canada,Laptop,2025-05-26 04:03:50,,,,,,,,,,,,,,,
Fantastic performance the Shoes @Adidas #Shopping 🔥,1,India,Shoes,2024-06-15 14:48:41,,,,,,,,,,,,,,,
Amazing quality the Watches @Fossil #NewLaunch 👍,1,India,Watches,2024-11-25 09:38:42,,,,,,,,,,,,,,,
Not satisfied with the Smartwatch — Not what I expected #NewLaunch 👎,0,Canada,Smartwatch,2024-01-29 05:25:25,,,,,,,,,,,,,,,
Great value in the TV 🔥,1,India,TV,2025-02-09 21:27:29,,,,,,,,,,,,,,,
Regret buying the Smartwatch #Sale ☹️,0,India,Smartwatch,2024-04-19 18:35:33,,,,,,,,,,,,,,,
One star for the Jacket @Zara — Quality is bad #Shopping 👎,0,Canada,Jacket,2024-07-10 05:02:13,,,,,,,,,,,,,,,
That Headphones looks amazing — I’m getting one #Sale @Flipkart,1,UK,Headphones,2025-07-11 21:49:53,,,,,,,,,,,,,,,
Not satisfied with the Headphones — Quality is bad #Deal ☹️,0,Canada,Headphones,2025-01-25 05:00:16,,,,,,,,,,,,,,,
Five stars for the Printer @HP #Unboxing 😍,1,USA,Printer,2024-10-27 11:59:25,,,,,,,,,,,,,,,
Not worth the price the Phone @Samsung — Disappointed #Review 😡,0,India,Phone,2024-01-25 16:28:19,,,,,,,,,,,,,,,
Not satisfied with the Tablet #Sale 😞,0,USA,Tablet,2025-01-31 20:23:28,,,,,,,,,,,,,,,
Thinking about buying the Headphones tomorrow #MustBuy @BestBuy,1,Australia,Headphones,2025-04-30 21:43:37,,,,,,,,,,,,,,,
"The new iPhone is disappointing, won't buy 😩 @Amazon",0,Australia,iPhone,2025-07-13 15:41:37,,,,,,,,,,,,,,,
"I was going to get a Shoes, but changed my mind 💀 @Apple",0,Australia,Shoes,2025-05-31 18:18:24,,,,,,,,,,,,,,,
Waste of money the Printer — Not what I expected 😞,0,USA,Printer,2024-08-25 08:29:34,,,,,,,,,,,,,,,
Worth every penny the Gaming Console,1,Germany,Gaming Console,2024-03-08 12:43:17,,,,,,,,,,,,,,,
So happy with the Headphones #Sale,1,India,Headphones,2024-02-23 09:02:50,,,,,,,,,,,,,,,
Amazing quality the Printer @HP #Unboxing,1,Canada,Printer,2024-01-13 22:07:23,,,,,,,,,,,,,,,
Too expensive for a Laptop. I'll pass #Offer @Amazon,0,USA,Laptop,2025-07-28 00:38:59,,,,,,,,,,,,,,,
Fast delivery for the Books #MustRead 🔥,1,Canada,Books,2025-02-02 20:20:25,,,,,,,,,,,,,,,
"Got my eyes on the iPhone, purchasing soon 🔥 @Sony",1,UK,iPhone,2025-08-25 07:47:44,,,,,,,,,,,,,,,
Amazing quality the Backpack @Wildcraft #Review 👍,1,India,Backpack,2025-05-01 17:08:07,,,,,,,,,,,,,,,
Skipping the Headphones this time 😐 @Nike,0,India,Headphones,2025-07-27 16:03:34,,,,,,,,,,,,,,,
Great value in the Camera @Sony 👍,1,Canada,Camera,2025-03-13 18:36:06,,,,,,,,,,,,,,,
Loved this the Refrigerator #Sale,1,India,Refrigerator,2024-10-21 07:37:55,,,,,,,,,,,,,,,
"Love how the new iPhone looks, definitely buying #Tech @Sony",1,USA,iPhone,2025-05-04 12:10:11,,,,,,,,,,,,,,,
I don’t think I’ll buy the Smartwatch anytime soon #Offer @Nike,0,UK,Smartwatch,2025-08-20 19:05:57,,,,,,,,,,,,,,,
Worth every penny the Laptop #NewLaunch,1,Canada,Laptop,2024-06-06 10:34:34,,,,,,,,,,,,,,,
Very disappointed by the Shoes — Disappointed #Shopping 👎,0,Germany,Shoes,2024-09-19 04:00:44,,,,,,,,,,,,,,,
Poor quality the Refrigerator @Samsung — Disappointed #Review 😞,0,Germany,Refrigerator,2025-05-11 07:53:05,,,,,,,,,,,,,,,
Not satisfied with the Laptop — Not what I expected #Unboxing 💀,0,India,Laptop,2025-01-07 13:26:05,,,,,,,,,,,,,,,
Would not recommend the Cosmetics @Sephora,0,USA,Cosmetics,2024-08-08 04:25:40,,,,,,,,,,,,,,,
Really excited to purchase the latest Headphones 🔥 @Nike,1,USA,Headphones,2025-05-04 01:03:16,,,,,,,,,,,,,,,
One star for the Books #BookTok — Not what I expected #Unboxing,0,USA,Books,2025-04-23 02:01:46,,,,,,,,,,,,,,,
The Shoes doesn’t seem worth it #Shopping @Apple,0,UK,Shoes,2025-10-07 06:35:46,,,,,,,,,,,,,,,
Five stars for the Cosmetics @Nykaa #Deal ✨,1,UK,Cosmetics,2025-04-01 13:38:06,,,,,,,,,,,,,,,
"Got my eyes on the Smartwatch, purchasing soon 💻 @Amazon",1,Canada,Smartwatch,2025-09-04 17:55:14,,,,,,,,,,,,,,,
Very disappointed by the Smartwatch @Apple — Quality is bad #Review,0,India,Smartwatch,2024-12-17 21:33:37,,,,,,,,,,,,,,,
Waste of money the Laptop @HP — Quality is bad #Sale 😞,0,Germany,Laptop,2025-04-01 00:44:20,,,,,,,,,,,,,,,
Waste of money the Jacket — Disappointed #Review,0,India,Jacket,2025-07-28 04:43:25,,,,,,,,,,,,,,,
"The new Shoes is disappointing, won't buy 👎 @BestBuy",0,India,Shoes,2025-09-20 17:04:58,,,,,,,,,,,,,,,
Regret buying the Gaming Console — Quality is bad #Deal 😡,0,USA,Gaming Console,2024-05-30 06:42:56,,,,,,,,,,,,,,,
Regret buying the Cosmetics — Not what I expected 😞,0,India,Cosmetics,2024-05-04 06:57:04,,,,,,,,,,,,,,,
Highly recommend the Gaming Console #Deal,1,Germany,Gaming Console,2024-10-12 11:30:53,,,,,,,,,,,,,,,
That Shoes looks amazing — I’m getting one #NewLaunch @Apple,1,UK,Shoes,2025-09-07 09:00:29,,,,,,,,,,,,,,,
Fast delivery for the Books #BookTok #Deal,1,India,Books,2024-01-20 04:32:53,,,,,,,,,,,,,,,
Not worth the price the Bike — Not what I expected #NewLaunch 👎,0,Germany,Bike,2024-03-18 08:16:01,,,,,,,,,,,,,,,
Loved this the Phone #NewLaunch ✨,1,Germany,Phone,2024-07-25 05:50:45,,,,,,,,,,,,,,,
Worth every penny the Headphones @Bose #Shopping 😊,1,India,Headphones,2024-10-16 18:11:07,,,,,,,,,,,,,,,
Absolutely love the Shoes #Unboxing 😊,1,Germany,Shoes,2024-06-03 01:08:06,,,,,,,,,,,,,,,
Just ordered my iPhone! Can't wait to try it 😎 @Sony,1,Canada,iPhone,2025-04-16 08:05:45,,,,,,,,,,,,,,,
Poor quality the Bike — Disappointed #NewLaunch 😞,0,UK,Bike,2025-05-14 00:46:43,,,,,,,,,,,,,,,
Not worth the price the Laptop @Dell #Review 💀,0,UK,Laptop,2024-05-27 11:04:00,,,,,,,,,,,,,,,
Fast delivery for the Printer #Review 👍,1,USA,Printer,2025-02-22 00:57:07,,,,,,,,,,,,,,,
Poor quality the Cosmetics — Quality is bad #NewLaunch 💀,0,UK,Cosmetics,2024-04-09 16:19:49,,,,,,,,,,,,,,,
Poor quality the Refrigerator — Not what I expected,0,India,Refrigerator,2025-09-13 00:57:35,,,,,,,,,,,,,,,
"Can't resist, the Shoes deal is too good 🛒 @BestBuy",1,India,Shoes,2025-05-23 02:32:51,,,,,,,,,,,,,,,
"The new iPhone is disappointing, won't buy 💀 @BestBuy",0,Canada,iPhone,2025-09-24 21:09:51,,,,,,,,,,,,,,,
Amazing quality the Furniture #Shopping ✨,1,USA,Furniture,2024-04-23 12:11:36,,,,,,,,,,,,,,,
That Smartwatch looks amazing — I’m getting one #Tech @Apple,1,India,Smartwatch,2025-05-05 14:26:56,,,,,,,,,,,,,,,
Really excited to purchase the latest Headphones 😎 @Sony,1,India,Headphones,2025-09-16 14:12:44,,,,,,,,,,,,,,,
"The new Laptop is disappointing, won't buy 😤 @Sony",0,UK,Laptop,2025-04-15 04:10:10,,,,,,,,,,,,,,,
Late delivery ruined the Watches @Fossil — Not what I expected #Shopping 😡,0,Canada,Watches,2025-02-09 17:01:17,,,,,,,,,,,,,,,
Fast delivery for the Books #Unboxing,1,Australia,Books,2025-09-11 23:54:09,,,,,,,,,,,,,,,
Highly recommend the Backpack @Wildcraft #NewLaunch ✨,1,Australia,Backpack,2024-08-02 04:32:08,,,,,,,,,,,,,,,
"Can't resist, the Smartwatch deal is too good 🛒 @Nike",1,Canada,Smartwatch,2025-09-12 23:42:35,,,,,,,,,,,,,,,
"I was going to get a Laptop, but changed my mind 🙄 @Amazon",0,UK,Laptop,2025-08-02 01:24:06,,,,,,,,,,,,,,,
No plans to buy any Laptop right now #MustBuy @Nike,0,USA,Laptop,2025-05-13 04:33:31,,,,,,,,,,,,,,,
Thinking about buying the iPhone tomorrow #Sale @BestBuy,1,Canada,iPhone,2025-09-21 21:43:08,,,,,,,,,,,,,,,
Absolutely love the Backpack #NewLaunch 🔥,1,Canada,Backpack,2024-09-03 19:26:05,,,,,,,,,,,,,,,
"I was going to get a Headphones, but changed my mind 😐 @Sony",0,Australia,Headphones,2025-05-20 20:26:15,,,,,,,,,,,,,,,
Highly recommend the Watches #Shopping 😊,1,USA,Watches,2025-04-23 16:24:54,,,,,,,,,,,,,,,
Poor quality the Shoes — Quality is bad #Unboxing ☹️,0,India,Shoes,2025-03-27 07:51:03,,,,,,,,,,,,,,,
I don’t think I’ll buy the Smartwatch anytime soon #Fashion @Apple,0,India,Smartwatch,2025-07-11 09:08:30,,,,,,,,,,,,,,,
Terrible experience with the Cosmetics 😞,0,India,Cosmetics,2025-03-19 22:12:09,,,,,,,,,,,,,,,
One star for the TV — Not what I expected #Sale 💀,0,Canada,TV,2024-03-18 22:58:09,,,,,,,,,,,,,,,
Not satisfied with the Books #MustRead #Sale 💀,0,India,Books,2024-08-13 14:13:31,,,,,,,,,,,,,,,
Late delivery ruined the Watches @Fossil #Shopping 💀,0,India,Watches,2024-10-14 01:34:54,,,,,,,,,,,,,,,
"The new Shoes is disappointing, won't buy 😐 @BestBuy",0,UK,Shoes,2025-09-29 11:43:09,,,,,,,,,,,,,,,
I'm going to buy the new Laptop soon 😍 #Fashion @Sony,1,UK,Laptop,2025-09-04 10:01:29,,,,,,,,,,,,,,,
Regret buying the Smartwatch @Apple — Quality is bad #NewLaunch 💀,0,Australia,Smartwatch,2025-07-02 10:01:50,,,,,,,,,,,,,,,
Amazing quality the Jacket @Zara ✨,1,UK,Jacket,2025-02-15 22:30:32,,,,,,,,,,,,,,,
Planning to get a Shoes this week #Shopping @BestBuy,1,USA,Shoes,2025-04-25 23:48:54,,,,,,,,,,,,,,,
Worth every penny the Refrigerator @Whirlpool #Unboxing 🔥,1,Australia,Refrigerator,2025-06-16 19:35:15,,,,,,,,,,,,,,,
One star for the Backpack — Disappointed #Sale,0,India,Backpack,2025-07-04 06:31:27,,,,,,,,,,,,,,,
Great value in the Backpack @Herschel #Unboxing 😊,1,India,Backpack,2025-03-17 18:28:38,,,,,,,,,,,,,,,
So happy with the Backpack @Wildcraft #Deal 👍,1,India,Backpack,2024-10-03 08:30:21,,,,,,,,,,,,,,,
Very disappointed by the Backpack — Quality is bad #Sale 👎,0,Australia,Backpack,2025-07-29 07:44:15,,,,,,,,,,,,,,,
No plans to buy any Headphones right now #NewLaunch @Nike,0,USA,Headphones,2025-04-18 14:11:44,,,,,,,,,,,,,,,
Regret buying the Cosmetics,0,Germany,Cosmetics,2025-10-07 23:57:23,,,,,,,,,,,,,,,
Not worth the price the Gaming Console — Quality is bad 😡,0,Canada,Gaming Console,2025-02-23 00:12:40,,,,,,,,,,,,,,,
Five stars for the Smartwatch #Sale ✨,1,India,Smartwatch,2024-12-14 17:22:13,,,,,,,,,,,,,,,
Just ordered my iPhone! Can't wait to try it 🔥 @BestBuy,1,India,iPhone,2025-06-02 12:15:53,,,,,,,,,,,,,,,
Not worth the price the Refrigerator @Whirlpool #Unboxing 😡,0,India,Refrigerator,2024-06-12 17:15:05,,,,,,,,,,,,,,,
No plans to buy any Headphones right now #Shopping @Nike,0,Australia,Headphones,2025-07-09 16:47:12,,,,,,,,,,,,,,,
Five stars for the Watches @Fossil #Sale 😊,1,India,Watches,2025-03-04 13:18:04,,,,,,,,,,,,,,,
"Got my eyes on the iPhone, purchasing soon 📱 @Apple",1,Australia,iPhone,2025-08-09 13:19:46,,,,,,,,,,,,,,,
"Love how the new iPhone looks, definitely buying #Sale @Amazon",1,USA,iPhone,2025-09-25 07:08:47,,,,,,,,,,,,,,,
One star for the Smartwatch @Fitbit — Disappointed #Unboxing 😡,0,India,Smartwatch,2025-11-11 07:05:09,,,,,,,,,,,,,,,
So happy with the TV @Sony #Unboxing 😊,1,India,TV,2025-08-21 20:24:23,,,,,,,,,,,,,,,
Skipping the Headphones this time 😒 @Amazon,0,UK,Headphones,2025-04-23 22:09:15,,,,,,,,,,,,,,,
Not worth the price the Smartwatch #Deal 😡,0,Australia,Smartwatch,2025-02-11 23:26:30,,,,,,,,,,,,,,,
So happy with the Laptop #NewLaunch ✨,1,Germany,Laptop,2024-11-06 19:37:11,,,,,,,,,,,,,,,
Five stars for the Books #BookTok #Sale 😊,1,UK,Books,2025-03-24 09:44:23,,,,,,,,,,,,,,,
Not worth the price the Headphones — Disappointed #Deal 💀,0,India,Headphones,2024-03-16 19:49:30,,,,,,,,,,,,,,,
Very disappointed by the Smartwatch @Apple — Not what I expected #Deal 💀,0,Canada,Smartwatch,2024-12-19 04:12:35,,,,,,,,,,,,,,,
So happy with the Bike @Bajaj 👍,1,India,Bike,2025-07-03 10:49:07,,,,,,,,,,,,,,,
Five stars for the Furniture @Ikea #NewLaunch 😍,1,India,Furniture,2025-09-14 04:05:38,,,,,,,,,,,,,,,
Highly recommend the Jacket @Zara #Shopping 👍,1,Canada,Jacket,2024-12-18 12:31:47,,,,,,,,,,,,,,,
I don’t think I’ll buy the Headphones anytime soon #Shopping @BestBuy,0,India,Headphones,2025-07-21 01:13:47,,,,,,,,,,,,,,,
So happy with the Shoes #Sale,1,India,Shoes,2024-07-25 01:17:25,,,,,,,,,,,,,,,
Not worth the price the Furniture #Deal 😞,0,Australia,Furniture,2024-02-11 22:35:13,,,,,,,,,,,,,,,
Loved this the Laptop #Unboxing 😊,1,Australia,Laptop,2024-05-24 15:42:45,,,,,,,,,,,,,,,
Loved this the Refrigerator #Sale 😊,1,India,Refrigerator,2024-01-12 03:23:32,,,,,,,,,,,,,,,
"The new Laptop is disappointing, won't buy 😤 @Sony",0,UK,Laptop,2025-04-10 21:40:43,,,,,,,,,,,,,,,
I'm going to buy the new iPhone soon 🛒 #Tech @Flipkart,1,Australia,iPhone,2025-08-30 18:32:45,,,,,,,,,,,,,,,
That Laptop looks amazing — I’m getting one #Offer @Amazon,1,India,Laptop,2025-05-12 03:08:34,,,,,,,,,,,,,,,
Great value in the Furniture @UrbanLadder #Shopping ✨,1,India,Furniture,2024-08-23 14:44:40,,,,,,,,,,,,,,,
Highly recommend the Phone #NewLaunch 🔥,1,India,Phone,2024-09-19 00:31:52,,,,,,,,,,,,,,,
Not worth the price the TV @Samsung — Not what I expected #Deal ☹️,0,Canada,TV,2024-02-20 17:02:17,,,,,,,,,,,,,,,
Loved this the Shoes #Sale ✨,1,Germany,Shoes,2024-10-07 15:31:55,,,,,,,,,,,,,,,
Very disappointed by the Tablet @Apple — Not what I expected #Unboxing ☹️,0,Germany,Tablet,2025-03-17 04:04:07,,,,,,,,,,,,,,,
One star for the Cosmetics @Sephora — Not what I expected #Deal 😡,0,India,Cosmetics,2025-09-24 04:29:18,,,,,,,,,,,,,,,
Regret buying the Phone @Google 👎,0,Australia,Phone,2025-03-31 07:06:03,,,,,,,,,,,,,,,
So happy with the Cosmetics #Shopping 🔥,1,Canada,Cosmetics,2024-03-19 08:51:03,,,,,,,,,,,,,,,
Would not recommend the Refrigerator @Whirlpool — Not what I expected #Unboxing,0,Canada,Refrigerator,2025-01-26 09:15:16,,,,,,,,,,,,,,,
Five stars for the Camera #Shopping 🔥,1,India,Camera,2024-09-03 11:13:29,,,,,,,,,,,,,,,
Finally saved up enough to get the Smartwatch! 😍 @Flipkart,1,India,Smartwatch,2025-04-13 06:45:52,,,,,,,,,,,,,,,
Very disappointed by the Shoes @Puma — Quality is bad #Deal ☹️,0,India,Shoes,2025-03-13 22:11:14,,,,,,,,,,,,,,,
Amazing quality the Bike @RoyalEnfield,1,India,Bike,2025-03-03 06:35:29,,,,,,,,,,,,,,,
Highly recommend the Headphones @Sony #NewLaunch 😊,1,Canada,Headphones,2025-01-27 06:21:56,,,,,,,,,,,,,,,
So happy with the Headphones @Bose #NewLaunch,1,UK,Headphones,2025-07-17 21:36:14,,,,,,,,,,,,,,,
Poor quality the Watches — Not what I expected #Shopping 💀,0,Germany,Watches,2025-08-08 18:24:09,,,,,,,,,,,,,,,
I don’t think I’ll buy the Shoes anytime soon #Deal @BestBuy,0,UK,Shoes,2025-09-01 18:27:14,,,,,,,,,,,,,,,
Regret buying the Phone @Samsung — Disappointed #Shopping ☹️,0,India,Phone,2025-01-23 09:41:16,,,,,,,,,,,,,,,
Not satisfied with the Backpack — Quality is bad #Deal,0,USA,Backpack,2024-01-13 12:27:52,,,,,,,,,,,,,,,
Great value in the Printer #Review 😊,1,India,Printer,2025-05-11 22:29:05,,,,,,,,,,,,,,,
"The new iPhone is disappointing, won't buy 😐 @Flipkart",0,Australia,iPhone,2025-05-21 11:27:08,,,,,,,,,,,,,,,
Regret buying the Bike — Quality is bad #NewLaunch,0,India,Bike,2025-02-25 13:17:47,,,,,,,,,,,,,,,
Loved this the Smartwatch @Fitbit #Sale 😊,1,India,Smartwatch,2025-02-18 08:33:35,,,,,,,,,,,,,,,
Highly recommend the Smartwatch @Fitbit #Sale 🔥,1,India,Smartwatch,2024-12-05 21:28:43,,,,,,,,,,,,,,,
Loved this the Smartwatch #NewLaunch 😍,1,Germany,Smartwatch,2025-07-11 10:53:06,,,,,,,,,,,,,,,
Amazing quality the Shoes @Nike #Unboxing 🔥,1,UK,Shoes,2025-04-27 05:54:01,,,,,,,,,,,,,,,
Poor quality the Printer @HP #Deal,0,India,Printer,2024-01-18 20:53:24,,,,,,,,,,,,,,,
Too expensive for a Shoes. I'll pass #Shopping @BestBuy,0,Canada,Shoes,2025-09-15 04:54:46,,,,,,,,,,,,,,,
Fantastic performance the Smartwatch @Apple #Deal,1,USA,Smartwatch,2025-07-05 02:47:36,,,,,,,,,,,,,,,
Waste of money the Bike #NewLaunch 💀,0,India,Bike,2024-07-06 06:05:22,,,,,,,,,,,,,,,
Not satisfied with the Backpack — Quality is bad #Review 👎,0,India,Backpack,2024-06-30 21:05:13,,,,,,,,,,,,,,,
Great value in the Books #MustRead 👍,1,USA,Books,2024-08-06 21:04:58,,,,,,,,,,,,,,,
Very disappointed by the Jacket @Zara — Disappointed #Deal ☹️,0,Canada,Jacket,2025-06-05 06:39:32,,,,,,,,,,,,,,,
Terrible experience with the Camera @Canon — Not what I expected #Review 😡,0,India,Camera,2025-01-06 04:38:52,,,,,,,,,,,,,,,
Not satisfied with the Printer — Quality is bad #NewLaunch 😞,0,USA,Printer,2025-06-01 21:15:24,,,,,,,,,,,,,,,
Really excited to purchase the latest Headphones 📱 @Sony,1,USA,Headphones,2025-05-12 14:22:45,,,,,,,,,,,,,,,
Fast delivery for the Laptop #NewLaunch 😍,1,Germany,Laptop,2024-11-26 19:14:37,,,,,,,,,,,,,,,
Would not recommend the Shoes @Puma — Quality is bad #Sale,0,Australia,Shoes,2024-04-07 08:35:05,,,,,,,,,,,,,,,
"Love how the new Smartwatch looks, definitely buying #NewLaunch @Nike",1,USA,Smartwatch,2025-09-07 12:49:33,,,,,,,,,,,,,,,
Late delivery ruined the Shoes @Nike — Quality is bad #NewLaunch 👎,0,Canada,Shoes,2025-08-18 16:01:00,,,,,,,,,,,,,,,
No plans to buy any Smartwatch right now #Sale @Nike,0,Canada,Smartwatch,2025-06-19 16:25:41,,,,,,,,,,,,,,,
Absolutely love the Phone @Google #Unboxing,1,India,Phone,2024-01-31 23:08:09,,,,,,,,,,,,,,,
Not worth the price the Phone @OnePlus — Disappointed #Sale ☹️,0,India,Phone,2025-04-25 09:08:04,,,,,,,,,,,,,,,
Regret buying the Printer @HP — Quality is bad #Unboxing ☹️,0,India,Printer,2025-04-08 16:20:34,,,,,,,,,,,,,,,
"I was going to get a Headphones, but changed my mind 😒 @Sony",0,UK,Headphones,2025-07-02 17:30:13,,,,,,,,,,,,,,,
Late delivery ruined the TV #Sale ☹️,0,Australia,TV,2024-10-11 17:45:35,,,,,,,,,,,,,,,
That Shoes looks amazing — I’m getting one #Sale @Sony,1,UK,Shoes,2025-08-24 09:38:49,,,,,,,,,,,,,,,
Waste of money the Gaming Console — Not what I expected #Sale 😡,0,India,Gaming Console,2024-08-20 18:59:05,,,,,,,,,,,,,,,
Waste of money the TV — Disappointed #Review ☹️,0,India,TV,2025-06-13 16:18:20,,,,,,,,,,,,,,,
Late delivery ruined the Books #MustRead #Unboxing 👎,0,India,Books,2025-04-06 10:12:16,,,,,,,,,,,,,,,
Really excited to purchase the latest Headphones 😎 @Apple,1,Australia,Headphones,2025-06-30 07:18:21,,,,,,,,,,,,,,,
Fantastic performance the Headphones @Sony #Shopping,1,Australia,Headphones,2024-06-21 15:06:20,,,,,,,,,,,,,,,
Loved this the Camera #Unboxing 🔥,1,Germany,Camera,2024-09-15 00:23:09,,,,,,,,,,,,,,,
No plans to buy any Laptop right now #Fashion @BestBuy,0,Australia,Laptop,2025-04-24 20:36:03,,,,,,,,,,,,,,,
I don’t think I’ll buy the iPhone anytime soon #Offer @Amazon,0,India,iPhone,2025-07-19 09:04:11,,,,,,,,,,,,,,,
Loved this the Laptop #Deal 👍,1,Canada,Laptop,2024-04-10 19:11:52,,,,,,,,,,,,,,,
Very disappointed by the Jacket @Zara — Disappointed #Deal ☹️,0,Canada,Jacket,2024-09-29 22:54:17,,,,,,,,,,,,,,,
So happy with the Watches @Titan #Sale ✨,1,Australia,Watches,2025-11-11 21:48:40,,,,,,,,,,,,,,,
Amazing quality the Furniture #Review 👍,1,Canada,Furniture,2024-12-19 18:35:25,,,,,,,,,,,,,,,
I don’t think I’ll buy the Laptop anytime soon #MustBuy @Nike,0,UK,Laptop,2025-08-01 05:40:29,,,,,,,,,,,,,,,
Not worth the price the Smartwatch @Fitbit — Disappointed #Unboxing 😡,0,India,Smartwatch,2025-03-12 02:51:00,,,,,,,,,,,,,,,
Not worth the price the Shoes — Disappointed #Unboxing 👎,0,India,Shoes,2024-06-20 05:18:39,,,,,,,,,,,,,,,
Worth every penny the Phone #Review 🔥,1,India,Phone,2024-06-05 16:26:37,,,,,,,,,,,,,,,
Amazing quality the Watches #Review 🔥,1,USA,Watches,2025-07-09 10:05:02,,,,,,,,,,,,,,,
Really excited to purchase the latest Shoes 🛒 @BestBuy,1,UK,Shoes,2025-06-10 12:14:50,,,,,,,,,,,,,,,
Really excited to purchase the latest Smartwatch 💻 @Apple,1,UK,Smartwatch,2025-09-07 07:36:13,,,,,,,,,,,,,,,
Loved this the Tablet #Deal ✨,1,UK,Tablet,2024-06-24 05:09:58,,,,,,,,,,,,,,,
Fantastic performance the Phone @Google #Review 😍,1,Germany,Phone,2025-09-16 22:33:22,,,,,,,,,,,,,,,
Late delivery ruined the Cosmetics #Deal 😡,0,India,Cosmetics,2025-02-16 15:33:47,,,,,,,,,,,,,,,
Really excited to purchase the latest Headphones 💸 @Nike,1,USA,Headphones,2025-08-13 19:36:13,,,,,,,,,,,,,,,
Terrible experience with the Watches @Titan — Not what I expected #Deal,0,India,Watches,2025-01-24 08:00:16,,,,,,,,,,,,,,,
Five stars for the Laptop 😍,1,Canada,Laptop,2025-10-02 07:32:29,,,,,,,,,,,,,,,
Late delivery ruined the Furniture — Disappointed #NewLaunch 😞,0,Germany,Furniture,2024-09-19 19:07:23,,,,,,,,,,,,,,,
Late delivery ruined the Phone — Disappointed #Shopping ☹️,0,India,Phone,2025-01-20 08:49:31,,,,,,,,,,,,,,,
Too expensive for a Shoes. I'll pass #Fashion @Nike,0,Canada,Shoes,2025-06-27 12:55:27,,,,,,,,,,,,,,,
Great value in the Laptop @Apple #NewLaunch 😍,1,USA,Laptop,2024-06-26 05:58:46,,,,,,,,,,,,,,,
The Laptop doesn’t seem worth it #Sale @Sony,0,UK,Laptop,2025-05-25 15:56:00,,,,,,,,,,,,,,,
Amazing quality the Smartwatch #NewLaunch ✨,1,Australia,Smartwatch,2025-08-06 13:23:48,,,,,,,,,,,,,,,
Worth every penny the Camera @Sony #Shopping 😍,1,India,Camera,2024-05-10 04:17:52,,,,,,,,,,,,,,,
"The new Laptop is disappointing, won't buy 😩 @Amazon",0,Canada,Laptop,2025-05-06 08:05:52,,,,,,,,,,,,,,,
"Love how the new Laptop looks, definitely buying #Deal @Apple",1,USA,Laptop,2025-07-28 19:23:39,,,,,,,,,,,,,,,
"Can't resist, the iPhone deal is too good 😍 @Sony",1,Australia,iPhone,2025-08-31 03:45:33,,,,,,,,,,,,,,,
"Love how the new Laptop looks, definitely buying #Deal @Sony",1,Australia,Laptop,2025-05-12 05:51:02,,,,,,,,,,,,,,,
Worth every penny the Camera @Sony #NewLaunch ✨,1,USA,Camera,2024-05-29 08:03:49,,,,,,,,,,,,,,,
Very disappointed by the Headphones @Sony — Disappointed #Review 😡,0,India,Headphones,2024-04-03 10:08:03,,,,,,,,,,,,,,,
Highly recommend the Cosmetics @Sephora 😊,1,USA,Cosmetics,2025-05-21 10:11:42,,,,,,,,,,,,,,,
Not worth the price the Watches @Fossil — Not what I expected #Unboxing ☹️,0,India,Watches,2024-02-14 12:28:42,,,,,,,,,,,,,,,
The Smartwatch doesn’t seem worth it #MustBuy @Apple,0,Canada,Smartwatch,2025-05-29 16:08:51,,,,,,,,,,,,,,,
Five stars for the TV #Sale 🔥,1,India,TV,2024-11-16 14:07:59,,,,,,,,,,,,,,,
Too expensive for a Smartwatch. I'll pass #Deal @Amazon,0,USA,Smartwatch,2025-06-04 02:40:36,,,,,,,,,,,,,,,
Would not recommend the Bike @RoyalEnfield — Disappointed #NewLaunch,0,India,Bike,2024-08-01 08:42:32,,,,,,,,,,,,,,,
The Headphones doesn’t seem worth it #NewLaunch @Flipkart,0,UK,Headphones,2025-07-14 22:19:46,,,,,,,,,,,,,,,
Planning to get a Smartwatch this week #Sale @BestBuy,1,UK,Smartwatch,2025-05-20 08:37:06,,,,,,,,,,,,,,,
Fantastic performance the Jacket #Review ✨,1,Canada,Jacket,2024-05-15 08:29:12,,,,,,,,,,,,,,,
Worth every penny the Refrigerator @LG 🔥,1,Germany,Refrigerator,2024-11-29 21:26:35,,,,,,,,,,,,,,,
Not satisfied with the Phone #Sale,0,Canada,Phone,2024-11-18 21:24:24,,,,,,,,,,,,,,,
"Love how the new Laptop looks, definitely buying #NewLaunch @Sony",1,Canada,Laptop,2025-04-10 14:18:14,,,,,,,,,,,,,,,
"Love how the new iPhone looks, definitely buying #Fashion @Apple",1,UK,iPhone,2025-04-16 07:47:19,,,,,,,,,,,,,,,
Fast delivery for the Printer #NewLaunch 😍,1,USA,Printer,2024-12-20 21:14:28,,,,,,,,,,,,,,,
Great value in the Backpack @Wildcraft #NewLaunch ✨,1,USA,Backpack,2025-01-27 20:53:52,,,,,,,,,,,,,,,
I don’t think I’ll buy the Laptop anytime soon #NewLaunch @BestBuy,0,Canada,Laptop,2025-09-29 18:16:39,,,,,,,,,,,,,,,
Poor quality the TV @Samsung — Not what I expected #NewLaunch 😞,0,India,TV,2024-11-26 15:50:03,,,,,,,,,,,,,,,
Thinking about buying the Laptop tomorrow #MustBuy @Nike,1,India,Laptop,2025-07-05 20:06:58,,,,,,,,,,,,,,,
Worth every penny the TV @Sony #Sale 😊,1,Canada,TV,2025-03-18 20:03:46,,,,,,,,,,,,,,,
Waste of money the Bike @Hero — Not what I expected #Review 💀,0,India,Bike,2024-11-20 08:25:26,,,,,,,,,,,,,,,
So happy with the Smartwatch #Review 😍,1,India,Smartwatch,2025-03-21 01:09:24,,,,,,,,,,,,,,,
Too expensive for a iPhone. I'll pass #Tech @Apple,0,India,iPhone,2025-05-16 08:36:20,,,,,,,,,,,,,,,
Would not recommend the TV @Sony #Deal 👎,0,UK,TV,2024-01-03 11:03:45,,,,,,,,,,,,,,,
Worth every penny the Tablet,1,Canada,Tablet,2025-04-09 10:17:06,,,,,,,,,,,,,,,
Great value in the Jacket #Review ✨,1,India,Jacket,2024-10-25 15:16:22,,,,,,,,,,,,,,,
Highly recommend the Laptop #Review 😊,1,India,Laptop,2025-07-17 10:25:07,,,,,,,,,,,,,,,
Finally saved up enough to get the Smartwatch! 😎 @Amazon,1,India,Smartwatch,2025-08-24 11:42:01,,,,,,,,,,,,,,,
Just ordered my Laptop! Can't wait to try it 📱 @BestBuy,1,Canada,Laptop,2025-05-04 00:36:35,,,,,,,,,,,,,,,
Fast delivery for the Bike #Deal 😊,1,Canada,Bike,2025-05-01 20:23:00,,,,,,,,,,,,,,,
Waste of money the Smartwatch @Fitbit #Review ☹️,0,Canada,Smartwatch,2025-04-26 02:06:29,,,,,,,,,,,,,,,
"I was going to get a iPhone, but changed my mind 😒 @Apple",0,UK,iPhone,2025-07-08 06:57:38,,,,,,,,,,,,,,,
Waste of money the Jacket @Zara — Quality is bad #Review 👎,0,USA,Jacket,2024-02-07 19:03:12,,,,,,,,,,,,,,,
Skipping the iPhone this time 😤 @Sony,0,Australia,iPhone,2025-06-20 00:08:20,,,,,,,,,,,,,,,
Amazing quality the Jacket 👍,1,USA,Jacket,2024-10-29 13:59:12,,,,,,,,,,,,,,,
Very disappointed by the TV @Sony — Not what I expected #NewLaunch 💀,0,UK,TV,2025-10-16 08:03:47,,,,,,,,,,,,,,,
"Got my eyes on the iPhone, purchasing soon 😍 @Sony",1,India,iPhone,2025-07-12 03:27:08,,,,,,,,,,,,,,,
Loved this the Headphones #Review,1,India,Headphones,2024-01-28 00:53:41,,,,,,,,,,,,,,,
Worth every penny the Gaming Console #Shopping 🔥,1,India,Gaming Console,2024-02-17 20:40:19,,,,,,,,,,,,,,,
Loved this the Laptop #Sale 👍,1,Canada,Laptop,2024-01-05 08:44:17,,,,,,,,,,,,,,,
That Shoes looks amazing — I’m getting one #Tech @Sony,1,Australia,Shoes,2025-08-18 03:14:19,,,,,,,,,,,,,,,
Loved this the Cosmetics #Review 👍,1,India,Cosmetics,2025-03-29 15:08:37,,,,,,,,,,,,,,,
The Laptop isn't good enough to buy #MustBuy @Apple,0,USA,Laptop,2025-07-29 04:07:09,,,,,,,,,,,,,,,
Great value in the Refrigerator 😍,1,India,Refrigerator,2025-11-08 06:52:22,,,,,,,,,,,,,,,
So happy with the Jacket @Zara #NewLaunch 🔥,1,USA,Jacket,2024-09-25 20:53:06,,,,,,,,,,,,,,,
Fantastic performance the Backpack @Wildcraft #NewLaunch ✨,1,India,Backpack,2025-01-20 02:09:24,,,,,,,,,,,,,,,
So happy with the Camera @Sony #NewLaunch 😍,1,UK,Camera,2024-04-13 13:37:15,,,,,,,,,,,,,,,
"The new Laptop is disappointing, won't buy 👎 @Sony",0,India,Laptop,2025-07-19 03:59:38,,,,,,,,,,,,,,,
Fantastic performance the Shoes @Nike #Shopping 🔥,1,India,Shoes,2024-06-16 03:19:24,,,,,,,,,,,,,,,
Fantastic performance the Refrigerator @Samsung #Unboxing 😊,1,UK,Refrigerator,2025-06-22 15:38:29,,,,,,,,,,,,,,,
One star for the Printer @HP #Unboxing ☹️,0,USA,Printer,2025-05-31 15:25:51,,,,,,,,,,,,,,,
Terrible experience with the Gaming Console — Disappointed 👎,0,Canada,Gaming Console,2025-01-20 21:40:45,,,,,,,,,,,,,,,
The Smartwatch isn't good enough to buy #MustBuy @Nike,0,Australia,Smartwatch,2025-08-05 15:00:22,,,,,,,,,,,,,,,
I don’t think I’ll buy the Laptop anytime soon #Offer @Nike,0,Canada,Laptop,2025-06-27 07:54:02,,,,,,,,,,,,,,,
Would not recommend the Cosmetics — Quality is bad #Deal 😡,0,India,Cosmetics,2024-05-17 19:10:47,,,,,,,,,,,,,,,
Skipping the Laptop this time 😒 @Nike,0,Canada,Laptop,2025-07-05 23:56:43,,,,,,,,,,,,,,,
One star for the Refrigerator @Samsung #NewLaunch 💀,0,UK,Refrigerator,2025-07-24 03:55:49,,,,,,,,,,,,,,,
"The new Laptop is disappointing, won't buy 😐 @BestBuy",0,Australia,Laptop,2025-07-20 10:04:06,,,,,,,,,,,,,,,
Regret buying the TV — Disappointed #Shopping 😡,0,USA,TV,2025-10-06 04:36:38,,,,,,,,,,,,,,,
Great value in the Watches #Shopping,1,USA,Watches,2024-06-09 22:28:49,,,,,,,,,,,,,,,
Worth every penny the Smartwatch @Apple #Sale 🔥,1,India,Smartwatch,2025-10-05 18:12:17,,,,,,,,,,,,,,,
"Love how the new Headphones looks, definitely buying #Offer @BestBuy",1,USA,Headphones,2025-05-28 13:21:23,,,,,,,,,,,,,,,
Not worth the price the Phone @Apple ☹️,0,Australia,Phone,2024-04-09 07:30:30,,,,,,,,,,,,,,,
Regret buying the Laptop — Disappointed #Unboxing 💀,0,India,Laptop,2025-10-15 08:25:24,,,,,,,,,,,,,,,
Skipping the iPhone this time 😐 @Sony,0,Australia,iPhone,2025-06-16 17:04:14,,,,,,,,,,,,,,,
Late delivery ruined the Headphones @Bose — Not what I expected #NewLaunch,0,USA,Headphones,2024-10-19 00:30:47,,,,,,,,,,,,,,,
I'm going to buy the new iPhone soon 🔥 #Deal @Nike,1,USA,iPhone,2025-09-29 02:03:27,,,,,,,,,,,,,,,
Not interested in purchasing the Smartwatch 🙄 @Nike,0,India,Smartwatch,2025-07-26 12:30:38,,,,,,,,,,,,,,,
I'm going to buy the new Laptop soon 💻 #Shopping @Nike,1,USA,Laptop,2025-06-13 15:01:35,,,,,,,,,,,,,,,
"Not buying the Shoes, it's overpriced 😒 @Nike",0,UK,Shoes,2025-05-10 19:23:55,,,,,,,,,,,,,,,
Planning to get a Laptop this week #Fashion @Sony,1,India,Laptop,2025-05-09 03:26:46,,,,,,,,,,,,,,,
Regret buying the Shoes — Not what I expected #Unboxing 😞,0,India,Shoes,2024-06-13 04:09:49,,,,,,,,,,,,,,,
"Not buying the Headphones, it's overpriced 😐 @Flipkart",0,UK,Headphones,2025-07-04 11:28:48,,,,,,,,,,,,,,,
"The new Headphones is disappointing, won't buy 👎 @BestBuy",0,UK,Headphones,2025-04-21 22:14:50,,,,,,,,,,,,,,,
Highly recommend the TV 😍,1,India,TV,2024-02-04 14:01:19,,,,,,,,,,,,,,,
Not satisfied with the Laptop @HP #Sale,0,India,Laptop,2024-03-02 02:48:19,,,,,,,,,,,,,,,
Fantastic performance the Watches @Titan #Shopping ✨,1,Canada,Watches,2025-09-19 20:17:57,,,,,,,,,,,,,,,
Very disappointed by the Phone @OnePlus — Quality is bad #Unboxing 😞,0,Canada,Phone,2024-03-15 10:27:51,,,,,,,,,,,,,,,
Not worth the price the Phone — Disappointed #Shopping 💀,0,India,Phone,2025-09-26 12:19:55,,,,,,,,,,,,,,,
So happy with the Jacket @NorthFace #Sale ✨,1,Australia,Jacket,2025-11-09 01:56:07,,,,,,,,,,,,,,,
Not satisfied with the Bike @RoyalEnfield — Not what I expected #Review,0,UK,Bike,2024-06-06 04:12:06,,,,,,,,,,,,,,,
Regret buying the Laptop — Quality is bad #Sale 😡,0,India,Laptop,2025-03-02 14:11:46,,,,,,,,,,,,,,,
I don’t think I’ll buy the Headphones anytime soon #Fashion @BestBuy,0,UK,Headphones,2025-09-06 10:26:16,,,,,,,,,,,,,,,
The iPhone doesn’t seem worth it #Tech @Flipkart,0,Canada,iPhone,2025-09-23 04:06:32,,,,,,,,,,,,,,,
I'm going to buy the new Shoes soon 😍 #Shopping @Flipkart,1,Canada,Shoes,2025-09-08 20:14:57,,,,,,,,,,,,,,,
Poor quality the Headphones — Quality is bad #Deal 😞,0,India,Headphones,2025-11-02 03:09:21,,,,,,,,,,,,,,,
I'm going to buy the new Headphones soon 😍 #Sale @Sony,1,India,Headphones,2025-08-10 19:46:32,,,,,,,,,,,,,,,
Poor quality the TV @LG — Disappointed #NewLaunch 😡,0,India,TV,2025-09-19 15:18:46,,,,,,,,,,,,,,,
Waste of money the Furniture @Ikea — Disappointed #Shopping 👎,0,India,Furniture,2025-08-16 20:02:13,,,,,,,,,,,,,,,
Regret buying the Shoes @Nike #Sale 😡,0,UK,Shoes,2024-11-13 08:36:38,,,,,,,,,,,,,,,
Waste of money the Camera — Quality is bad #Review 💀,0,Germany,Camera,2025-03-22 17:20:45,,,,,,,,,,,,,,,
"Got my eyes on the Smartwatch, purchasing soon 💸 @Nike",1,India,Smartwatch,2025-07-31 10:50:17,,,,,,,,,,,,,,,
Not interested in purchasing the Smartwatch 😩 @Amazon,0,USA,Smartwatch,2025-05-11 08:11:07,,,,,,,,,,,,,,,
Late delivery ruined the Cosmetics @Nykaa — Disappointed #Unboxing ☹️,0,India,Cosmetics,2024-07-23 19:09:35,,,,,,,,,,,,,,,
Five stars for the Watches,1,USA,Watches,2024-04-02 21:12:05,,,,,,,,,,,,,,,
Poor quality the Jacket @Zara — Quality is bad 👎,0,USA,Jacket,2024-12-24 15:34:01,,,,,,,,,,,,,,,
So happy with the Phone #Sale 🔥,1,USA,Phone,2025-02-03 19:20:16,,,,,,,,,,,,,,,
"The new iPhone is disappointing, won't buy 👎 @Apple",0,India,iPhone,2025-05-21 10:42:02,,,,,,,,,,,,,,,
Not satisfied with the Books — Disappointed #Sale ☹️,0,Australia,Books,2025-05-22 02:48:13,,,,,,,,,,,,,,,
Very disappointed by the Tablet — Quality is bad #Unboxing ☹️,0,Australia,Tablet,2024-04-16 14:57:12,,,,,,,,,,,,,,,
Really excited to purchase the latest Laptop 🔥 @Amazon,1,Australia,Laptop,2025-05-01 07:36:26,,,,,,,,,,,,,,,
Five stars for the Phone @OnePlus #Deal,1,Canada,Phone,2025-10-17 16:26:22,,,,,,,,,,,,,,,
Highly recommend the Refrigerator @Samsung #Unboxing,1,USA,Refrigerator,2025-05-06 18:15:37,,,,,,,,,,,,,,,
So happy with the Camera @Nikon #Deal 😊,1,Canada,Camera,2024-03-18 17:52:44,,,,,,,,,,,,,,,
Fantastic performance the Jacket @NorthFace #Unboxing 👍,1,Australia,Jacket,2025-01-29 04:28:26,,,,,,,,,,,,,,,
One star for the Headphones #Review 👎,0,Germany,Headphones,2024-08-28 11:01:28,,,,,,,,,,,,,,,
Poor quality the TV @Samsung — Quality is bad #Deal 👎,0,Canada,TV,2024-05-10 09:38:53,,,,,,,,,,,,,,,
Great value in the Camera @Sony #Review 🔥,1,Australia,Camera,2024-01-04 04:54:32,,,,,,,,,,,,,,,
I'm going to buy the new Laptop soon 💸 #Fashion @Flipkart,1,Australia,Laptop,2025-04-16 07:22:55,,,,,,,,,,,,,,,
Finally saved up enough to get the Laptop! 😎 @Sony,1,India,Laptop,2025-05-19 16:28:30,,,,,,,,,,,,,,,
Skipping the Shoes this time 😐 @Apple,0,UK,Shoes,2025-09-30 11:14:34,,,,,,,,,,,,,,,
One star for the Headphones — Not what I expected #NewLaunch 😞,0,USA,Headphones,2024-01-03 05:47:45,,,,,,,,,,,,,,,
Loved this the Watches #Sale 😊,1,India,Watches,2025-01-29 06:03:32,,,,,,,,,,,,,,,
So happy with the Phone @OnePlus #NewLaunch 👍,1,India,Phone,2025-04-21 04:42:53,,,,,,,,,,,,,,,
Five stars for the Bike @Bajaj 🔥,1,USA,Bike,2025-07-27 13:59:53,,,,,,,,,,,,,,,
The Headphones isn't good enough to buy #Shopping @Nike,0,Australia,Headphones,2025-05-26 07:19:43,,,,,,,,,,,,,,,
Worth every penny the Camera @Nikon #Shopping 😍,1,Germany,Camera,2025-03-15 19:13:32,,,,,,,,,,,,,,,
Regret buying the Watches #Shopping ☹️,0,Canada,Watches,2024-01-15 18:15:29,,,,,,,,,,,,,,,
Fantastic performance the Laptop @Lenovo #NewLaunch 🔥,1,USA,Laptop,2025-04-03 20:45:12,,,,,,,,,,,,,,,
Highly recommend the Books #BookTok #Shopping ✨,1,USA,Books,2025-06-16 10:48:28,,,,,,,,,,,,,,,
Too expensive for a Shoes. I'll pass #NewLaunch @BestBuy,0,Canada,Shoes,2025-05-11 10:34:05,,,,,,,,,,,,,,,
Waste of money the Headphones @Sony #Review 👎,0,Germany,Headphones,2024-01-02 02:05:49,,,,,,,,,,,,,,,
Absolutely love the Furniture @Ikea #Sale 🔥,1,Australia,Furniture,2025-04-24 19:26:35,,,,,,,,,,,,,,,
So happy with the Refrigerator @Whirlpool #Unboxing ✨,1,India,Refrigerator,2024-04-04 14:19:57,,,,,,,,,,,,,,,
Great value in the Printer @HP #Sale ✨,1,India,Printer,2025-08-05 23:25:33,,,,,,,,,,,,,,,
Great value in the Cosmetics #Deal 🔥,1,Australia,Cosmetics,2025-05-31 22:11:51,,,,,,,,,,,,,,,
Great value in the Furniture #Shopping 🔥,1,USA,Furniture,2025-06-14 03:40:46,,,,,,,,,,,,,,,
Regret buying the Gaming Console — Quality is bad #Review 😡,0,Australia,Gaming Console,2025-06-28 01:26:15,,,,,,,,,,,,,,,
Too expensive for a Shoes. I'll pass #Sale @Apple,0,USA,Shoes,2025-07-04 05:01:56,,,,,,,,,,,,,,,
Worth every penny the Cosmetics #Shopping 😍,1,India,Cosmetics,2025-02-25 13:47:58,,,,,,,,,,,,,,,
Worth every penny the Refrigerator #Review,1,Canada,Refrigerator,2025-09-20 07:36:46,,,,,,,,,,,,,,,
Planning to get a Laptop this week #Fashion @Apple,1,UK,Laptop,2025-04-22 20:13:33,,,,,,,,,,,,,,,
Just ordered my iPhone! Can't wait to try it 😎 @BestBuy,1,USA,iPhone,2025-04-28 06:19:11,,,,,,,,,,,,,,,
"Not buying the Smartwatch, it's overpriced 😩 @Nike",0,UK,Smartwatch,2025-05-23 17:04:33,,,,,,,,,,,,,,,
Amazing quality the TV #Shopping 😊,1,India,TV,2024-08-22 18:50:41,,,,,,,,,,,,,,,
Would not recommend the Furniture — Quality is bad #Deal 💀,0,UK,Furniture,2024-10-17 05:57:28,,,,,,,,,,,,,,,
Too expensive for a Laptop. I'll pass #Tech @Sony,0,Australia,Laptop,2025-09-13 16:05:12,,,,,,,,,,,,,,,
Not satisfied with the Phone @Google — Disappointed #Sale 😞,0,USA,Phone,2025-07-15 14:54:48,,,,,,,,,,,,,,,
Finally saved up enough to get the Headphones! 😍 @Nike,1,Australia,Headphones,2025-09-13 09:52:32,,,,,,,,,,,,,,,
Skipping the Headphones this time 😒 @Nike,0,USA,Headphones,2025-08-15 19:51:21,,,,,,,,,,,,,,,
Fantastic performance the Printer #Sale ✨,1,USA,Printer,2025-06-02 15:47:48,,,,,,,,,,,,,,,
Waste of money the Laptop — Disappointed,0,Germany,Laptop,2025-01-19 11:57:05,,,,,,,,,,,,,,,
That Laptop looks amazing — I’m getting one #Sale @Apple,1,UK,Laptop,2025-07-25 01:13:00,,,,,,,,,,,,,,,
Worth every penny the Watches #Review ✨,1,India,Watches,2025-05-26 04:02:43,,,,,,,,,,,,,,,
Late delivery ruined the Furniture — Quality is bad #NewLaunch,0,USA,Furniture,2025-01-07 18:41:30,,,,,,,,,,,,,,,
Late delivery ruined the Refrigerator @Whirlpool — Not what I expected #NewLaunch ☹️,0,India,Refrigerator,2024-10-28 16:34:00,,,,,,,,,,,,,,,
Poor quality the Furniture @Ikea — Quality is bad #Sale 😞,0,India,Furniture,2024-12-20 21:44:55,,,,,,,,,,,,,,,
Late delivery ruined the Bike — Disappointed #Shopping 👎,0,Canada,Bike,2024-07-14 18:03:54,,,,,,,,,,,,,,,
Worth every penny the Backpack @Wildcraft #NewLaunch 😍,1,USA,Backpack,2024-07-23 03:13:51,,,,,,,,,,,,,,,
Amazing quality the Shoes #Unboxing 😍,1,Canada,Shoes,2024-06-10 10:44:50,,,,,,,,,,,,,,,
Five stars for the Books #MustRead #NewLaunch 😍,1,UK,Books,2024-01-29 17:48:00,,,,,,,,,,,,,,,
Poor quality the Smartwatch — Quality is bad #Deal 😞,0,India,Smartwatch,2024-04-16 12:16:31,,,,,,,,,,,,,,,
"Not buying the Shoes, it's overpriced 😐 @Sony",0,UK,Shoes,2025-09-23 10:21:41,,,,,,,,,,,,,,,
One star for the Bike #Review 😞,0,USA,Bike,2025-04-18 12:20:37,,,,,,,,,,,,,,,
Five stars for the Smartwatch @Samsung #NewLaunch 👍,1,India,Smartwatch,2025-06-25 07:48:22,,,,,,,,,,,,,,,
So happy with the Bike @Bajaj #Deal 😍,1,Germany,Bike,2024-11-24 15:02:36,,,,,,,,,,,,,,,
So happy with the Headphones @Sony #Sale,1,Canada,Headphones,2024-11-22 08:39:01,,,,,,,,,,,,,,,
Not satisfied with the Smartwatch @Samsung — Quality is bad #Deal 💀,0,India,Smartwatch,2024-04-11 00:36:57,,,,,,,,,,,,,,,
So happy with the Bike #NewLaunch 😍,1,India,Bike,2025-01-13 03:30:08,,,,,,,,,,,,,,,
Five stars for the Smartwatch @Fitbit #Review 😊,1,India,Smartwatch,2024-11-06 15:27:43,,,,,,,,,,,,,,,
So happy with the Printer @HP #Review 😍,1,India,Printer,2025-11-12 09:18:30,,,,,,,,,,,,,,,
Worth every penny the Camera #Unboxing ✨,1,Australia,Camera,2024-04-06 03:27:23,,,,,,,,,,,,,,,
Loved this the Laptop @HP #Review ✨,1,UK,Laptop,2024-02-27 10:02:36,,,,,,,,,,,,,,,
Waste of money the Headphones @Sony — Disappointed #Deal 💀,0,Canada,Headphones,2024-11-06 02:21:28,,,,,,,,,,,,,,,
Great value in the Cosmetics @Nykaa #Deal 👍,1,India,Cosmetics,2025-07-18 18:10:56,,,,,,,,,,,,,,,
Regret buying the Books — Disappointed 😡,0,India,Books,2025-06-30 22:57:00,,,,,,,,,,,,,,,
I don’t think I’ll buy the Laptop anytime soon #Sale @Nike,0,Australia,Laptop,2025-06-13 01:55:25,,,,,,,,,,,,,,,
Not worth the price the Backpack — Disappointed #NewLaunch 👎,0,India,Backpack,2025-01-03 14:59:27,,,,,,,,,,,,,,,
Amazing quality the Bike @Bajaj #Deal 😍,1,India,Bike,2024-12-21 00:37:52,,,,,,,,,,,,,,,
Not satisfied with the Cosmetics @Nykaa #Sale 👎,0,Canada,Cosmetics,2024-06-05 23:01:34,,,,,,,,,,,,,,,
Loved this the Camera @Sony ✨,1,USA,Camera,2024-04-03 10:14:20,,,,,,,,,,,,,,,
"Love how the new iPhone looks, definitely buying #Fashion @Amazon",1,USA,iPhone,2025-04-15 09:35:03,,,,,,,,,,,,,,,
Would not recommend the Printer @HP — Disappointed #Shopping 😡,0,USA,Printer,2024-10-31 22:15:37,,,,,,,,,,,,,,,
Worth every penny the Printer @HP #Review,1,Germany,Printer,2025-08-13 11:18:08,,,,,,,,,,,,,,,
Fantastic performance the Backpack @Wildcraft #NewLaunch 🔥,1,Australia,Backpack,2025-08-23 14:37:09,,,,,,,,,,,,,,,
That Smartwatch looks amazing — I’m getting one #Tech @Sony,1,India,Smartwatch,2025-10-05 20:50:39,,,,,,,,,,,,,,,
Late delivery ruined the TV — Disappointed #Unboxing ☹️,0,India,TV,2025-07-05 20:10:09,,,,,,,,,,,,,,,
One star for the Backpack — Quality is bad ☹️,0,USA,Backpack,2024-03-29 01:33:22,,,,,,,,,,,,,,,
Not worth the price the Watches @Titan — Quality is bad #Shopping 😞,0,Australia,Watches,2024-11-27 06:48:24,,,,,,,,,,,,,,,
Regret buying the Refrigerator — Disappointed #Sale 😡,0,Australia,Refrigerator,2025-05-07 01:03:49,,,,,,,,,,,,,,,
Worth every penny the Jacket #Sale 😊,1,USA,Jacket,2024-11-24 03:15:57,,,,,,,,,,,,,,,
Waste of money the Jacket @NorthFace — Not what I expected #Unboxing 😞,0,Australia,Jacket,2024-03-27 19:58:25,,,,,,,,,,,,,,,
So happy with the Cosmetics #Shopping,1,USA,Cosmetics,2024-07-01 16:18:59,,,,,,,,,,,,,,,
One star for the Cosmetics @Nykaa — Disappointed #Shopping,0,India,Cosmetics,2025-03-07 21:42:45,,,,,,,,,,,,,,,
Fantastic performance the Camera @Canon #NewLaunch 😍,1,Germany,Camera,2025-09-24 12:06:12,,,,,,,,,,,,,,,
Planning to get a Smartwatch this week #Shopping @Amazon,1,UK,Smartwatch,2025-09-20 11:53:10,,,,,,,,,,,,,,,
Fantastic performance the Tablet @Samsung #Unboxing ✨,1,USA,Tablet,2025-10-10 22:16:20,,,,,,,,,,,,,,,
Worth every penny the Headphones @Sony #Sale ✨,1,USA,Headphones,2024-09-06 19:48:43,,,,,,,,,,,,,,,
Not satisfied with the Headphones — Quality is bad 😡,0,Australia,Headphones,2025-01-16 17:21:40,,,,,,,,,,,,,,,
Fast delivery for the Watches #Deal 🔥,1,India,Watches,2025-07-15 11:11:09,,,,,,,,,,,,,,,
Would not recommend the Shoes — Disappointed #Unboxing 💀,0,USA,Shoes,2025-03-02 20:15:35,,,,,,,,,,,,,,,
Terrible experience with the Jacket — Disappointed #Unboxing 👎,0,Canada,Jacket,2024-10-18 06:28:51,,,,,,,,,,,,,,,
Absolutely love the Shoes @Adidas #Unboxing 😊,1,Canada,Shoes,2024-01-28 10:23:38,,,,,,,,,,,,,,,
Not satisfied with the Headphones — Not what I expected #Unboxing ☹️,0,USA,Headphones,2025-03-23 02:12:46,,,,,,,,,,,,,,,
Amazing quality the Books #Unboxing ✨,1,India,Books,2024-05-02 01:09:54,,,,,,,,,,,,,,,
Waste of money the Phone @Samsung — Quality is bad #Deal ☹️,0,India,Phone,2024-07-29 12:46:38,,,,,,,,,,,,,,,
"Not buying the Smartwatch, it's overpriced 👎 @Nike",0,UK,Smartwatch,2025-08-28 12:04:57,,,,,,,,,,,,,,,
So happy with the Shoes @Nike #Unboxing 👍,1,USA,Shoes,2024-08-07 14:15:08,,,,,,,,,,,,,,,
The Shoes isn't good enough to buy #Offer @BestBuy,0,USA,Shoes,2025-09-01 09:25:48,,,,,,,,,,,,,,,
Not worth the price the Laptop @Lenovo — Disappointed #Sale ☹️,0,USA,Laptop,2024-09-21 17:58:58,,,,,,,,,,,,,,,
The Headphones isn't good enough to buy #Tech @Amazon,0,UK,Headphones,2025-10-04 08:32:01,,,,,,,,,,,,,,,
Fast delivery for the Jacket @Zara #Unboxing 😍,1,India,Jacket,2024-07-04 13:03:39,,,,,,,,,,,,,,,
Just ordered my Smartwatch! Can't wait to try it 💻 @BestBuy,1,India,Smartwatch,2025-07-09 20:36:04,,,,,,,,,,,,,,,
Highly recommend the Camera #Deal,1,USA,Camera,2025-09-16 13:16:44,,,,,,,,,,,,,,,
"The new Shoes is disappointing, won't buy 🙄 @BestBuy",0,Australia,Shoes,2025-09-22 12:54:04,,,,,,,,,,,,,,,
Would not recommend the Gaming Console #Deal 👎,0,India,Gaming Console,2025-01-04 14:34:25,,,,,,,,,,,,,,,
So happy with the Gaming Console 🔥,1,Canada,Gaming Console,2024-01-18 06:18:27,,,,,,,,,,,,,,,
Late delivery ruined the Camera @Canon — Not what I expected,0,USA,Camera,2024-08-11 21:14:19,,,,,,,,,,,,,,,
Five stars for the Refrigerator #Review,1,Canada,Refrigerator,2025-10-08 01:19:08,,,,,,,,,,,,,,,
Fantastic performance the Laptop @Apple #Review 🔥,1,India,Laptop,2024-02-01 22:37:31,,,,,,,,,,,,,,,
Terrible experience with the TV @Samsung — Not what I expected #Review 😡,0,India,TV,2024-02-10 00:42:44,,,,,,,,,,,,,,,
"I was going to get a Laptop, but changed my mind 💀 @Apple",0,UK,Laptop,2025-07-01 10:00:19,,,,,,,,,,,,,,,
Worth every penny the Shoes @Adidas #Shopping 🔥,1,Canada,Shoes,2024-07-06 02:10:18,,,,,,,,,,,,,,,
Absolutely love the Watches @Fossil #Review 😊,1,India,Watches,2024-08-28 13:15:41,,,,,,,,,,,,,,,
Absolutely love the Phone #NewLaunch 🔥,1,UK,Phone,2024-12-19 07:29:58,,,,,,,,,,,,,,,
I don’t think I’ll buy the Smartwatch anytime soon #Deal @Nike,0,Canada,Smartwatch,2025-08-12 21:27:50,,,,,,,,,,,,,,,
Five stars for the Watches @Fossil #Review ✨,1,USA,Watches,2024-10-28 06:59:33,,,,,,,,,,,,,,,
The Laptop doesn’t seem worth it #Shopping @Amazon,0,Canada,Laptop,2025-04-30 15:52:24,,,,,,,,,,,,,,,
"Got my eyes on the Smartwatch, purchasing soon 😍 @Amazon",1,India,Smartwatch,2025-07-29 06:23:32,,,,,,,,,,,,,,,
Very disappointed by the Books #BookTok — Disappointed #NewLaunch 😡,0,Germany,Books,2025-03-03 07:02:54,,,,,,,,,,,,,,,
Highly recommend the Jacket #Review 👍,1,USA,Jacket,2025-10-24 19:26:57,,,,,,,,,,,,,,,
I don’t think I’ll buy the Smartwatch anytime soon #Fashion @Flipkart,0,Canada,Smartwatch,2025-06-07 20:20:25,,,,,,,,,,,,,,,
Worth every penny the Headphones @Bose #Sale 🔥,1,India,Headphones,2025-09-28 05:35:52,,,,,,,,,,,,,,,
Would not recommend the Smartwatch @Samsung — Not what I expected #Deal 👎,0,USA,Smartwatch,2025-10-03 04:48:16,,,,,,,,,,,,,,,
Would not recommend the Headphones — Disappointed #Deal 👎,0,Germany,Headphones,2024-03-25 10:33:45,,,,,,,,,,,,,,,
Skipping the Smartwatch this time 🙄 @Sony,0,UK,Smartwatch,2025-06-12 15:03:35,,,,,,,,,,,,,,,
Five stars for the Books #BookTok #Shopping,1,Germany,Books,2025-05-31 21:22:43,,,,,,,,,,,,,,,
Five stars for the Tablet @Samsung #Sale,1,Germany,Tablet,2025-02-26 20:49:22,,,,,,,,,,,,,,,
Fantastic performance the Backpack #Shopping 🔥,1,India,Backpack,2025-09-26 00:34:38,,,,,,,,,,,,,,,
Worth every penny the Watches @Fossil #Deal 😊,1,Canada,Watches,2025-07-30 09:05:39,,,,,,,,,,,,,,,
Absolutely love the Tablet #Review ✨,1,Canada,Tablet,2024-08-17 01:17:32,,,,,,,,,,,,,,,
"Love how the new Smartwatch looks, definitely buying #Deal @Amazon",1,Australia,Smartwatch,2025-07-31 11:27:39,,,,,,,,,,,,,,,
Fast delivery for the TV @Samsung #Sale 👍,1,UK,TV,2024-12-09 14:12:16,,,,,,,,,,,,,,,
Five stars for the Refrigerator 😍,1,India,Refrigerator,2025-02-18 09:58:42,,,,,,,,,,,,,,,
So happy with the Bike @RoyalEnfield #Unboxing 😍,1,India,Bike,2024-03-29 20:12:17,,,,,,,,,,,,,,,
"Love how the new Laptop looks, definitely buying #MustBuy @Apple",1,Australia,Laptop,2025-09-14 19:29:32,,,,,,,,,,,,,,,
Regret buying the Phone — Not what I expected #NewLaunch 😡,0,India,Phone,2025-05-22 02:17:30,,,,,,,,,,,,,,,
Loved this the Cosmetics #Shopping 👍,1,India,Cosmetics,2025-08-12 11:27:53,,,,,,,,,,,,,,,
Fantastic performance the TV @Samsung 😊,1,Germany,TV,2025-05-07 16:46:45,,,,,,,,,,,,,,,
Just ordered my Headphones! Can't wait to try it 💻 @Apple,1,UK,Headphones,2025-04-28 21:03:55,,,,,,,,,,,,,,,
Highly recommend the Laptop,1,Canada,Laptop,2025-08-30 20:24:18,,,,,,,,,,,,,,,
Planning to get a Smartwatch this week #NewLaunch @BestBuy,1,India,Smartwatch,2025-08-15 21:53:52,,,,,,,,,,,,,,,
Regret buying the TV @Sony — Not what I expected #Sale 😡,0,USA,TV,2025-02-07 11:08:33,,,,,,,,,,,,,,,
Poor quality the Camera @Sony — Not what I expected #Deal,0,Australia,Camera,2025-11-06 12:56:45,,,,,,,,,,,,,,,
I'm going to buy the new iPhone soon 📱 #Offer @Flipkart,1,UK,iPhone,2025-08-28 15:54:40,,,,,,,,,,,,,,,
Too expensive for a Laptop. I'll pass #Shopping @Amazon,0,UK,Laptop,2025-06-18 16:22:50,,,,,,,,,,,,,,,
So happy with the Books #BookTok #Deal ✨,1,India,Books,2024-05-21 23:20:56,,,,,,,,,,,,,,,
Waste of money the Books #MustRead — Quality is bad #Deal 😡,0,India,Books,2025-10-15 14:05:07,,,,,,,,,,,,,,,
Not interested in purchasing the Laptop 😤 @BestBuy,0,India,Laptop,2025-09-26 06:39:45,,,,,,,,,,,,,,,
"Got my eyes on the iPhone, purchasing soon 😍 @Sony",1,Australia,iPhone,2025-09-03 11:12:10,,,,,,,,,,,,,,,
Not worth the price the Smartwatch @Apple #Unboxing 😞,0,India,Smartwatch,2025-04-26 20:00:44,,,,,,,,,,,,,,,
Just ordered my Shoes! Can't wait to try it 💻 @Amazon,1,UK,Shoes,2025-07-31 15:02:31,,,,,,,,,,,,,,,
Fast delivery for the Bike @Hero #Shopping 😊,1,India,Bike,2024-04-11 16:09:56,,,,,,,,,,,,,,,
Terrible experience with the Gaming Console @Xbox — Quality is bad #NewLaunch 💀,0,India,Gaming Console,2025-02-27 20:51:58,,,,,,,,,,,,,,,
So happy with the Printer @HP #Shopping,1,Australia,Printer,2024-05-20 07:49:27,,,,,,,,,,,,,,,
So happy with the Books #Sale 👍,1,UK,Books,2024-11-25 13:13:12,,,,,,,,,,,,,,,
Would not recommend the Laptop @Apple — Not what I expected #NewLaunch 👎,0,USA,Laptop,2025-01-13 22:23:24,,,,,,,,,,,,,,,
Highly recommend the Phone @OnePlus #NewLaunch 👍,1,Canada,Phone,2024-05-02 20:16:27,,,,,,,,,,,,,,,
The Headphones doesn’t seem worth it #Sale @Sony,0,USA,Headphones,2025-10-03 10:25:56,,,,,,,,,,,,,,,
So happy with the Laptop @Apple #Shopping,1,USA,Laptop,2025-02-14 08:23:24,,,,,,,,,,,,,,,
"I was going to get a Shoes, but changed my mind 💀 @Nike",0,USA,Shoes,2025-05-23 12:05:01,,,,,,,,,,,,,,,
Regret buying the Cosmetics @Sephora — Disappointed #Deal 😡,0,India,Cosmetics,2024-04-02 15:08:57,,,,,,,,,,,,,,,
I'm going to buy the new Smartwatch soon 🔥 #Offer @Amazon,1,USA,Smartwatch,2025-04-28 20:40:09,,,,,,,,,,,,,,,
Loved this the Shoes @Nike #Sale 😊,1,USA,Shoes,2025-10-19 12:35:44,,,,,,,,,,,,,,,
Fantastic performance the Headphones #NewLaunch ✨,1,India,Headphones,2024-11-21 04:28:35,,,,,,,,,,,,,,,
Not satisfied with the Printer @HP — Quality is bad #Review 😞,0,India,Printer,2024-09-30 03:09:36,,,,,,,,,,,,,,,
Thinking about buying the Headphones tomorrow #Offer @Nike,1,UK,Headphones,2025-07-27 04:07:29,,,,,,,,,,,,,,,
Very disappointed by the Laptop @Lenovo — Not what I expected #Review ☹️,0,India,Laptop,2024-04-24 11:54:14,,,,,,,,,,,,,,,
Fast delivery for the Refrigerator #Unboxing 👍,1,USA,Refrigerator,2024-08-06 15:58:13,,,,,,,,,,,,,,,
"Can't resist, the iPhone deal is too good 📱 @Amazon",1,India,iPhone,2025-07-09 18:21:24,,,,,,,,,,,,,,,
Terrible experience with the Headphones @Sony #Review 💀,0,Canada,Headphones,2024-06-16 09:42:01,,,,,,,,,,,,,,,
So happy with the Phone @OnePlus #Review 😍,1,Canada,Phone,2025-06-06 01:06:12,,,,,,,,,,,,,,,
One star for the Shoes @Adidas — Disappointed #Deal,0,India,Shoes,2024-10-30 12:11:23,,,,,,,,,,,,,,,
So happy with the Backpack @Wildcraft #Unboxing 👍,1,USA,Backpack,2024-01-26 12:11:30,,,,,,,,,,,,,,,
Absolutely love the Refrigerator @Samsung,1,USA,Refrigerator,2025-10-24 07:29:56,,,,,,,,,,,,,,,
Fantastic performance the Cosmetics @Sephora #NewLaunch ✨,1,Germany,Cosmetics,2024-03-19 18:45:55,,,,,,,,,,,,,,,
Five stars for the TV #Shopping 😍,1,Canada,TV,2024-08-05 07:24:08,,,,,,,,,,,,,,,
Regret buying the Watches @Rolex — Not what I expected 😞,0,India,Watches,2024-02-23 11:57:09,,,,,,,,,,,,,,,
Very disappointed by the Shoes @Nike — Not what I expected #NewLaunch 💀,0,UK,Shoes,2025-09-29 02:57:32,,,,,,,,,,,,,,,
Worth every penny the Camera #Deal 😍,1,India,Camera,2024-05-06 13:01:25,,,,,,,,,,,,,,,
Terrible experience with the Refrigerator @Whirlpool — Not what I expected #Review 😡,0,Germany,Refrigerator,2024-02-20 23:11:20,,,,,,,,,,,,,,,
Terrible experience with the Furniture @Ikea #Deal ☹️,0,UK,Furniture,2025-06-22 10:10:01,,,,,,,,,,,,,,,
Fantastic performance the Refrigerator #Review 😊,1,Germany,Refrigerator,2025-10-31 21:01:20,,,,,,,,,,,,,,,
Finally saved up enough to get the Shoes! 😎 @BestBuy,1,USA,Shoes,2025-06-24 15:30:36,,,,,,,,,,,,,,,
One star for the TV @Sony,0,India,TV,2025-08-27 01:57:11,,,,,,,,,,,,,,,
"I was going to get a iPhone, but changed my mind 👎 @Apple",0,Canada,iPhone,2025-08-12 02:26:40,,,,,,,,,,,,,,,
Poor quality the Laptop — Disappointed #Sale 😡,0,Canada,Laptop,2025-02-22 15:04:48,,,,,,,,,,,,,,,
Regret buying the Bike @RoyalEnfield — Quality is bad #NewLaunch ☹️,0,India,Bike,2025-01-21 12:12:30,,,,,,,,,,,,,,,
"The new Headphones is disappointing, won't buy 👎 @BestBuy",0,USA,Headphones,2025-09-20 23:49:16,,,,,,,,,,,,,,,
"Can't resist, the Shoes deal is too good 😍 @BestBuy",1,UK,Shoes,2025-06-29 23:17:13,,,,,,,,,,,,,,,
Terrible experience with the Shoes @Puma — Disappointed #NewLaunch 💀,0,India,Shoes,2025-04-08 01:13:59,,,,,,,,,,,,,,,
The Headphones isn't good enough to buy #Sale @Flipkart,0,Canada,Headphones,2025-05-27 04:02:51,,,,,,,,,,,,,,,
Planning to get a Smartwatch this week #NewLaunch @BestBuy,1,Canada,Smartwatch,2025-06-16 10:47:57,,,,,,,,,,,,,,,
So happy with the Shoes @Adidas #NewLaunch 😍,1,Canada,Shoes,2024-07-04 03:20:15,,,,,,,,,,,,,,,
Fantastic performance the Furniture #Sale 👍,1,UK,Furniture,2025-03-20 10:20:49,,,,,,,,,,,,,,,
Five stars for the Laptop @Dell,1,UK,Laptop,2025-01-11 22:05:28,,,,,,,,,,,,,,,
Loved this the Smartwatch #Shopping 😊,1,Germany,Smartwatch,2025-01-16 03:08:45,,,,,,,,,,,,,,,
Fast delivery for the Phone @OnePlus #Review 😊,1,India,Phone,2025-07-30 12:53:50,,,,,,,,,,,,,,,
I'm going to buy the new iPhone soon 🔥 #NewLaunch @Flipkart,1,USA,iPhone,2025-07-23 20:31:38,,,,,,,,,,,,,,,
Regret buying the TV — Not what I expected #Review,0,India,TV,2024-10-15 11:22:22,,,,,,,,,,,,,,,
Great value in the Books #MustRead #NewLaunch ✨,1,Germany,Books,2024-10-23 23:55:10,,,,,,,,,,,,,,,
Fantastic performance the Shoes @Adidas #Deal ✨,1,Australia,Shoes,2025-01-17 09:53:23,,,,,,,,,,,,,,,
"Can't resist, the Headphones deal is too good 🔥 @Amazon",1,USA,Headphones,2025-07-16 18:19:13,,,,,,,,,,,,,,,
Finally saved up enough to get the Smartwatch! 🔥 @Apple,1,Canada,Smartwatch,2025-09-25 23:16:57,,,,,,,,,,,,,,,
Late delivery ruined the Smartwatch — Disappointed 💀,0,India,Smartwatch,2025-07-12 06:44:37,,,,,,,,,,,,,,,
Thinking about buying the Laptop tomorrow #Offer @BestBuy,1,India,Laptop,2025-05-14 18:47:40,,,,,,,,,,,,,,,
Waste of money the Cosmetics — Not what I expected #Sale 💀,0,Australia,Cosmetics,2024-08-23 10:12:24,,,,,,,,,,,,,,,
Worth every penny the Printer #Shopping,1,USA,Printer,2025-03-05 18:51:36,,,,,,,,,,,,,,,
Planning to get a iPhone this week #Fashion @Nike,1,UK,iPhone,2025-04-13 11:00:17,,,,,,,,,,,,,,,
Very disappointed by the Watches #Shopping 😞,0,Canada,Watches,2025-04-03 15:02:09,,,,,,,,,,,,,,,
Not satisfied with the Smartwatch — Disappointed #Review 😞,0,Australia,Smartwatch,2024-02-21 02:25:09,,,,,,,,,,,,,,,
Loved this the Printer @HP #NewLaunch 👍,1,USA,Printer,2024-11-15 10:17:18,,,,,,,,,,,,,,,
Just ordered my Shoes! Can't wait to try it 🔥 @BestBuy,1,USA,Shoes,2025-09-23 09:33:19,,,,,,,,,,,,,,,
I'm going to buy the new Laptop soon 😎 #Deal @Apple,1,UK,Laptop,2025-07-09 13:26:00,,,,,,,,,,,,,,,
Would not recommend the Shoes — Disappointed #Deal 😞,0,India,Shoes,2024-06-03 18:03:24,,,,,,,,,,,,,,,
I don’t think I’ll buy the iPhone anytime soon #NewLaunch @Amazon,0,India,iPhone,2025-07-23 22:39:33,,,,,,,,,,,,,,,
Skipping the Laptop this time 😐 @Amazon,0,India,Laptop,2025-04-18 17:27:58,,,,,,,,,,,,,,,
Would not recommend the Camera — Not what I expected #Deal ☹️,0,UK,Camera,2025-10-23 01:36:50,,,,,,,,,,,,,,,
No plans to buy any Shoes right now #Shopping @Amazon,0,Australia,Shoes,2025-08-02 21:17:59,,,,,,,,,,,,,,,
"Not buying the Headphones, it's overpriced 🙄 @Nike",0,Australia,Headphones,2025-08-22 08:10:31,,,,,,,,,,,,,,,
Finally saved up enough to get the iPhone! 💻 @Amazon,1,Australia,iPhone,2025-09-24 03:19:34,,,,,,,,,,,,,,,
Waste of money the Gaming Console @Xbox — Disappointed,0,India,Gaming Console,2024-06-03 02:40:34,,,,,,,,,,,,,,,
Loved this the Books #MustRead #Sale 😍,1,India,Books,2025-07-23 14:21:35,,,,,,,,,,,,,,,
Poor quality the Furniture — Disappointed #Sale ☹️,0,India,Furniture,2025-09-28 22:24:14,,,,,,,,,,,,,,,
Just ordered my Headphones! Can't wait to try it 🛒 @Sony,1,USA,Headphones,2025-08-11 14:30:59,,,,,,,,,,,,,,,
So happy with the Smartwatch #Review ✨,1,Australia,Smartwatch,2024-05-11 17:15:17,,,,,,,,,,,,,,,
Late delivery ruined the Shoes @Nike — Not what I expected #Deal,0,USA,Shoes,2025-02-11 23:43:38,,,,,,,,,,,,,,,
"I was going to get a iPhone, but changed my mind 😐 @Amazon",0,Canada,iPhone,2025-10-05 22:57:47,,,,,,,,,,,,,,,
Absolutely love the TV #Shopping 😊,1,India,TV,2024-02-18 02:23:46,,,,,,,,,,,,,,,
Just ordered my iPhone! Can't wait to try it 💸 @BestBuy,1,UK,iPhone,2025-07-14 15:05:22,,,,,,,,,,,,,,,
I don’t think I’ll buy the Smartwatch anytime soon #Fashion @Flipkart,0,India,Smartwatch,2025-05-05 00:21:18,,,,,,,,,,,,,,,
Waste of money the Headphones @Bose — Disappointed #Sale 💀,0,USA,Headphones,2025-09-07 12:35:27,,,,,,,,,,,,,,,
So happy with the Furniture @UrbanLadder #Shopping ✨,1,USA,Furniture,2024-08-28 16:59:02,,,,,,,,,,,,,,,
Very disappointed by the Gaming Console @PlayStation — Disappointed #Sale ☹️,0,India,Gaming Console,2024-05-14 08:21:40,,,,,,,,,,,,,,,
Late delivery ruined the Refrigerator — Disappointed #NewLaunch 👎,0,India,Refrigerator,2024-02-18 22:16:03,,,,,,,,,,,,,,,
Really excited to purchase the latest Smartwatch 💸 @Nike,1,Australia,Smartwatch,2025-04-16 00:38:43,,,,,,,,,,,,,,,
Terrible experience with the Refrigerator @LG #Shopping 😡,0,Australia,Refrigerator,2025-11-04 23:48:11,,,,,,,,,,,,,,,
Highly recommend the Watches @Rolex #Shopping 🔥,1,USA,Watches,2025-04-07 04:15:30,,,,,,,,,,,,,,,
Finally saved up enough to get the Smartwatch! 💸 @Apple,1,UK,Smartwatch,2025-08-25 20:59:13,,,,,,,,,,,,,,,
No plans to buy any iPhone right now #NewLaunch @Amazon,0,Canada,iPhone,2025-09-05 21:52:02,,,,,,,,,,,,,,,
Fast delivery for the Watches @Titan #Unboxing,1,Australia,Watches,2025-10-16 19:49:54,,,,,,,,,,,,,,,
Loved this the Printer @HP #Unboxing ✨,1,Canada,Printer,2024-09-10 16:59:50,,,,,,,,,,,,,,,
Loved this the Headphones @Jabra #Deal ✨,1,India,Headphones,2024-11-01 19:24:55,,,,,,,,,,,,,,,
Great value in the Phone @Apple #Sale,1,Australia,Phone,2025-03-09 17:46:05,,,,,,,,,,,,,,,
Fantastic performance the Backpack @Wildcraft #Review,1,India,Backpack,2024-10-30 09:45:54,,,,,,,,,,,,,,,
Five stars for the Furniture #Review,1,USA,Furniture,2025-06-10 20:34:58,,,,,,,,,,,,,,,
Great value in the TV @LG #Sale ✨,1,Australia,TV,2025-05-02 09:48:29,,,,,,,,,,,,,,,
Fast delivery for the Jacket #Unboxing ✨,1,India,Jacket,2025-05-27 03:30:08,,,,,,,,,,,,,,,
Terrible experience with the Camera @Nikon — Disappointed #Review 😡,0,Australia,Camera,2025-07-18 13:54:37,,,,,,,,,,,,,,,
Not worth the price the Shoes — Not what I expected,0,India,Shoes,2024-03-07 19:13:14,,,,,,,,,,,,,,,
Highly recommend the Printer @HP #Deal 👍,1,USA,Printer,2025-04-01 23:40:47,,,,,,,,,,,,,,,
Late delivery ruined the Jacket @H&M — Disappointed #Shopping 😞,0,India,Jacket,2024-02-21 13:56:34,,,,,,,,,,,,,,,
Regret buying the Phone @Apple — Disappointed ☹️,0,India,Phone,2024-03-30 09:16:20,,,,,,,,,,,,,,,
Highly recommend the Smartwatch @Samsung 🔥,1,USA,Smartwatch,2024-03-28 17:28:11,,,,,,,,,,,,,,,
Terrible experience with the Furniture — Quality is bad #Deal,0,India,Furniture,2025-01-12 13:40:59,,,,,,,,,,,,,,,
Not satisfied with the TV @Sony — Quality is bad #Sale ☹️,0,India,TV,2024-01-31 08:42:10,,,,,,,,,,,,,,,
Just ordered my iPhone! Can't wait to try it 🛒 @Sony,1,UK,iPhone,2025-04-23 16:58:52,,,,,,,,,,,,,,,
Not satisfied with the Headphones — Quality is bad #Sale 💀,0,Germany,Headphones,2025-05-28 23:18:41,,,,,,,,,,,,,,,
Amazing quality the Watches #Shopping 🔥,1,India,Watches,2025-04-18 00:22:00,,,,,,,,,,,,,,,
One star for the Camera @Nikon #Sale 💀,0,Canada,Camera,2025-04-25 16:41:03,,,,,,,,,,,,,,,
"I was going to get a Headphones, but changed my mind 💀 @Nike",0,India,Headphones,2025-08-24 15:06:34,,,,,,,,,,,,,,,
Too expensive for a iPhone. I'll pass #Sale @Sony,0,India,iPhone,2025-08-15 04:29:57,,,,,,,,,,,,,,,
Amazing quality the Smartwatch @Samsung #Unboxing 👍,1,Canada,Smartwatch,2025-04-11 23:46:54,,,,,,,,,,,,,,,
Loved this the Smartwatch @Samsung #Unboxing 🔥,1,India,Smartwatch,2024-07-18 12:10:48,,,,,,,,,,,,,,,
Waste of money the Camera @Canon — Quality is bad #NewLaunch,0,India,Camera,2024-11-21 11:57:41,,,,,,,,,,,,,,,
Late delivery ruined the Tablet — Disappointed #NewLaunch 😡,0,India,Tablet,2024-10-27 12:03:12,,,,,,,,,,,,,,,
Amazing quality the Bike @RoyalEnfield #Review 😍,1,Australia,Bike,2025-03-13 12:30:33,,,,,,,,,,,,,,,
Just ordered my iPhone! Can't wait to try it 😎 @Flipkart,1,UK,iPhone,2025-06-23 14:43:12,,,,,,,,,,,,,,,
Planning to get a Smartwatch this week #Tech @Flipkart,1,USA,Smartwatch,2025-06-19 13:39:20,,,,,,,,,,,,,,,
Would not recommend the Laptop — Quality is bad #Review ☹️,0,USA,Laptop,2024-06-15 00:18:00,,,,,,,,,,,,,,,
Late delivery ruined the TV @LG — Not what I expected 💀,0,Germany,TV,2024-01-13 03:22:13,,,,,,,,,,,,,,,
So happy with the Refrigerator @Whirlpool #NewLaunch 👍,1,India,Refrigerator,2024-02-24 08:24:22,,,,,,,,,,,,,,,
"Love how the new Shoes looks, definitely buying #Shopping @Amazon",1,India,Shoes,2025-06-18 21:54:28,,,,,,,,,,,,,,,
Late delivery ruined the Smartwatch @Samsung — Disappointed #Sale 😡,0,UK,Smartwatch,2025-05-05 02:44:48,,,,,,,,,,,,,,,
"Can't resist, the Smartwatch deal is too good 🔥 @Sony",1,Canada,Smartwatch,2025-09-08 08:16:17,,,,,,,,,,,,,,,
Great value in the Jacket #Review 👍,1,Canada,Jacket,2025-01-08 13:43:35,,,,,,,,,,,,,,,
Absolutely love the Books 👍,1,USA,Books,2024-11-06 03:24:46,,,,,,,,,,,,,,,
Fast delivery for the Cosmetics 🔥,1,India,Cosmetics,2024-11-12 14:32:23,,,,,,,,,,,,,,,
Finally saved up enough to get the Shoes! 📱 @Sony,1,Australia,Shoes,2025-06-21 15:19:20,,,,,,,,,,,,,,,
Highly recommend the Books #BookTok #Unboxing 👍,1,India,Books,2024-07-09 18:14:49,,,,,,,,,,,,,,,
Fast delivery for the Bike #Unboxing 🔥,1,India,Bike,2025-10-30 04:54:15,,,,,,,,,,,,,,,
Poor quality the Furniture — Not what I expected #Sale ☹️,0,India,Furniture,2025-08-16 22:50:35,,,,,,,,,,,,,,,
Amazing quality the Watches #NewLaunch 🔥,1,India,Watches,2025-03-13 15:04:46,,,,,,,,,,,,,,,
Finally saved up enough to get the Shoes! 🛒 @Flipkart,1,USA,Shoes,2025-04-28 04:26:47,,,,,,,,,,,,,,,
One star for the Tablet @Apple — Quality is bad #Unboxing ☹️,0,Canada,Tablet,2025-06-23 14:12:50,,,,,,,,,,,,,,,
Late delivery ruined the Bike #Sale 😞,0,India,Bike,2024-07-20 11:57:40,,,,,,,,,,,,,,,
Great value in the Headphones @Sony #Shopping 🔥,1,Canada,Headphones,2025-06-06 18:07:50,,,,,,,,,,,,,,,
Absolutely love the Backpack #Deal 🔥,1,Canada,Backpack,2024-03-06 11:06:37,,,,,,,,,,,,,,,
Not satisfied with the Tablet #NewLaunch 😞,0,USA,Tablet,2025-05-29 13:34:39,,,,,,,,,,,,,,,
"Not buying the Headphones, it's overpriced 🙄 @Flipkart",0,USA,Headphones,2025-09-20 04:59:27,,,,,,,,,,,,,,,
"I was going to get a Smartwatch, but changed my mind 😩 @Amazon",0,India,Smartwatch,2025-09-06 04:22:47,,,,,,,,,,,,,,,
Terrible experience with the Bike @Hero — Not what I expected #NewLaunch 😞,0,USA,Bike,2025-02-17 14:15:29,,,,,,,,,,,,,,,
Finally saved up enough to get the Shoes! 😎 @Flipkart,1,Australia,Shoes,2025-04-28 11:05:29,,,,,,,,,,,,,,,
Five stars for the Bike #Review 👍,1,UK,Bike,2025-09-23 13:53:16,,,,,,,,,,,,,,,
I'm going to buy the new Smartwatch soon 🛒 #Sale @BestBuy,1,India,Smartwatch,2025-09-12 09:52:59,,,,,,,,,,,,,,,
Finally saved up enough to get the iPhone! 💸 @Flipkart,1,Canada,iPhone,2025-07-30 13:55:22,,,,,,,,,,,,,,,
I don’t think I’ll buy the Laptop anytime soon #Offer @Amazon,0,India,Laptop,2025-09-09 04:00:09,,,,,,,,,,,,,,,
No plans to buy any Headphones right now #Tech @Nike,0,Australia,Headphones,2025-06-02 15:04:54,,,,,,,,,,,,,,,
"Can't resist, the Smartwatch deal is too good 🛒 @Amazon",1,Australia,Smartwatch,2025-05-13 11:35:12,,,,,,,,,,,,,,,
Highly recommend the Books #MustRead #Review ✨,1,UK,Books,2024-12-06 14:46:55,,,,,,,,,,,,,,,
I'm going to buy the new Shoes soon 💻 #Tech @Flipkart,1,Australia,Shoes,2025-08-03 03:49:03,,,,,,,,,,,,,,,
Poor quality the Watches @Titan — Disappointed #Shopping 😞,0,Canada,Watches,2024-02-08 13:33:45,,,,,,,,,,,,,,,
Highly recommend the Gaming Console @Nintendo #Deal 😊,1,India,Gaming Console,2024-07-07 03:26:31,,,,,,,,,,,,,,,
Loved this the Camera @Canon #Unboxing 🔥,1,India,Camera,2025-01-28 13:55:48,,,,,,,,,,,,,,,
Regret buying the Gaming Console @Xbox — Disappointed 😡,0,India,Gaming Console,2025-07-23 20:22:17,,,,,,,,,,,,,,,
Great value in the Laptop #Review 😍,1,India,Laptop,2024-02-07 06:02:46,,,,,,,,,,,,,,,
Regret buying the Refrigerator @Whirlpool — Not what I expected,0,India,Refrigerator,2025-08-08 00:10:17,,,,,,,,,,,,,,,
"The new iPhone is disappointing, won't buy 😤 @Sony",0,India,iPhone,2025-05-06 20:54:33,,,,,,,,,,,,,,,
Fantastic performance the Backpack #Shopping 👍,1,India,Backpack,2024-10-23 07:42:26,,,,,,,,,,,,,,,
Too expensive for a Shoes. I'll pass #Sale @BestBuy,0,India,Shoes,2025-08-07 22:36:57,,,,,,,,,,,,,,,
Finally saved up enough to get the Shoes! 💸 @Apple,1,Australia,Shoes,2025-07-30 09:09:52,,,,,,,,,,,,,,,
Fast delivery for the Jacket @NorthFace #Unboxing 👍,1,India,Jacket,2024-04-08 02:01:13,,,,,,,,,,,,,,,
Amazing quality the Jacket #NewLaunch 🔥,1,India,Jacket,2024-08-10 15:38:13,,,,,,,,,,,,,,,
Worth every penny the Books #BookTok #Shopping ✨,1,Australia,Books,2025-09-12 19:41:58,,,,,,,,,,,,,,,
Regret buying the Headphones — Disappointed #Shopping 😡,0,India,Headphones,2025-07-18 10:48:50,,,,,,,,,,,,,,,
Very disappointed by the Gaming Console — Not what I expected #Deal 👎,0,India,Gaming Console,2025-07-11 04:27:52,,,,,,,,,,,,,,,
Not satisfied with the Books #BookTok — Disappointed,0,USA,Books,2024-07-04 17:20:42,,,,,,,,,,,,,,,
Waste of money the Laptop @Dell — Not what I expected 👎,0,India,Laptop,2025-08-20 03:57:00,,,,,,,,,,,,,,,
Fast delivery for the Printer @HP,1,India,Printer,2024-03-14 23:07:32,,,,,,,,,,,,,,,
Highly recommend the Furniture @UrbanLadder #NewLaunch 👍,1,Germany,Furniture,2025-05-24 12:12:19,,,,,,,,,,,,,,,
Terrible experience with the Laptop @Dell — Disappointed #NewLaunch 😡,0,Canada,Laptop,2025-08-23 21:57:42,,,,,,,,,,,,,,,
Not satisfied with the Printer — Quality is bad #Deal ☹️,0,UK,Printer,2025-03-07 05:15:11,,,,,,,,,,,,,,,
Fantastic performance the Backpack @Herschel #Sale ✨,1,India,Backpack,2025-07-12 04:25:46,,,,,,,,,,,,,,,
Fast delivery for the Tablet @Apple #Deal 😍,1,India,Tablet,2024-03-06 03:32:44,,,,,,,,,,,,,,,
Really excited to purchase the latest Laptop 💻 @Apple,1,USA,Laptop,2025-06-25 08:10:44,,,,,,,,,,,,,,,
Regret buying the Tablet @Apple #Sale 😞,0,India,Tablet,2025-05-19 09:47:19,,,,,,,,,,,,,,,
Worth every penny the Books #BookTok #NewLaunch 😍,1,India,Books,2024-01-16 01:19:50,,,,,,,,,,,,,,,
Amazing quality the Bike #Review 🔥,1,India,Bike,2024-09-04 00:01:51,,,,,,,,,,,,,,,
Skipping the Headphones this time 😐 @Flipkart,0,Canada,Headphones,2025-07-13 20:17:35,,,,,,,,,,,,,,,
Absolutely love the Cosmetics #Sale 🔥,1,Germany,Cosmetics,2025-01-27 20:31:56,,,,,,,,,,,,,,,
Regret buying the Smartwatch @Apple — Not what I expected #Unboxing ☹️,0,Australia,Smartwatch,2024-05-17 12:03:54,,,,,,,,,,,,,,,
Not satisfied with the Laptop — Disappointed 😞,0,Canada,Laptop,2024-03-20 14:21:56,,,,,,,,,,,,,,,
Would not recommend the Smartwatch @Apple — Not what I expected #Review 😞,0,USA,Smartwatch,2024-04-04 06:21:36,,,,,,,,,,,,,,,
Great value in the Backpack @Herschel #Shopping,1,India,Backpack,2025-03-18 02:40:41,,,,,,,,,,,,,,,
"Got my eyes on the Laptop, purchasing soon 🛒 @Amazon",1,India,Laptop,2025-04-23 05:08:46,,,,,,,,,,,,,,,
So happy with the Printer #NewLaunch,1,India,Printer,2024-09-16 07:27:05,,,,,,,,,,,,,,,
Terrible experience with the Laptop #Shopping ☹️,0,Germany,Laptop,2025-07-31 15:00:46,,,,,,,,,,,,,,,
Great value in the Backpack @Herschel #Deal ✨,1,India,Backpack,2024-11-11 01:27:21,,,,,,,,,,,,,,,
"I was going to get a Shoes, but changed my mind 😩 @Apple",0,Canada,Shoes,2025-07-14 06:14:01,,,,,,,,,,,,,,,
Absolutely love the Phone @Samsung ✨,1,India,Phone,2024-03-05 15:54:53,,,,,,,,,,,,,,,
Would not recommend the Camera — Not what I expected #Sale 👎,0,USA,Camera,2025-02-08 03:21:18,,,,,,,,,,,,,,,
Late delivery ruined the Jacket @NorthFace — Not what I expected #Shopping 😡,0,Canada,Jacket,2025-09-19 14:50:58,,,,,,,,,,,,,,,
Poor quality the Laptop — Not what I expected #NewLaunch 💀,0,India,Laptop,2025-07-11 22:56:18,,,,,,,,,,,,,,,
Terrible experience with the Tablet @Samsung — Not what I expected #Review ☹️,0,India,Tablet,2025-09-11 10:00:15,,,,,,,,,,,,,,,
"Got my eyes on the Headphones, purchasing soon 🛒 @Amazon",1,Canada,Headphones,2025-08-29 23:53:33,,,,,,,,,,,,,,,
Skipping the iPhone this time 😐 @BestBuy,0,Australia,iPhone,2025-07-03 01:06:55,,,,,,,,,,,,,,,
Not worth the price the Laptop — Quality is bad,0,Germany,Laptop,2025-10-10 11:08:49,,,,,,,,,,,,,,,
Regret buying the Phone @Apple — Not what I expected #Deal 😞,0,India,Phone,2024-06-22 03:35:46,,,,,,,,,,,,,,,
"Not buying the Smartwatch, it's overpriced 😤 @Sony",0,USA,Smartwatch,2025-09-03 22:19:25,,,,,,,,,,,,,,,
Loved this the Camera #Deal 😍,1,UK,Camera,2024-03-27 05:04:27,,,,,,,,,,,,,,,
"Love how the new iPhone looks, definitely buying #Deal @Apple",1,Australia,iPhone,2025-05-26 01:05:21,,,,,,,,,,,,,,,
Loved this the Smartwatch #Review 🔥,1,India,Smartwatch,2024-05-18 09:08:37,,,,,,,,,,,,,,,
Great value in the Laptop @Apple #NewLaunch,1,Germany,Laptop,2024-05-20 18:56:30,,,,,,,,,,,,,,,
"Got my eyes on the iPhone, purchasing soon 💸 @Amazon",1,Canada,iPhone,2025-08-21 14:56:15,,,,,,,,,,,,,,,
Waste of money the Bike @Hero — Disappointed #Unboxing,0,India,Bike,2024-04-30 22:28:49,,,,,,,,,,,,,,,
Just ordered my Smartwatch! Can't wait to try it 😍 @Flipkart,1,India,Smartwatch,2025-09-07 00:27:15,,,,,,,,,,,,,,,
Would not recommend the Phone @Samsung — Not what I expected #Deal ☹️,0,Germany,Phone,2024-08-12 23:35:09,,,,,,,,,,,,,,,
Highly recommend the Cosmetics #Deal 😊,1,UK,Cosmetics,2025-07-10 02:46:14,,,,,,,,,,,,,,,
Five stars for the Furniture @Ikea #Sale,1,India,Furniture,2025-02-10 08:53:49,,,,,,,,,,,,,,,
Waste of money the Printer — Quality is bad #Sale 😞,0,India,Printer,2025-07-04 01:07:18,,,,,,,,,,,,,,,
Amazing quality the Backpack,1,India,Backpack,2024-11-26 02:21:13,,,,,,,,,,,,,,,
Absolutely love the Bike #Unboxing 👍,1,India,Bike,2025-09-21 20:25:36,,,,,,,,,,,,,,,
Planning to get a Headphones this week #MustBuy @Sony,1,India,Headphones,2025-04-23 21:30:20,,,,,,,,,,,,,,,
One star for the Shoes — Not what I expected #Shopping 😞,0,India,Shoes,2024-11-26 22:33:00,,,,,,,,,,,,,,,
One star for the Shoes #Review 😡,0,Germany,Shoes,2024-09-19 01:24:10,,,,,,,,,,,,,,,
Would not recommend the Jacket @H&M — Quality is bad #Review 👎,0,USA,Jacket,2025-10-29 07:40:21,,,,,,,,,,,,,,,
Terrible experience with the Tablet #Deal 💀,0,Australia,Tablet,2024-07-23 05:44:12,,,,,,,,,,,,,,,
Highly recommend the Books #MustRead #Shopping 😊,1,Australia,Books,2024-09-29 23:19:54,,,,,,,,,,,,,,,
Highly recommend the Printer @HP #Deal 🔥,1,India,Printer,2025-10-15 00:30:49,,,,,,,,,,,,,,,
One star for the Printer ☹️,0,Canada,Printer,2025-10-07 18:14:52,,,,,,,,,,,,,,,
That Smartwatch looks amazing — I’m getting one #Fashion @Amazon,1,UK,Smartwatch,2025-08-27 21:25:37,,,,,,,,,,,,,,,
Very disappointed by the Laptop — Disappointed #NewLaunch ☹️,0,USA,Laptop,2025-02-06 19:51:07,,,,,,,,,,,,,,,
Waste of money the Jacket @NorthFace — Quality is bad #Deal ☹️,0,India,Jacket,2025-05-19 18:33:36,,,,,,,,,,,,,,,
One star for the Books #Unboxing ☹️,0,Germany,Books,2024-01-09 06:56:21,,,,,,,,,,,,,,,
Thinking about buying the Smartwatch tomorrow #Tech @Flipkart,1,Australia,Smartwatch,2025-04-26 18:11:20,,,,,,,,,,,,,,,
Terrible experience with the Tablet @Apple — Quality is bad #NewLaunch 💀,0,Australia,Tablet,2025-08-30 00:59:44,,,,,,,,,,,,,,,
One star for the Smartwatch @Samsung — Quality is bad #Sale ☹️,0,Germany,Smartwatch,2025-08-06 23:21:20,,,,,,,,,,,,,,,
Regret buying the Backpack @Wildcraft #NewLaunch 💀,0,India,Backpack,2025-06-01 13:06:19,,,,,,,,,,,,,,,
The Shoes doesn’t seem worth it #Sale @Sony,0,USA,Shoes,2025-08-27 09:38:30,,,,,,,,,,,,,,,
Not interested in purchasing the Headphones 😐 @Apple,0,Canada,Headphones,2025-06-06 08:28:33,,,,,,,,,,,,,,,
Thinking about buying the Shoes tomorrow #Offer @Amazon,1,Canada,Shoes,2025-08-03 16:01:31,,,,,,,,,,,,,,,
"I was going to get a Headphones, but changed my mind 😐 @Nike",0,Australia,Headphones,2025-05-17 19:36:19,,,,,,,,,,,,,,,
Late delivery ruined the Camera @Sony — Quality is bad #Deal 😞,0,India,Camera,2025-01-31 19:29:11,,,,,,,,,,,,,,,
Skipping the Headphones this time 🙄 @Sony,0,USA,Headphones,2025-10-05 14:14:16,,,,,,,,,,,,,,,
Great value in the Laptop @Apple #Deal 🔥,1,India,Laptop,2025-07-12 14:36:36,,,,,,,,,,,,,,,
Not worth the price the Laptop @Apple #Shopping ☹️,0,India,Laptop,2025-11-09 06:40:05,,,,,,,,,,,,,,,
Very disappointed by the Furniture — Quality is bad 😡,0,UK,Furniture,2024-12-05 09:21:50,,,,,,,,,,,,,,,
"Not buying the iPhone, it's overpriced 😒 @Flipkart",0,India,iPhone,2025-06-06 03:42:36,,,,,,,,,,,,,,,
So happy with the Books #BookTok #NewLaunch 😊,1,Australia,Books,2024-01-11 01:44:00,,,,,,,,,,,,,,,
Planning to get a Smartwatch this week #Fashion @Nike,1,USA,Smartwatch,2025-08-25 02:03:06,,,,,,,,,,,,,,,
"Got my eyes on the Smartwatch, purchasing soon 📱 @Sony",1,India,Smartwatch,2025-05-13 23:25:25,,,,,,,,,,,,,,,
Late delivery ruined the Jacket — Disappointed #Review,0,India,Jacket,2024-08-11 01:29:38,,,,,,,,,,,,,,,
Skipping the Laptop this time 🙄 @Sony,0,India,Laptop,2025-05-21 12:16:25,,,,,,,,,,,,,,,
Fast delivery for the Headphones #Sale ✨,1,India,Headphones,2024-03-16 01:09:12,,,,,,,,,,,,,,,
Too expensive for a Shoes. I'll pass #Deal @Sony,0,UK,Shoes,2025-05-08 16:26:04,,,,,,,,,,,,,,,
Just ordered my Shoes! Can't wait to try it 📱 @Nike,1,Canada,Shoes,2025-06-10 06:25:23,,,,,,,,,,,,,,,
Worth every penny the Books #MustRead #Review 😊,1,Germany,Books,2024-04-25 16:40:02,,,,,,,,,,,,,,,
I don’t think I’ll buy the Headphones anytime soon #MustBuy @Amazon,0,India,Headphones,2025-08-09 04:04:32,,,,,,,,,,,,,,,
"I was going to get a Shoes, but changed my mind 😒 @Apple",0,UK,Shoes,2025-05-19 17:49:37,,,,,,,,,,,,,,,
Planning to get a Shoes this week #MustBuy @Amazon,1,Canada,Shoes,2025-04-29 12:49:51,,,,,,,,,,,,,,,
Very disappointed by the Refrigerator #Deal 👎,0,India,Refrigerator,2024-04-08 09:56:07,,,,,,,,,,,,,,,
"Not buying the Laptop, it's overpriced 👎 @Sony",0,India,Laptop,2025-05-24 03:20:45,,,,,,,,,,,,,,,
Would not recommend the Jacket — Disappointed #Review 😞,0,India,Jacket,2024-02-19 00:44:06,,,,,,,,,,,,,,,
The Shoes isn't good enough to buy #Offer @Sony,0,UK,Shoes,2025-09-01 01:48:46,,,,,,,,,,,,,,,
Worth every penny the Gaming Console #Shopping 👍,1,Canada,Gaming Console,2024-11-12 06:26:14,,,,,,,,,,,,,,,
The Headphones doesn’t seem worth it #Shopping @Apple,0,Australia,Headphones,2025-06-21 03:28:48,,,,,,,,,,,,,,,
Terrible experience with the Printer @HP — Not what I expected #NewLaunch ☹️,0,India,Printer,2025-06-24 11:12:07,,,,,,,,,,,,,,,
Very disappointed by the Jacket — Disappointed #Deal ☹️,0,Germany,Jacket,2024-05-08 03:31:16,,,,,,,,,,,,,,,
Five stars for the Laptop #Review 👍,1,India,Laptop,2024-01-07 08:26:16,,,,,,,,,,,,,,,
Not satisfied with the Cosmetics @Nykaa — Disappointed #NewLaunch,0,USA,Cosmetics,2024-05-30 15:08:51,,,,,,,,,,,,,,,
Late delivery ruined the Backpack — Disappointed #Unboxing,0,Canada,Backpack,2024-05-10 18:51:41,,,,,,,,,,,,,,,
Really excited to purchase the latest Headphones 😎 @Nike,1,Australia,Headphones,2025-06-10 23:15:03,,,,,,,,,,,,,,,
Waste of money the Laptop @Dell — Not what I expected #Unboxing 👎,0,India,Laptop,2024-09-17 21:25:04,,,,,,,,,,,,,,,
One star for the Furniture @Ikea — Quality is bad #Deal,0,UK,Furniture,2025-04-04 02:57:04,,,,,,,,,,,,,,,
Amazing quality the Laptop @Lenovo #Review ✨,1,India,Laptop,2024-02-03 14:32:02,,,,,,,,,,,,,,,
Very disappointed by the Shoes — Not what I expected #Unboxing,0,Canada,Shoes,2025-05-13 01:32:43,,,,,,,,,,,,,,,
I'm going to buy the new iPhone soon 📱 #Fashion @Apple,1,Australia,iPhone,2025-06-13 09:14:10,,,,,,,,,,,,,,,
One star for the Books #MustRead #Unboxing 💀,0,India,Books,2024-07-03 23:24:57,,,,,,,,,,,,,,,
Worth every penny the TV @Samsung #Shopping,1,India,TV,2024-08-01 13:42:57,,,,,,,,,,,,,,,
No plans to buy any iPhone right now #NewLaunch @BestBuy,0,UK,iPhone,2025-09-11 13:37:07,,,,,,,,,,,,,,,
Highly recommend the Gaming Console @PlayStation ✨,1,Australia,Gaming Console,2024-01-11 20:41:11,,,,,,,,,,,,,,,
"Got my eyes on the Laptop, purchasing soon 😎 @Sony",1,Canada,Laptop,2025-07-30 03:13:56,,,,,,,,,,,,,,,
Absolutely love the Books #Shopping 🔥,1,Canada,Books,2024-04-02 06:38:23,,,,,,,,,,,,,,,
Amazing quality the Headphones #Shopping 😍,1,India,Headphones,2025-08-21 19:57:47,,,,,,,,,,,,,,,
Loved this the Backpack @Herschel,1,Germany,Backpack,2025-02-21 11:45:36,,,,,,,,,,,,,,,
Regret buying the Refrigerator @Samsung — Quality is bad ☹️,0,India,Refrigerator,2024-03-16 10:57:51,,,,,,,,,,,,,,,
Absolutely love the Gaming Console @Nintendo #Review 😊,1,India,Gaming Console,2025-11-05 19:50:09,,,,,,,,,,,,,,,
Five stars for the Printer @HP #Sale 👍,1,UK,Printer,2024-04-22 17:45:58,,,,,,,,,,,,,,,
I don’t think I’ll buy the Smartwatch anytime soon #Fashion @Apple,0,Canada,Smartwatch,2025-06-20 08:20:42,,,,,,,,,,,,,,,
Very disappointed by the Tablet — Disappointed #Sale 👎,0,USA,Tablet,2024-08-30 00:36:51,,,,,,,,,,,,,,,
Late delivery ruined the Phone — Not what I expected #Review 😞,0,India,Phone,2025-04-08 04:58:08,,,,,,,,,,,,,,,
Would not recommend the Laptop @Dell — Disappointed ☹️,0,UK,Laptop,2024-11-24 01:20:11,,,,,,,,,,,,,,,
Terrible experience with the TV — Disappointed #Deal 😡,0,Australia,TV,2025-05-27 04:18:11,,,,,,,,,,,,,,,
The Laptop isn't good enough to buy #Tech @Sony,0,UK,Laptop,2025-04-16 06:09:06,,,,,,,,,,,,,,,
Worth every penny the Laptop #Sale,1,India,Laptop,2025-01-16 17:50:38,,,,,,,,,,,,,,,
Not worth the price the Laptop — Disappointed #Deal 😞,0,India,Laptop,2025-05-04 05:31:40,,,,,,,,,,,,,,,
Fantastic performance the Furniture ✨,1,UK,Furniture,2025-04-26 09:07:33,,,,,,,,,,,,,,,
"The new iPhone is disappointing, won't buy 👎 @Flipkart",0,UK,iPhone,2025-09-09 05:05:14,,,,,,,,,,,,,,,
Waste of money the Cosmetics — Quality is bad #Review ☹️,0,India,Cosmetics,2024-04-08 20:34:31,,,,,,,,,,,,,,,
Absolutely love the Furniture @UrbanLadder #Sale 👍,1,USA,Furniture,2024-01-21 05:50:56,,,,,,,,,,,,,,,
Very disappointed by the Bike @Bajaj — Quality is bad #Deal,0,India,Bike,2025-10-13 06:28:40,,,,,,,,,,,,,,,
Really excited to purchase the latest iPhone 💻 @Apple,1,Australia,iPhone,2025-06-25 06:29:38,,,,,,,,,,,,,,,
Waste of money the Books #Review 👎,0,India,Books,2024-10-25 09:19:47,,,,,,,,,,,,,,,
Great value in the Printer #Review 😍,1,UK,Printer,2024-12-12 23:59:09,,,,,,,,,,,,,,,
Worth every penny the Camera #Shopping 😊,1,India,Camera,2024-03-15 07:40:21,,,,,,,,,,,,,,,
"Not buying the Smartwatch, it's overpriced 😐 @Nike",0,India,Smartwatch,2025-07-12 22:25:22,,,,,,,,,,,,,,,
Planning to get a iPhone this week #Tech @BestBuy,1,USA,iPhone,2025-06-19 14:45:46,,,,,,,,,,,,,,,
Worth every penny the TV @Sony #Shopping ✨,1,Germany,TV,2025-08-15 17:22:58,,,,,,,,,,,,,,,
Fantastic performance the Laptop @Lenovo #Unboxing 😊,1,USA,Laptop,2025-10-08 03:44:12,,,,,,,,,,,,,,,
Too expensive for a Laptop. I'll pass #Tech @Nike,0,UK,Laptop,2025-09-10 01:31:23,,,,,,,,,,,,,,,
Skipping the Headphones this time 👎 @BestBuy,0,USA,Headphones,2025-05-21 01:19:54,,,,,,,,,,,,,,,
Worth every penny the Shoes #Review 😍,1,India,Shoes,2024-10-27 16:03:19,,,,,,,,,,,,,,,
"The new Shoes is disappointing, won't buy 😒 @Nike",0,India,Shoes,2025-08-03 13:05:59,,,,,,,,,,,,,,,
Not satisfied with the Phone — Not what I expected #NewLaunch 😡,0,Australia,Phone,2024-01-01 10:41:19,,,,,,,,,,,,,,,
Not worth the price the Smartwatch @Samsung #NewLaunch 😡,0,Germany,Smartwatch,2024-10-13 08:10:34,,,,,,,,,,,,,,,
Waste of money the Watches @Fossil — Quality is bad #Deal 😡,0,Australia,Watches,2025-10-06 14:09:24,,,,,,,,,,,,,,,
Waste of money the Bike — Quality is bad #Deal 😞,0,India,Bike,2025-11-10 08:49:31,,,,,,,,,,,,,,,
Fast delivery for the Smartwatch @Apple #Review 😍,1,Australia,Smartwatch,2025-08-30 06:40:55,,,,,,,,,,,,,,,
So happy with the Gaming Console @PlayStation #Unboxing,1,India,Gaming Console,2024-10-01 21:51:16,,,,,,,,,,,,,,,
"Not buying the Smartwatch, it's overpriced 😒 @Flipkart",0,UK,Smartwatch,2025-06-18 17:34:15,,,,,,,,,,,,,,,
Highly recommend the Phone #Shopping 😍,1,India,Phone,2024-05-27 11:28:08,,,,,,,,,,,,,,,
Five stars for the Camera @Nikon #NewLaunch 👍,1,Germany,Camera,2024-04-14 08:12:53,,,,,,,,,,,,,,,
Highly recommend the Watches @Titan #Sale,1,India,Watches,2024-02-16 15:09:33,,,,,,,,,,,,,,,
Late delivery ruined the Furniture @Ikea — Quality is bad #Unboxing,0,Canada,Furniture,2025-09-18 19:27:01,,,,,,,,,,,,,,,
Terrible experience with the Camera @Canon — Disappointed #Shopping,0,Germany,Camera,2025-09-17 14:41:06,,,,,,,,,,,,,,,
Planning to get a Smartwatch this week #Shopping @BestBuy,1,India,Smartwatch,2025-09-28 02:41:45,,,,,,,,,,,,,,,
Late delivery ruined the Jacket @NorthFace — Disappointed 👎,0,India,Jacket,2024-05-31 05:34:53,,,,,,,,,,,,,,,
Fantastic performance the Bike #NewLaunch 😊,1,Germany,Bike,2024-08-27 02:00:34,,,,,,,,,,,,,,,
The Headphones isn't good enough to buy #Offer @Flipkart,0,Canada,Headphones,2025-07-18 00:49:44,,,,,,,,,,,,,,,
Would not recommend the Tablet — Disappointed #Deal 👎,0,India,Tablet,2024-01-05 12:18:37,,,,,,,,,,,,,,,
"The new Laptop is disappointing, won't buy 😩 @Apple",0,UK,Laptop,2025-08-25 08:54:08,,,,,,,,,,,,,,,
Would not recommend the Watches @Titan — Disappointed #Review ☹️,0,USA,Watches,2024-01-31 02:57:31,,,,,,,,,,,,,,,
Highly recommend the Smartwatch #Review ✨,1,Australia,Smartwatch,2024-12-25 13:14:19,,,,,,,,,,,,,,,
So happy with the Printer #NewLaunch 🔥,1,UK,Printer,2025-01-12 05:00:24,,,,,,,,,,,,,,,
The iPhone isn't good enough to buy #Deal @Amazon,0,Australia,iPhone,2025-04-20 16:03:02,,,,,,,,,,,,,,,
Late delivery ruined the Furniture — Quality is bad 😡,0,Germany,Furniture,2024-02-21 04:41:09,,,,,,,,,,,,,,,
Five stars for the TV #Deal ✨,1,India,TV,2024-04-23 15:58:25,,,,,,,,,,,,,,,
Worth every penny the Tablet #Sale 😊,1,USA,Tablet,2025-08-05 16:10:15,,,,,,,,,,,,,,,
Great value in the Phone #Unboxing 😍,1,India,Phone,2024-05-11 05:31:15,,,,,,,,,,,,,,,
"Not buying the Laptop, it's overpriced 😩 @BestBuy",0,Canada,Laptop,2025-05-28 09:28:19,,,,,,,,,,,,,,,
Would not recommend the Watches @Rolex — Not what I expected #Deal ☹️,0,India,Watches,2024-12-08 07:11:54,,,,,,,,,,,,,,,
"Can't resist, the Shoes deal is too good 🛒 @Flipkart",1,Canada,Shoes,2025-08-10 22:55:05,,,,,,,,,,,,,,,
Too expensive for a Laptop. I'll pass #Shopping @BestBuy,0,Australia,Laptop,2025-07-11 08:56:25,,,,,,,,,,,,,,,
Fantastic performance the Bike 😊,1,Germany,Bike,2025-10-17 23:12:15,,,,,,,,,,,,,,,
The Shoes doesn’t seem worth it #Fashion @Nike,0,UK,Shoes,2025-09-30 14:11:53,,,,,,,,,,,,,,,
Fast delivery for the Furniture @UrbanLadder #Deal 🔥,1,Germany,Furniture,2024-04-09 08:32:24,,,,,,,,,,,,,,,
Amazing quality the Books #Deal,1,Australia,Books,2025-01-28 06:45:34,,,,,,,,,,,,,,,
Fantastic performance the TV @LG #Deal 👍,1,USA,TV,2024-10-06 08:15:41,,,,,,,,,,,,,,,
Loved this the Phone @Samsung #Deal 😊,1,Canada,Phone,2025-10-20 10:07:36,,,,,,,,,,,,,,,
"I was going to get a Shoes, but changed my mind 😐 @Sony",0,Canada,Shoes,2025-09-13 22:06:33,,,,,,,,,,,,,,,
"Got my eyes on the Shoes, purchasing soon 😎 @Apple",1,India,Shoes,2025-09-30 18:32:30,,,,,,,,,,,,,,,
Just ordered my Smartwatch! Can't wait to try it 😎 @BestBuy,1,Australia,Smartwatch,2025-07-28 22:12:28,,,,,,,,,,,,,,,
One star for the Backpack @Wildcraft #Shopping 😞,0,India,Backpack,2024-11-30 14:45:54,,,,,,,,,,,,,,,
"Can't resist, the iPhone deal is too good 🔥 @Flipkart",1,USA,iPhone,2025-04-19 15:10:06,,,,,,,,,,,,,,,
Amazing quality the Backpack @Wildcraft #Sale ✨,1,Canada,Backpack,2024-12-07 20:50:09,,,,,,,,,,,,,,,
Not interested in purchasing the Smartwatch 😐 @Flipkart,0,Australia,Smartwatch,2025-09-25 12:30:05,,,,,,,,,,,,,,,
Waste of money the Jacket — Quality is bad #Deal 😞,0,Germany,Jacket,2025-05-01 04:01:35,,,,,,,,,,,,,,,
So happy with the Camera @Nikon #Shopping 😊,1,USA,Camera,2025-09-29 13:06:36,,,,,,,,,,,,,,,
Fast delivery for the Gaming Console @PlayStation #Review 🔥,1,USA,Gaming Console,2025-01-22 17:49:48,,,,,,,,,,,,,,,
Fantastic performance the Watches @Titan #Review 👍,1,India,Watches,2024-06-22 01:59:20,,,,,,,,,,,,,,,
Poor quality the Jacket @Zara — Not what I expected #Shopping ☹️,0,USA,Jacket,2025-08-23 08:14:13,,,,,,,,,,,,,,,
One star for the Backpack #Unboxing 💀,0,UK,Backpack,2024-08-30 18:19:24,,,,,,,,,,,,,,,
No plans to buy any Smartwatch right now #MustBuy @Sony,0,Canada,Smartwatch,2025-07-07 10:27:57,,,,,,,,,,,,,,,
I'm going to buy the new Shoes soon 🔥 #Shopping @BestBuy,1,Canada,Shoes,2025-09-08 13:55:44,,,,,,,,,,,,,,,
Finally saved up enough to get the iPhone! 😎 @BestBuy,1,Australia,iPhone,2025-08-26 16:48:59,,,,,,,,,,,,,,,
One star for the Headphones — Not what I expected #NewLaunch ☹️,0,Australia,Headphones,2025-04-20 01:42:47,,,,,,,,,,,,,,,
Not worth the price the Furniture @UrbanLadder — Not what I expected #Shopping 👎,0,Canada,Furniture,2024-01-04 19:34:30,,,,,,,,,,,,,,,
Fast delivery for the Phone #NewLaunch 🔥,1,USA,Phone,2024-06-06 00:59:37,,,,,,,,,,,,,,,
"I was going to get a Headphones, but changed my mind 😒 @Apple",0,Canada,Headphones,2025-10-06 19:21:23,,,,,,,,,,,,,,,
"Got my eyes on the iPhone, purchasing soon 🔥 @Apple",1,USA,iPhone,2025-05-13 00:50:31,,,,,,,,,,,,,,,
Fantastic performance the Furniture @UrbanLadder #Review 👍,1,India,Furniture,2024-08-16 09:30:36,,,,,,,,,,,,,,,
So happy with the Printer #Unboxing 😊,1,India,Printer,2024-08-23 03:05:22,,,,,,,,,,,,,,,
Absolutely love the Refrigerator @Samsung 😍,1,USA,Refrigerator,2025-10-25 12:11:00,,,,,,,,,,,,,,,
"I was going to get a Headphones, but changed my mind 😐 @Flipkart",0,Canada,Headphones,2025-07-24 04:29:42,,,,,,,,,,,,,,,
Too expensive for a Headphones. I'll pass #Fashion @Flipkart,0,India,Headphones,2025-07-30 06:07:54,,,,,,,,,,,,,,,
Amazing quality the Tablet @Apple #Unboxing ✨,1,Canada,Tablet,2024-09-02 20:35:30,,,,,,,,,,,,,,,
Not satisfied with the TV — Quality is bad #Review 💀,0,Canada,TV,2024-10-06 05:56:57,,,,,,,,,,,,,,,
Waste of money the Cosmetics @Sephora — Not what I expected #Deal,0,Germany,Cosmetics,2024-11-21 23:31:22,,,,,,,,,,,,,,,
"I was going to get a Shoes, but changed my mind 😩 @BestBuy",0,India,Shoes,2025-05-19 06:05:41,,,,,,,,,,,,,,,
Not satisfied with the Bike — Disappointed 😡,0,USA,Bike,2024-06-18 23:29:40,,,,,,,,,,,,,,,
"I was going to get a Smartwatch, but changed my mind 🙄 @Nike",0,Canada,Smartwatch,2025-09-06 17:54:08,,,,,,,,,,,,,,,
Not worth the price the Jacket — Not what I expected #NewLaunch 👎,0,India,Jacket,2025-10-14 13:15:28,,,,,,,,,,,,,,,
"Got my eyes on the Laptop, purchasing soon 💸 @BestBuy",1,Canada,Laptop,2025-06-02 16:11:52,,,,,,,,,,,,,,,
Five stars for the Smartwatch,1,India,Smartwatch,2025-06-27 07:37:12,,,,,,,,,,,,,,,
Not worth the price the Bike #Sale 👎,0,Canada,Bike,2024-07-25 19:23:30,,,,,,,,,,,,,,,
Not satisfied with the Printer @HP #Unboxing 👎,0,USA,Printer,2025-03-11 00:21:55,,,,,,,,,,,,,,,
Not interested in purchasing the Shoes 🙄 @BestBuy,0,UK,Shoes,2025-07-24 10:51:04,,,,,,,,,,,,,,,
Loved this the Shoes @Puma #Review 🔥,1,Germany,Shoes,2024-09-04 03:59:35,,,,,,,,,,,,,,,
Highly recommend the Jacket @Zara #NewLaunch 👍,1,USA,Jacket,2024-10-20 09:09:51,,,,,,,,,,,,,,,
So happy with the Books #BookTok #Sale 🔥,1,India,Books,2024-01-19 23:19:20,,,,,,,,,,,,,,,
Would not recommend the Headphones — Quality is bad #Review 👎,0,India,Headphones,2024-03-31 21:30:56,,,,,,,,,,,,,,,
Poor quality the Jacket #Deal 👎,0,Germany,Jacket,2025-02-19 02:22:54,,,,,,,,,,,,,,,
"I was going to get a Smartwatch, but changed my mind 💀 @Nike",0,USA,Smartwatch,2025-04-15 00:59:00,,,,,,,,,,,,,,,
Not worth the price the Camera — Quality is bad #Unboxing ☹️,0,USA,Camera,2025-09-01 23:40:01,,,,,,,,,,,,,,,
Amazing quality the Camera @Nikon #Deal ✨,1,India,Camera,2024-06-12 22:30:34,,,,,,,,,,,,,,,
Late delivery ruined the Backpack — Not what I expected #Deal ☹️,0,India,Backpack,2024-04-21 08:29:18,,,,,,,,,,,,,,,
Regret buying the Books #MustRead — Quality is bad #Deal 😡,0,USA,Books,2025-06-21 06:32:50,,,,,,,,,,,,,,,
Highly recommend the Phone @Apple #Sale,1,India,Phone,2024-07-15 18:31:13,,,,,,,,,,,,,,,
Fantastic performance the Books #MustRead #Review 😍,1,India,Books,2025-05-30 10:37:34,,,,,,,,,,,,,,,
Poor quality the Smartwatch @Apple — Not what I expected #Review ☹️,0,India,Smartwatch,2025-04-09 17:00:15,,,,,,,,,,,,,,,
Would not recommend the Books #BookTok — Not what I expected #NewLaunch 😞,0,India,Books,2025-05-15 07:32:59,,,,,,,,,,,,,,,
Very disappointed by the Watches @Rolex — Not what I expected #Unboxing 💀,0,Australia,Watches,2025-11-05 09:29:44,,,,,,,,,,,,,,,
Late delivery ruined the Tablet #Sale 😡,0,USA,Tablet,2024-03-07 13:42:00,,,,,,,,,,,,,,,
Very disappointed by the Headphones @Jabra — Quality is bad #Sale,0,Canada,Headphones,2024-11-12 14:58:58,,,,,,,,,,,,,,,
Worth every penny the Refrigerator @Samsung #Unboxing 🔥,1,Germany,Refrigerator,2025-04-28 08:45:01,,,,,,,,,,,,,,,
No plans to buy any Smartwatch right now #Sale @Amazon,0,UK,Smartwatch,2025-05-31 20:28:21,,,,,,,,,,,,,,,
Fantastic performance the Tablet 🔥,1,India,Tablet,2025-08-19 05:54:37,,,,,,,,,,,,,,,
Fast delivery for the Backpack @Wildcraft #Sale 👍,1,Canada,Backpack,2024-09-28 01:59:46,,,,,,,,,,,,,,,
Absolutely love the Refrigerator #Unboxing ✨,1,Germany,Refrigerator,2024-07-30 00:22:08,,,,,,,,,,,,,,,
Would not recommend the Jacket @H&M — Disappointed #Unboxing 😞,0,India,Jacket,2024-06-15 02:54:22,,,,,,,,,,,,,,,
Poor quality the Shoes — Not what I expected #NewLaunch,0,Australia,Shoes,2025-06-30 21:52:26,,,,,,,,,,,,,,,
So happy with the Smartwatch @Fitbit 😊,1,India,Smartwatch,2024-10-26 02:02:34,,,,,,,,,,,,,,,
Planning to get a iPhone this week #NewLaunch @BestBuy,1,USA,iPhone,2025-06-28 04:03:28,,,,,,,,,,,,,,,
Planning to get a iPhone this week #NewLaunch @Nike,1,USA,iPhone,2025-09-18 22:32:45,,,,,,,,,,,,,,,
Amazing quality the Watches @Titan #Unboxing 🔥,1,India,Watches,2025-03-12 00:39:37,,,,,,,,,,,,,,,
Waste of money the TV #NewLaunch,0,USA,TV,2025-01-17 00:12:00,,,,,,,,,,,,,,,
Thinking about buying the iPhone tomorrow #NewLaunch @Apple,1,UK,iPhone,2025-06-07 21:39:10,,,,,,,,,,,,,,,
The iPhone doesn’t seem worth it #Fashion @BestBuy,0,Canada,iPhone,2025-09-29 07:32:15,,,,,,,,,,,,,,,
Poor quality the Tablet @Samsung #Shopping,0,UK,Tablet,2025-10-21 21:27:16,,,,,,,,,,,,,,,
Not interested in purchasing the Laptop 😩 @Amazon,0,UK,Laptop,2025-10-01 17:56:32,,,,,,,,,,,,,,,
Fantastic performance the Books #Shopping 😍,1,USA,Books,2025-08-17 13:34:16,,,,,,,,,,,,,,,
One star for the Smartwatch #NewLaunch 💀,0,USA,Smartwatch,2024-06-19 19:00:53,,,,,,,,,,,,,,,
Waste of money the Camera @Nikon #NewLaunch 😡,0,Australia,Camera,2025-04-14 07:23:23,,,,,,,,,,,,,,,
Worth every penny the TV #Unboxing 👍,1,USA,TV,2025-07-31 01:09:39,,,,,,,,,,,,,,,
So happy with the TV @Samsung #Shopping 👍,1,India,TV,2024-11-23 23:06:45,,,,,,,,,,,,,,,
Absolutely love the TV @LG #Sale,1,India,TV,2025-10-14 20:09:40,,,,,,,,,,,,,,,
Fantastic performance the Shoes @Puma #Sale 👍,1,Australia,Shoes,2024-08-02 20:48:11,,,,,,,,,,,,,,,
Highly recommend the Watches @Rolex #Unboxing 😊,1,India,Watches,2024-07-20 04:02:24,,,,,,,,,,,,,,,
Late delivery ruined the Furniture — Not what I expected #Sale ☹️,0,Germany,Furniture,2025-10-11 21:09:34,,,,,,,,,,,,,,,
Five stars for the Watches #Deal ✨,1,India,Watches,2025-06-23 08:20:02,,,,,,,,,,,,,,,
Loved this the Laptop @Dell #Deal ✨,1,Canada,Laptop,2024-07-04 10:56:31,,,,,,,,,,,,,,,
Absolutely love the Tablet @Samsung #NewLaunch 🔥,1,India,Tablet,2025-03-04 19:58:55,,,,,,,,,,,,,,,
Worth every penny the Refrigerator @Whirlpool #Unboxing 😊,1,India,Refrigerator,2024-09-24 09:33:27,,,,,,,,,,,,,,,
One star for the Furniture @UrbanLadder — Disappointed 😡,0,Germany,Furniture,2025-10-17 00:25:51,,,,,,,,,,,,,,,
Amazing quality the Books #Review 👍,1,India,Books,2025-09-30 03:26:12,,,,,,,,,,,,,,,
Absolutely love the Furniture @Ikea #Deal 😍,1,USA,Furniture,2025-11-04 16:55:20,,,,,,,,,,,,,,,
Highly recommend the Tablet #Sale 👍,1,Canada,Tablet,2025-04-20 04:17:40,,,,,,,,,,,,,,,
So happy with the Printer @HP #Review ✨,1,Canada,Printer,2024-01-14 13:06:56,,,,,,,,,,,,,,,
Terrible experience with the Headphones #Unboxing 😡,0,India,Headphones,2025-05-29 18:30:19,,,,,,,,,,,,,,,
Too expensive for a Headphones. I'll pass #NewLaunch @Flipkart,0,India,Headphones,2025-06-29 03:02:49,,,,,,,,,,,,,,,
One star for the Phone @Samsung #Deal 😞,0,USA,Phone,2025-10-01 00:23:00,,,,,,,,,,,,,,,
The Headphones doesn’t seem worth it #Shopping @Apple,0,Canada,Headphones,2025-05-28 03:25:03,,,,,,,,,,,,,,,
Really excited to purchase the latest Headphones 📱 @Amazon,1,Australia,Headphones,2025-09-15 12:13:30,,,,,,,,,,,,,,,
So happy with the Phone @Samsung #Sale 👍,1,India,Phone,2024-03-11 20:19:54,,,,,,,,,,,,,,,
Highly recommend the Gaming Console @PlayStation #Shopping 👍,1,India,Gaming Console,2025-09-05 11:37:43,,,,,,,,,,,,,,,
Not interested in purchasing the Shoes 👎 @Sony,0,Canada,Shoes,2025-09-22 00:02:12,,,,,,,,,,,,,,,
Skipping the Shoes this time 😤 @Sony,0,India,Shoes,2025-09-06 08:54:37,,,,,,,,,,,,,,,
I'm going to buy the new iPhone soon 💻 #MustBuy @Sony,1,Australia,iPhone,2025-08-27 22:43:32,,,,,,,,,,,,,,,
Really excited to purchase the latest Laptop 💸 @Nike,1,USA,Laptop,2025-04-13 13:24:54,,,,,,,,,,,,,,,
Worth every penny the Printer @HP #Shopping 😊,1,India,Printer,2025-06-18 20:41:14,,,,,,,,,,,,,,,
Finally saved up enough to get the Shoes! 🛒 @Nike,1,Canada,Shoes,2025-06-20 02:32:47,,,,,,,,,,,,,,,
Poor quality the Refrigerator — Quality is bad #Sale,0,India,Refrigerator,2025-01-22 10:07:26,,,,,,,,,,,,,,,
Very disappointed by the Cosmetics @Sephora — Not what I expected #NewLaunch 😡,0,USA,Cosmetics,2024-10-26 13:09:57,,,,,,,,,,,,,,,
Worth every penny the Bike #Unboxing ✨,1,India,Bike,2025-03-20 23:12:28,,,,,,,,,,,,,,,
Fast delivery for the Cosmetics #Unboxing,1,India,Cosmetics,2024-10-04 17:22:57,,,,,,,,,,,,,,,
Regret buying the Smartwatch @Samsung — Not what I expected #Review ☹️,0,USA,Smartwatch,2024-10-09 15:32:58,,,,,,,,,,,,,,,
So happy with the Books,1,Australia,Books,2025-02-25 04:52:30,,,,,,,,,,,,,,,
Amazing quality the Tablet @Apple 👍,1,USA,Tablet,2025-05-06 10:02:32,,,,,,,,,,,,,,,
Really excited to purchase the latest iPhone 💸 @Amazon,1,India,iPhone,2025-07-05 20:38:01,,,,,,,,,,,,,,,
Amazing quality the Tablet @Apple #Deal 👍,1,India,Tablet,2025-08-05 21:53:42,,,,,,,,,,,,,,,
Fantastic performance the Furniture #Unboxing 🔥,1,Australia,Furniture,2025-07-20 23:45:34,,,,,,,,,,,,,,,
Great value in the Smartwatch @Fitbit #Unboxing 😊,1,USA,Smartwatch,2024-01-25 01:45:18,,,,,,,,,,,,,,,
No plans to buy any Laptop right now #Tech @BestBuy,0,USA,Laptop,2025-09-18 19:27:02,,,,,,,,,,,,,,,
So happy with the TV @Sony #NewLaunch,1,India,TV,2024-03-24 20:31:44,,,,,,,,,,,,,,,
Thinking about buying the Smartwatch tomorrow #Tech @BestBuy,1,UK,Smartwatch,2025-06-25 13:18:27,,,,,,,,,,,,,,,
Not worth the price the TV @LG — Quality is bad 👎,0,Australia,TV,2024-09-14 12:33:46,,,,,,,,,,,,,,,
Waste of money the Furniture @Ikea — Quality is bad #Deal 👎,0,USA,Furniture,2024-03-03 10:18:13,,,,,,,,,,,,,,,
"Can't resist, the Headphones deal is too good 💻 @Nike",1,India,Headphones,2025-10-01 23:40:03,,,,,,,,,,,,,,,
Highly recommend the Refrigerator #Review 👍,1,India,Refrigerator,2025-01-23 14:44:45,,,,,,,,,,,,,,,
Highly recommend the Laptop @Lenovo #NewLaunch 🔥,1,USA,Laptop,2025-03-11 13:13:31,,,,,,,,,,,,,,,
Waste of money the Bike @Bajaj — Quality is bad #Unboxing ☹️,0,India,Bike,2025-02-17 11:59:21,,,,,,,,,,,,,,,
Regret buying the Smartwatch @Apple — Disappointed #Deal 😞,0,Australia,Smartwatch,2024-02-08 21:33:45,,,,,,,,,,,,,,,
One star for the Bike — Not what I expected #Shopping 😡,0,India,Bike,2024-05-06 13:26:04,,,,,,,,,,,,,,,
Fantastic performance the Phone #Review 👍,1,USA,Phone,2024-03-04 12:17:42,,,,,,,,,,,,,,,
That Laptop looks amazing — I’m getting one #Offer @Flipkart,1,Australia,Laptop,2025-08-27 05:45:10,,,,,,,,,,,,,,,
Not worth the price the Watches @Titan #Deal ☹️,0,UK,Watches,2024-01-30 09:51:19,,,,,,,,,,,,,,,
"Love how the new iPhone looks, definitely buying #MustBuy @Sony",1,Australia,iPhone,2025-09-07 06:59:13,,,,,,,,,,,,,,,
Skipping the Laptop this time 💀 @Apple,0,Australia,Laptop,2025-05-31 23:39:50,,,,,,,,,,,,,,,
Very disappointed by the Watches — Quality is bad #Unboxing 👎,0,India,Watches,2025-06-05 19:27:44,,,,,,,,,,,,,,,
Not worth the price the Books #Review 💀,0,India,Books,2024-03-30 02:34:19,,,,,,,,,,,,,,,
Fast delivery for the Watches @Fossil #Unboxing,1,India,Watches,2025-05-24 07:11:43,,,,,,,,,,,,,,,
I'm going to buy the new Shoes soon 📱 #Deal @Nike,1,India,Shoes,2025-08-07 07:35:03,,,,,,,,,,,,,,,
That Smartwatch looks amazing — I’m getting one #Offer @Apple,1,USA,Smartwatch,2025-06-27 03:13:36,,,,,,,,,,,,,,,
I don’t think I’ll buy the Shoes anytime soon #Shopping @Amazon,0,USA,Shoes,2025-05-19 21:29:05,,,,,,,,,,,,,,,
Waste of money the Laptop @Apple — Not what I expected #Deal 😞,0,India,Laptop,2025-01-05 09:48:56,,,,,,,,,,,,,,,
Absolutely love the Phone #NewLaunch 👍,1,Australia,Phone,2025-05-23 14:07:36,,,,,,,,,,,,,,,
Absolutely love the Watches @Rolex #Unboxing 👍,1,USA,Watches,2025-03-18 23:28:37,,,,,,,,,,,,,,,
Very disappointed by the Headphones @Sony — Not what I expected #Deal,0,India,Headphones,2025-10-13 23:12:40,,,,,,,,,,,,,,,
Absolutely love the Watches @Rolex #Shopping 👍,1,India,Watches,2024-01-03 18:05:47,,,,,,,,,,,,,,,
Late delivery ruined the Furniture #Unboxing 💀,0,Canada,Furniture,2025-03-05 04:09:14,,,,,,,,,,,,,,,
So happy with the Watches @Titan #Deal 😍,1,USA,Watches,2024-12-16 03:33:30,,,,,,,,,,,,,,,
Amazing quality the Backpack @Wildcraft #Unboxing ✨,1,Germany,Backpack,2024-12-24 00:28:22,,,,,,,,,,,,,,,
"Love how the new iPhone looks, definitely buying #Sale @Nike",1,India,iPhone,2025-09-02 03:56:16,,,,,,,,,,,,,,,
Waste of money the Phone — Quality is bad #Deal 😡,0,USA,Phone,2024-03-30 05:37:02,,,,,,,,,,,,,,,
Fast delivery for the Camera #Shopping ✨,1,Germany,Camera,2025-07-06 18:52:33,,,,,,,,,,,,,,,
So happy with the Camera @Canon #NewLaunch 😊,1,India,Camera,2025-08-14 18:06:52,,,,,,,,,,,,,,,
Late delivery ruined the Watches #Sale ☹️,0,India,Watches,2025-04-01 20:10:57,,,,,,,,,,,,,,,
Fast delivery for the Printer #Shopping,1,India,Printer,2024-12-06 14:37:34,,,,,,,,,,,,,,,
Not satisfied with the Bike — Disappointed #Sale ☹️,0,India,Bike,2025-04-16 13:48:12,,,,,,,,,,,,,,,
Terrible experience with the Furniture @Ikea #NewLaunch 👎,0,Germany,Furniture,2024-07-26 18:02:00,,,,,,,,,,,,,,,
Great value in the TV @LG #Sale 😊,1,Australia,TV,2025-09-30 04:52:35,,,,,,,,,,,,,,,
Five stars for the Camera @Sony 👍,1,India,Camera,2024-06-28 20:07:01,,,,,,,,,,,,,,,
"Can't resist, the iPhone deal is too good 🛒 @Flipkart",1,Canada,iPhone,2025-06-01 06:37:40,,,,,,,,,,,,,,,
Regret buying the Cosmetics #NewLaunch 👎,0,India,Cosmetics,2024-10-13 20:08:35,,,,,,,,,,,,,,,
"Love how the new Smartwatch looks, definitely buying #Fashion @Apple",1,Australia,Smartwatch,2025-08-19 18:04:42,,,,,,,,,,,,,,,
Very disappointed by the Bike,0,USA,Bike,2025-05-22 18:31:01,,,,,,,,,,,,,,,
So happy with the Laptop #Shopping,1,USA,Laptop,2024-11-08 10:46:10,,,,,,,,,,,,,,,
One star for the Tablet — Disappointed #Shopping 👎,0,India,Tablet,2024-12-11 00:16:50,,,,,,,,,,,,,,,
Worth every penny the Tablet @Apple #Unboxing 👍,1,USA,Tablet,2024-10-01 21:47:59,,,,,,,,,,,,,,,
Waste of money the Jacket — Not what I expected #Unboxing,0,Australia,Jacket,2025-06-23 19:05:16,,,,,,,,,,,,,,,
Poor quality the Furniture @UrbanLadder — Quality is bad #Deal,0,India,Furniture,2024-02-17 00:44:07,,,,,,,,,,,,,,,
Amazing quality the Bike #NewLaunch 😊,1,Australia,Bike,2024-03-28 17:18:25,,,,,,,,,,,,,,,
Absolutely love the Backpack #Review ✨,1,Canada,Backpack,2025-08-05 11:16:30,,,,,,,,,,,,,,,
Poor quality the Watches — Quality is bad #Shopping 😡,0,India,Watches,2025-11-12 19:01:27,,,,,,,,,,,,,,,
Late delivery ruined the Phone #Shopping 💀,0,Canada,Phone,2025-08-21 18:38:44,,,,,,,,,,,,,,,
Late delivery ruined the Gaming Console @Nintendo — Disappointed #Sale ☹️,0,India,Gaming Console,2025-08-20 20:28:06,,,,,,,,,,,,,,,
Absolutely love the Books #Unboxing,1,USA,Books,2024-07-12 01:48:39,,,,,,,,,,,,,,,
The iPhone isn't good enough to buy #Offer @Sony,0,UK,iPhone,2025-08-26 09:29:46,,,,,,,,,,,,,,,
Not satisfied with the Printer @HP — Not what I expected #Unboxing,0,India,Printer,2025-07-02 13:05:18,,,,,,,,,,,,,,,
Poor quality the Watches — Quality is bad #Sale 👎,0,Canada,Watches,2025-04-10 02:23:20,,,,,,,,,,,,,,,
Great value in the Phone @Apple #Review 😊,1,USA,Phone,2024-10-17 08:07:25,,,,,,,,,,,,,,,
Regret buying the Headphones — Quality is bad #Unboxing 💀,0,India,Headphones,2025-04-06 12:46:12,,,,,,,,,,,,,,,
Terrible experience with the Backpack @Herschel — Quality is bad #Unboxing 😞,0,India,Backpack,2025-03-12 13:12:33,,,,,,,,,,,,,,,
"Got my eyes on the Smartwatch, purchasing soon 😎 @Apple",1,UK,Smartwatch,2025-07-27 21:20:20,,,,,,,,,,,,,,,
No plans to buy any Shoes right now #Sale @BestBuy,0,Canada,Shoes,2025-05-23 04:53:20,,,,,,,,,,,,,,,
One star for the Gaming Console — Quality is bad #NewLaunch 💀,0,USA,Gaming Console,2024-01-24 02:49:16,,,,,,,,,,,,,,,
Late delivery ruined the Books #MustRead — Not what I expected #NewLaunch,0,India,Books,2025-04-03 23:49:10,,,,,,,,,,,,,,,
Late delivery ruined the Headphones @Jabra — Not what I expected #Review 💀,0,Canada,Headphones,2024-12-18 22:31:29,,,,,,,,,,,,,,,
I'm going to buy the new Smartwatch soon 📱 #Offer @Apple,1,Canada,Smartwatch,2025-04-25 02:18:14,,,,,,,,,,,,,,,
Planning to get a iPhone this week #Offer @Nike,1,UK,iPhone,2025-09-11 22:16:49,,,,,,,,,,,,,,,
Very disappointed by the TV @Sony — Quality is bad #Deal 😡,0,UK,TV,2025-04-12 21:50:54,,,,,,,,,,,,,,,
Regret buying the Books #BookTok — Not what I expected #NewLaunch ☹️,0,UK,Books,2024-04-19 00:23:28,,,,,,,,,,,,,,,
"Love how the new Laptop looks, definitely buying #Sale @Apple",1,UK,Laptop,2025-08-25 11:05:14,,,,,,,,,,,,,,,
Waste of money the Watches @Fossil #Shopping 💀,0,Australia,Watches,2024-01-11 23:57:05,,,,,,,,,,,,,,,
"Love how the new iPhone looks, definitely buying #Shopping @Amazon",1,Canada,iPhone,2025-05-21 15:52:04,,,,,,,,,,,,,,,
Five stars for the Shoes @Puma #Review,1,USA,Shoes,2025-08-09 14:45:49,,,,,,,,,,,,,,,
Terrible experience with the Phone @Apple #Deal ☹️,0,USA,Phone,2024-07-13 15:37:17,,,,,,,,,,,,,,,
Worth every penny the Gaming Console #NewLaunch ✨,1,USA,Gaming Console,2025-05-09 08:29:44,,,,,,,,,,,,,,,
Fast delivery for the Books #BookTok #NewLaunch,1,Australia,Books,2025-03-11 16:03:42,,,,,,,,,,,,,,,
Fantastic performance the Jacket #Sale 😍,1,Germany,Jacket,2024-08-25 04:41:45,,,,,,,,,,,,,,,
So happy with the Books #BookTok #NewLaunch 🔥,1,India,Books,2025-04-16 08:02:16,,,,,,,,,,,,,,,
Absolutely love the Books #Deal,1,USA,Books,2025-08-06 17:14:18,,,,,,,,,,,,,,,
Five stars for the Printer @HP #NewLaunch ✨,1,India,Printer,2025-08-20 10:15:59,,,,,,,,,,,,,,,
Fantastic performance the TV #NewLaunch 😍,1,Australia,TV,2025-10-22 22:54:38,,,,,,,,,,,,,,,
Fast delivery for the Tablet #Sale,1,USA,Tablet,2024-03-27 03:12:27,,,,,,,,,,,,,,,
That Shoes looks amazing — I’m getting one #Sale @Nike,1,Australia,Shoes,2025-07-27 13:07:36,,,,,,,,,,,,,,,
So happy with the Shoes #Sale 😍,1,India,Shoes,2025-01-08 16:40:28,,,,,,,,,,,,,,,
Loved this the Watches #Review 😊,1,Canada,Watches,2025-05-30 09:03:53,,,,,,,,,,,,,,,
Thinking about buying the Laptop tomorrow #Fashion @BestBuy,1,UK,Laptop,2025-08-21 02:27:59,,,,,,,,,,,,,,,
Poor quality the Laptop — Disappointed #Unboxing 😡,0,India,Laptop,2025-07-12 00:31:26,,,,,,,,,,,,,,,
Amazing quality the Bike #Deal 🔥,1,India,Bike,2025-01-23 08:41:34,,,,,,,,,,,,,,,
Terrible experience with the Watches #Deal ☹️,0,Australia,Watches,2024-11-12 03:09:27,,,,,,,,,,,,,,,
Great value in the Smartwatch @Apple #Review 😍,1,India,Smartwatch,2024-02-15 22:33:54,,,,,,,,,,,,,,,
Poor quality the Tablet — Not what I expected 😞,0,USA,Tablet,2024-02-02 20:28:18,,,,,,,,,,,,,,,
I'm going to buy the new Smartwatch soon 😎 #Shopping @Sony,1,Canada,Smartwatch,2025-09-25 16:13:31,,,,,,,,,,,,,,,
Fantastic performance the Refrigerator @Samsung #Unboxing 👍,1,USA,Refrigerator,2025-01-31 11:22:32,,,,,,,,,,,,,,,
Terrible experience with the TV @Samsung — Quality is bad 😡,0,India,TV,2024-04-27 10:10:08,,,,,,,,,,,,,,,
The iPhone isn't good enough to buy #Sale @Nike,0,India,iPhone,2025-06-23 06:21:30,,,,,,,,,,,,,,,
Late delivery ruined the Watches @Titan — Disappointed #Shopping 😡,0,Germany,Watches,2024-06-18 13:30:26,,,,,,,,,,,,,,,
Five stars for the Gaming Console @PlayStation #Sale 👍,1,USA,Gaming Console,2024-04-17 12:06:56,,,,,,,,,,,,,,,
Amazing quality the Cosmetics #Review,1,Australia,Cosmetics,2025-06-22 16:54:10,,,,,,,,,,,,,,,
Fast delivery for the Printer @HP #Deal 👍,1,India,Printer,2025-02-26 20:51:27,,,,,,,,,,,,,,,
Fantastic performance the Shoes @Adidas #Deal 🔥,1,India,Shoes,2024-08-30 01:20:29,,,,,,,,,,,,,,,
Not satisfied with the Phone — Quality is bad #Shopping ☹️,0,Canada,Phone,2024-01-13 14:00:48,,,,,,,,,,,,,,,
Not satisfied with the Books — Quality is bad #Deal,0,India,Books,2025-03-15 07:51:46,,,,,,,,,,,,,,,
Not satisfied with the Gaming Console — Quality is bad #Deal 👎,0,Germany,Gaming Console,2025-06-30 22:29:10,,,,,,,,,,,,,,,
Really excited to purchase the latest Smartwatch 🔥 @Flipkart,1,USA,Smartwatch,2025-05-06 00:23:59,,,,,,,,,,,,,,,
Great value in the Phone #Unboxing ✨,1,India,Phone,2024-06-01 10:58:54,,,,,,,,,,,,,,,
Great value in the Shoes #Unboxing ✨,1,USA,Shoes,2025-05-02 14:00:10,,,,,,,,,,,,,,,
Amazing quality the Gaming Console @Xbox #Sale 😍,1,India,Gaming Console,2025-06-26 10:02:14,,,,,,,,,,,,,,,
Would not recommend the Camera @Sony — Quality is bad #Sale 😡,0,Canada,Camera,2025-04-08 14:39:21,,,,,,,,,,,,,,,
Fast delivery for the Printer @HP #NewLaunch ✨,1,India,Printer,2024-05-02 22:33:39,,,,,,,,,,,,,,,
Five stars for the Shoes @Nike #NewLaunch 😍,1,India,Shoes,2024-08-31 16:08:25,,,,,,,,,,,,,,,
Not worth the price the Camera — Not what I expected #NewLaunch ☹️,0,USA,Camera,2025-09-28 15:20:29,,,,,,,,,,,,,,,
Regret buying the Refrigerator @LG #Shopping 👎,0,Australia,Refrigerator,2024-01-24 07:00:38,,,,,,,,,,,,,,,
So happy with the Camera @Canon #Sale,1,UK,Camera,2024-07-28 00:04:53,,,,,,,,,,,,,,,
"Can't resist, the Laptop deal is too good 😍 @Sony",1,Canada,Laptop,2025-07-12 02:41:44,,,,,,,,,,,,,,,
Terrible experience with the Books — Not what I expected 😞,0,Canada,Books,2024-10-07 13:27:14,,,,,,,,,,,,,,,
Very disappointed by the TV @Sony — Quality is bad #Sale 💀,0,India,TV,2025-06-01 20:23:00,,,,,,,,,,,,,,,
Highly recommend the Refrigerator #Sale 😊,1,Australia,Refrigerator,2024-02-26 02:01:47,,,,,,,,,,,,,,,
Not satisfied with the TV @Samsung — Quality is bad #Deal 👎,0,India,TV,2024-03-26 12:49:19,,,,,,,,,,,,,,,
The iPhone doesn’t seem worth it #Offer @Amazon,0,USA,iPhone,2025-07-14 21:46:31,,,,,,,,,,,,,,,
Finally saved up enough to get the Shoes! 😍 @Flipkart,1,Australia,Shoes,2025-08-03 13:00:11,,,,,,,,,,,,,,,
Terrible experience with the Smartwatch @Fitbit #NewLaunch 😡,0,India,Smartwatch,2024-02-15 18:18:03,,,,,,,,,,,,,,,
Terrible experience with the Cosmetics @Nykaa — Not what I expected #Sale 💀,0,USA,Cosmetics,2024-04-16 20:24:14,,,,,,,,,,,,,,,
Great value in the Gaming Console #Unboxing 🔥,1,Australia,Gaming Console,2024-08-13 15:05:23,,,,,,,,,,,,,,,
Very disappointed by the Printer — Quality is bad #Review 👎,0,India,Printer,2024-01-30 17:09:57,,,,,,,,,,,,,,,
Great value in the Cosmetics #Review,1,Germany,Cosmetics,2024-08-13 20:25:48,,,,,,,,,,,,,,,
"Can't resist, the Smartwatch deal is too good 😎 @Sony",1,UK,Smartwatch,2025-04-14 08:49:46,,,,,,,,,,,,,,,
Fantastic performance the Camera @Canon #Shopping 🔥,1,Canada,Camera,2025-10-11 02:28:12,,,,,,,,,,,,,,,
Amazing quality the Backpack #Deal,1,Australia,Backpack,2024-09-16 21:32:10,,,,,,,,,,,,,,,
One star for the Printer @HP — Not what I expected #Unboxing ☹️,0,UK,Printer,2024-03-22 17:34:19,,,,,,,,,,,,,,,
Loved this the Smartwatch @Fitbit #Unboxing ✨,1,Canada,Smartwatch,2024-02-14 07:39:02,,,,,,,,,,,,,,,
Loved this the Furniture #Sale 😍,1,India,Furniture,2025-01-10 19:31:23,,,,,,,,,,,,,,,
Fast delivery for the Printer @HP ✨,1,UK,Printer,2024-05-31 13:32:11,,,,,,,,,,,,,,,
Not satisfied with the Books #BookTok #Sale 💀,0,Canada,Books,2025-05-11 03:28:51,,,,,,,,,,,,,,,
Loved this the Shoes @Puma #Review 👍,1,Canada,Shoes,2025-03-14 18:44:22,,,,,,,,,,,,,,,
Not worth the price the Headphones — Not what I expected #Shopping ☹️,0,USA,Headphones,2024-12-19 17:52:29,,,,,,,,,,,,,,,
Very disappointed by the Furniture — Quality is bad #Review 💀,0,India,Furniture,2024-06-27 18:49:15,,,,,,,,,,,,,,,
Regret buying the Cosmetics — Not what I expected #Deal,0,India,Cosmetics,2024-01-10 22:20:43,,,,,,,,,,,,,,,
Thinking about buying the iPhone tomorrow #Sale @Amazon,1,Australia,iPhone,2025-09-21 03:40:47,,,,,,,,,,,,,,,
"Can't resist, the Shoes deal is too good 💻 @Nike",1,Australia,Shoes,2025-04-18 21:14:01,,,,,,,,,,,,,,,
Finally saved up enough to get the Headphones! 😎 @Apple,1,India,Headphones,2025-06-24 22:06:40,,,,,,,,,,,,,,,
Waste of money the Backpack @Wildcraft — Disappointed #Deal 💀,0,India,Backpack,2025-08-23 01:31:34,,,,,,,,,,,,,,,
Absolutely love the TV @Samsung #Unboxing 👍,1,Canada,TV,2024-11-02 22:00:05,,,,,,,,,,,,,,,
Terrible experience with the Cosmetics @Nykaa — Not what I expected #NewLaunch,0,India,Cosmetics,2025-08-23 22:28:25,,,,,,,,,,,,,,,
"Got my eyes on the iPhone, purchasing soon 🔥 @Sony",1,Canada,iPhone,2025-05-19 02:08:02,,,,,,,,,,,,,,,
Really excited to purchase the latest iPhone 💸 @Amazon,1,Australia,iPhone,2025-05-19 07:22:15,,,,,,,,,,,,,,,
Amazing quality the Books #MustRead #Review 👍,1,Canada,Books,2024-05-16 15:08:52,,,,,,,,,,,,,,,
Would not recommend the Jacket @NorthFace — Not what I expected #Deal,0,India,Jacket,2024-12-19 16:06:44,,,,,,,,,,,,,,,
Thinking about buying the Headphones tomorrow #Tech @BestBuy,1,India,Headphones,2025-05-16 13:02:59,,,,,,,,,,,,,,,
Very disappointed by the Printer @HP — Not what I expected #Sale 💀,0,India,Printer,2025-05-04 14:21:19,,,,,,,,,,,,,,,
Loved this the Books #Review ✨,1,USA,Books,2025-02-18 23:19:08,,,,,,,,,,,,,,,
That Laptop looks amazing — I’m getting one #MustBuy @Apple,1,Canada,Laptop,2025-04-30 02:53:04,,,,,,,,,,,,,,,
Very disappointed by the Laptop @Apple — Not what I expected 😡,0,India,Laptop,2024-08-10 05:29:37,,,,,,,,,,,,,,,
Late delivery ruined the Watches #Sale ☹️,0,USA,Watches,2024-11-11 02:32:05,,,,,,,,,,,,,,,
Worth every penny the Headphones ✨,1,USA,Headphones,2025-02-22 00:16:12,,,,,,,,,,,,,,,
Five stars for the Bike @Bajaj #Review 😊,1,Germany,Bike,2025-07-07 02:37:27,,,,,,,,,,,,,,,
Absolutely love the Camera #NewLaunch 😍,1,India,Camera,2025-11-11 00:53:36,,,,,,,,,,,,,,,
Poor quality the Backpack — Quality is bad #Deal 😡,0,India,Backpack,2024-11-07 23:18:53,,,,,,,,,,,,,,,
Highly recommend the Bike @Bajaj #Deal 👍,1,Australia,Bike,2025-04-23 18:34:46,,,,,,,,,,,,,,,
Great value in the Backpack @Herschel #Unboxing ✨,1,Germany,Backpack,2024-01-22 01:13:07,,,,,,,,,,,,,,,
Finally saved up enough to get the iPhone! 💻 @Flipkart,1,UK,iPhone,2025-05-25 04:55:00,,,,,,,,,,,,,,,
Highly recommend the Bike @Bajaj #Deal 😍,1,Germany,Bike,2025-01-15 01:59:04,,,,,,,,,,,,,,,
Not worth the price the Furniture — Disappointed #Unboxing 😡,0,UK,Furniture,2025-05-19 00:35:25,,,,,,,,,,,,,,,
Not interested in purchasing the Laptop 😒 @Apple,0,USA,Laptop,2025-04-20 12:01:20,,,,,,,,,,,,,,,
Absolutely love the Bike @Hero #Shopping 😊,1,USA,Bike,2025-11-09 08:38:35,,,,,,,,,,,,,,,
One star for the Headphones #Review 😞,0,USA,Headphones,2024-12-15 23:01:40,,,,,,,,,,,,,,,
Loved this the Printer @HP #NewLaunch 👍,1,India,Printer,2024-10-28 05:06:27,,,,,,,,,,,,,,,
Terrible experience with the Refrigerator — Disappointed #Review 💀,0,Australia,Refrigerator,2024-04-03 23:40:54,,,,,,,,,,,,,,,
Skipping the Shoes this time 💀 @Sony,0,UK,Shoes,2025-09-13 17:37:57,,,,,,,,,,,,,,,
"Got my eyes on the Headphones, purchasing soon 🛒 @Apple",1,USA,Headphones,2025-08-07 10:23:07,,,,,,,,,,,,,,,
One star for the Furniture — Quality is bad #Review,0,India,Furniture,2024-09-10 06:33:45,,,,,,,,,,,,,,,
Poor quality the Watches @Titan — Quality is bad #Review,0,Canada,Watches,2024-04-25 08:11:15,,,,,,,,,,,,,,,
Regret buying the Cosmetics @Nykaa #Deal 💀,0,India,Cosmetics,2024-11-26 11:41:50,,,,,,,,,,,,,,,
Highly recommend the Gaming Console @Nintendo #Deal 🔥,1,Australia,Gaming Console,2024-07-14 19:27:41,,,,,,,,,,,,,,,
So happy with the Camera #Unboxing,1,UK,Camera,2025-11-03 23:52:45,,,,,,,,,,,,,,,
That Shoes looks amazing — I’m getting one #Shopping @Sony,1,USA,Shoes,2025-05-16 19:23:47,,,,,,,,,,,,,,,
Planning to get a iPhone this week #NewLaunch @Amazon,1,Canada,iPhone,2025-05-29 21:11:48,,,,,,,,,,,,,,,
Skipping the Laptop this time 😐 @Apple,0,UK,Laptop,2025-09-26 09:38:30,,,,,,,,,,,,,,,
That Smartwatch looks amazing — I’m getting one #MustBuy @Amazon,1,UK,Smartwatch,2025-09-26 03:18:00,,,,,,,,,,,,,,,
Fast delivery for the Tablet #Shopping 👍,1,India,Tablet,2024-11-15 04:43:41,,,,,,,,,,,,,,,
Fast delivery for the Backpack #Deal 👍,1,India,Backpack,2024-11-28 06:07:08,,,,,,,,,,,,,,,
Great value in the Headphones #Deal 😊,1,UK,Headphones,2024-01-26 09:52:32,,,,,,,,,,,,,,,
Amazing quality the Shoes #Sale 😊,1,Australia,Shoes,2025-05-29 00:51:41,,,,,,,,,,,,,,,
Terrible experience with the Tablet @Samsung — Quality is bad #Deal 👎,0,USA,Tablet,2025-09-18 19:21:21,,,,,,,,,,,,,,,
So happy with the Laptop @Apple,1,UK,Laptop,2025-07-30 17:41:14,,,,,,,,,,,,,,,
Very disappointed by the Smartwatch 💀,0,USA,Smartwatch,2024-04-04 17:31:41,,,,,,,,,,,,,,,
Absolutely love the Tablet @Apple ✨,1,USA,Tablet,2025-09-05 14:44:45,,,,,,,,,,,,,,,
Poor quality the Camera @Canon — Not what I expected #Deal 💀,0,USA,Camera,2024-09-14 00:19:36,,,,,,,,,,,,,,,
Worth every penny the Shoes 😍,1,Canada,Shoes,2024-11-30 07:53:44,,,,,,,,,,,,,,,
Too expensive for a Headphones. I'll pass #Shopping @Nike,0,India,Headphones,2025-05-20 16:05:33,,,,,,,,,,,,,,,
Terrible experience with the Printer @HP — Disappointed #NewLaunch 💀,0,Germany,Printer,2024-09-08 22:39:12,,,,,,,,,,,,,,,
"Got my eyes on the iPhone, purchasing soon 😍 @Apple",1,Australia,iPhone,2025-08-07 13:30:36,,,,,,,,,,,,,,,
Absolutely love the Camera #Deal,1,UK,Camera,2025-07-02 22:41:56,,,,,,,,,,,,,,,
"Not buying the Shoes, it's overpriced 😩 @Nike",0,India,Shoes,2025-10-08 02:42:24,,,,,,,,,,,,,,,
Fantastic performance the Bike #Shopping 👍,1,UK,Bike,2025-10-04 08:27:49,,,,,,,,,,,,,,,
Worth every penny the Shoes @Puma #Deal 🔥,1,India,Shoes,2024-04-08 14:09:28,,,,,,,,,,,,,,,
Very disappointed by the Furniture — Not what I expected #Shopping,0,Germany,Furniture,2024-01-01 12:07:02,,,,,,,,,,,,,,,
Waste of money the Phone @Google #Shopping 👎,0,Canada,Phone,2024-10-27 22:37:47,,,,,,,,,,,,,,,
Worth every penny the Headphones #Sale ✨,1,USA,Headphones,2024-09-07 10:03:28,,,,,,,,,,,,,,,
Really excited to purchase the latest iPhone 😍 @BestBuy,1,UK,iPhone,2025-09-26 09:13:12,,,,,,,,,,,,,,,
That iPhone looks amazing — I’m getting one #Sale @Amazon,1,Canada,iPhone,2025-09-24 04:57:08,,,,,,,,,,,,,,,
"Got my eyes on the Headphones, purchasing soon 💻 @Sony",1,USA,Headphones,2025-07-30 14:09:51,,,,,,,,,,,,,,,
Would not recommend the Backpack @Wildcraft — Not what I expected 😞,0,Australia,Backpack,2024-10-13 11:34:13,,,,,,,,,,,,,,,
Very disappointed by the TV @Sony — Quality is bad #Review 😡,0,India,TV,2024-01-21 04:31:40,,,,,,,,,,,,,,,
Worth every penny the TV @LG #Unboxing,1,India,TV,2025-04-18 06:28:34,,,,,,,,,,,,,,,
Very disappointed by the Gaming Console @Xbox — Not what I expected #NewLaunch 💀,0,UK,Gaming Console,2025-10-25 13:05:12,,,,,,,,,,,,,,,
Worth every penny the Books #MustRead #Deal,1,India,Books,2024-07-29 16:29:19,,,,,,,,,,,,,,,
Five stars for the Refrigerator #Deal,1,India,Refrigerator,2025-01-29 01:02:03,,,,,,,,,,,,,,,
Great value in the Phone @Apple #Deal 😍,1,USA,Phone,2024-01-14 20:29:33,,,,,,,,,,,,,,,
Regret buying the Cosmetics #Review 😡,0,Germany,Cosmetics,2024-04-22 18:25:36,,,,,,,,,,,,,,,
Fast delivery for the TV @Sony #Deal 😍,1,India,TV,2025-09-05 14:58:04,,,,,,,,,,,,,,,
Regret buying the Books #Unboxing ☹️,0,India,Books,2024-05-20 04:01:36,,,,,,,,,,,,,,,
Finally saved up enough to get the iPhone! 💻 @Apple,1,India,iPhone,2025-07-08 20:57:30,,,,,,,,,,,,,,,
Fantastic performance the Backpack #Unboxing 🔥,1,UK,Backpack,2024-08-24 15:43:34,,,,,,,,,,,,,,,
"Love how the new Laptop looks, definitely buying #NewLaunch @Amazon",1,UK,Laptop,2025-04-30 02:17:33,,,,,,,,,,,,,,,
Not satisfied with the Printer — Quality is bad #Shopping 👎,0,India,Printer,2025-09-05 14:22:53,,,,,,,,,,,,,,,
Very disappointed by the Camera @Nikon — Not what I expected #Deal ☹️,0,India,Camera,2024-08-10 23:17:13,,,,,,,,,,,,,,,
Absolutely love the Printer #Review 😍,1,USA,Printer,2025-07-09 07:05:39,,,,,,,,,,,,,,,
One star for the TV @Sony #Shopping ☹️,0,Canada,TV,2025-01-04 21:52:05,,,,,,,,,,,,,,,
Planning to get a iPhone this week #Sale @Amazon,1,UK,iPhone,2025-04-17 13:07:58,,,,,,,,,,,,,,,
One star for the Refrigerator 💀,0,Canada,Refrigerator,2024-12-31 02:17:47,,,,,,,,,,,,,,,
Late delivery ruined the Tablet @Apple — Not what I expected #Sale 💀,0,India,Tablet,2024-07-04 01:37:18,,,,,,,,,,,,,,,
Amazing quality the Phone @Google #Deal,1,India,Phone,2025-05-23 09:37:20,,,,,,,,,,,,,,,
The Headphones doesn’t seem worth it #NewLaunch @Flipkart,0,Australia,Headphones,2025-04-25 16:46:53,,,,,,,,,,,,,,,
Late delivery ruined the TV @Samsung — Not what I expected #Sale,0,Canada,TV,2025-11-02 13:25:06,,,,,,,,,,,,,,,
Amazing quality the Gaming Console @PlayStation #Review 😊,1,USA,Gaming Console,2024-01-06 18:30:18,,,,,,,,,,,,,,,
Amazing quality the Backpack @Wildcraft #Shopping 😍,1,USA,Backpack,2024-02-17 21:35:48,,,,,,,,,,,,,,,
Not worth the price the Watches — Disappointed #Sale 💀,0,Australia,Watches,2024-03-30 20:24:22,,,,,,,,,,,,,,,
Late delivery ruined the Watches — Not what I expected 😞,0,Australia,Watches,2024-07-01 05:50:39,,,,,,,,,,,,,,,
Not interested in purchasing the Headphones 🙄 @Flipkart,0,Canada,Headphones,2025-06-14 14:54:29,,,,,,,,,,,,,,,
The Smartwatch doesn’t seem worth it #Shopping @Sony,0,USA,Smartwatch,2025-07-13 07:49:01,,,,,,,,,,,,,,,
Late delivery ruined the Refrigerator,0,Canada,Refrigerator,2025-01-28 06:00:51,,,,,,,,,,,,,,,
Five stars for the Backpack @Herschel #Deal 😊,1,India,Backpack,2024-05-04 15:09:33,,,,,,,,,,,,,,,
Late delivery ruined the Jacket — Not what I expected #Unboxing 👎,0,India,Jacket,2024-07-13 04:43:08,,,,,,,,,,,,,,,
Highly recommend the Books #MustRead #Deal 😍,1,India,Books,2025-05-31 09:12:40,,,,,,,,,,,,,,,
One star for the Camera @Sony — Quality is bad #NewLaunch 😡,0,Canada,Camera,2024-01-05 22:26:46,,,,,,,,,,,,,,,
Waste of money the Backpack — Not what I expected #Shopping 😞,0,Canada,Backpack,2024-02-08 13:12:31,,,,,,,,,,,,,,,
Absolutely love the Watches @Rolex 😊,1,India,Watches,2024-10-26 10:47:50,,,,,,,,,,,,,,,
Late delivery ruined the Laptop,0,India,Laptop,2024-09-25 15:01:43,,,,,,,,,,,,,,,
Amazing quality the Tablet @Samsung #Sale 😍,1,UK,Tablet,2025-06-24 17:32:49,,,,,,,,,,,,,,,
"The new Laptop is disappointing, won't buy 💀 @Sony",0,UK,Laptop,2025-04-27 09:40:12,,,,,,,,,,,,,,,
Poor quality the Backpack @Wildcraft #Review 👎,0,India,Backpack,2024-05-06 12:21:32,,,,,,,,,,,,,,,
Late delivery ruined the Cosmetics @Nykaa — Not what I expected #Shopping ☹️,0,India,Cosmetics,2024-01-07 01:05:58,,,,,,,,,,,,,,,
Regret buying the Cosmetics @Nykaa #Sale 😞,0,India,Cosmetics,2024-01-10 21:39:57,,,,,,,,,,,,,,,
Poor quality the Smartwatch — Quality is bad 💀,0,India,Smartwatch,2024-02-14 11:10:19,,,,,,,,,,,,,,,
Great value in the Tablet @Samsung,1,India,Tablet,2024-01-23 21:09:50,,,,,,,,,,,,,,,
Waste of money the Tablet #NewLaunch,0,India,Tablet,2025-05-20 00:16:30,,,,,,,,,,,,,,,
Would not recommend the Jacket @H&M — Disappointed #Review ☹️,0,USA,Jacket,2024-11-16 22:41:15,,,,,,,,,,,,,,,
The Smartwatch doesn’t seem worth it #Offer @Apple,0,Australia,Smartwatch,2025-09-02 20:24:52,,,,,,,,,,,,,,,
No plans to buy any Laptop right now #Tech @Flipkart,0,India,Laptop,2025-08-20 00:09:31,,,,,,,,,,,,,,,
Five stars for the Furniture @Ikea #Unboxing,1,USA,Furniture,2025-06-25 14:24:31,,,,,,,,,,,,,,,
Planning to get a iPhone this week #Offer @Apple,1,India,iPhone,2025-08-02 21:05:06,,,,,,,,,,,,,,,
Really excited to purchase the latest iPhone 💻 @Sony,1,Canada,iPhone,2025-07-09 09:07:45,,,,,,,,,,,,,,,
"Not buying the Smartwatch, it's overpriced 😩 @Apple",0,Canada,Smartwatch,2025-09-29 15:26:34,,,,,,,,,,,,,,,
Would not recommend the Refrigerator @LG #Review 😞,0,Germany,Refrigerator,2024-11-03 10:24:05,,,,,,,,,,,,,,,
Very disappointed by the Books — Not what I expected #NewLaunch ☹️,0,UK,Books,2025-06-25 20:37:58,,,,,,,,,,,,,,,
Very disappointed by the Tablet @Apple — Disappointed #Review 👎,0,India,Tablet,2025-08-03 07:47:53,,,,,,,,,,,,,,,
Not interested in purchasing the iPhone 🙄 @Apple,0,India,iPhone,2025-08-28 13:27:34,,,,,,,,,,,,,,,
Great value in the Laptop ✨,1,India,Laptop,2024-07-19 15:20:34,,,,,,,,,,,,,,,
Loved this the Watches #NewLaunch 😊,1,Germany,Watches,2025-09-25 01:50:06,,,,,,,,,,,,,,,
Not interested in purchasing the Shoes 👎 @Flipkart,0,Canada,Shoes,2025-05-02 12:52:41,,,,,,,,,,,,,,,
Absolutely love the Gaming Console @PlayStation #Shopping 😍,1,India,Gaming Console,2024-11-19 07:29:29,,,,,,,,,,,,,,,
Really excited to purchase the latest Laptop 💻 @Nike,1,UK,Laptop,2025-10-04 23:26:48,,,,,,,,,,,,,,,
I'm going to buy the new Shoes soon 🔥 #Fashion @Amazon,1,India,Shoes,2025-05-21 22:23:39,,,,,,,,,,,,,,,
Five stars for the Watches @Titan,1,Australia,Watches,2024-03-17 02:50:15,,,,,,,,,,,,,,,
Worth every penny the Backpack @Herschel #Shopping 🔥,1,Australia,Backpack,2025-03-19 13:01:35,,,,,,,,,,,,,,,
So happy with the Backpack #Deal 🔥,1,India,Backpack,2024-12-03 06:58:58,,,,,,,,,,,,,,,
Not satisfied with the Laptop #NewLaunch 😡,0,India,Laptop,2024-12-30 10:57:10,,,,,,,,,,,,,,,
Not satisfied with the Camera — Quality is bad #Unboxing,0,USA,Camera,2024-03-07 14:28:04,,,,,,,,,,,,,,,
Not worth the price the Refrigerator — Quality is bad ☹️,0,USA,Refrigerator,2025-08-13 16:31:22,,,,,,,,,,,,,,,
Highly recommend the Shoes #Shopping ✨,1,India,Shoes,2025-07-09 11:27:45,,,,,,,,,,,,,,,
Too expensive for a Headphones. I'll pass #Offer @Apple,0,Canada,Headphones,2025-09-01 10:18:56,,,,,,,,,,,,,,,
Absolutely love the Watches #NewLaunch 😍,1,India,Watches,2024-01-06 08:49:12,,,,,,,,,,,,,,,
Not worth the price the Headphones — Quality is bad #Unboxing 💀,0,Australia,Headphones,2024-12-22 02:16:37,,,,,,,,,,,,,,,
One star for the Shoes @Puma — Disappointed #Shopping 💀,0,USA,Shoes,2025-04-28 15:54:27,,,,,,,,,,,,,,,
Amazing quality the Backpack @Herschel 😊,1,India,Backpack,2024-08-04 19:34:54,,,,,,,,,,,,,,,
That Smartwatch looks amazing — I’m getting one #Tech @Amazon,1,USA,Smartwatch,2025-10-07 15:33:35,,,,,,,,,,,,,,,
Highly recommend the Smartwatch @Apple #Deal,1,India,Smartwatch,2024-09-22 03:26:28,,,,,,,,,,,,,,,
Would not recommend the Bike — Disappointed #Deal 😡,0,Australia,Bike,2025-09-14 05:35:39,,,,,,,,,,,,,,,
Highly recommend the Camera @Canon #Sale 😊,1,UK,Camera,2024-12-19 10:15:54,,,,,,,,,,,,,,,
"Not buying the iPhone, it's overpriced 😒 @Sony",0,USA,iPhone,2025-10-08 03:40:29,,,,,,,,,,,,,,,
I don’t think I’ll buy the Laptop anytime soon #Shopping @Amazon,0,India,Laptop,2025-06-15 12:15:35,,,,,,,,,,,,,,,
Loved this the Furniture @UrbanLadder #Deal 😍,1,Germany,Furniture,2024-10-16 13:24:31,,,,,,,,,,,,,,,
Regret buying the Backpack — Disappointed #Deal 👎,0,India,Backpack,2024-12-24 14:20:18,,,,,,,,,,,,,,,
Finally saved up enough to get the Smartwatch! 💸 @Flipkart,1,UK,Smartwatch,2025-10-04 10:33:29,,,,,,,,,,,,,,,
Great value in the Jacket @Zara #Review 🔥,1,Australia,Jacket,2024-02-10 02:15:51,,,,,,,,,,,,,,,
Five stars for the Bike @RoyalEnfield #Deal ✨,1,India,Bike,2024-08-30 16:18:57,,,,,,,,,,,,,,,
So happy with the Furniture @Ikea 😍,1,India,Furniture,2024-01-18 15:49:01,,,,,,,,,,,,,,,
"Can't resist, the Headphones deal is too good 💸 @Flipkart",1,India,Headphones,2025-04-12 15:43:25,,,,,,,,,,,,,,,
One star for the Cosmetics @Nykaa — Not what I expected,0,India,Cosmetics,2025-09-11 07:29:08,,,,,,,,,,,,,,,
That iPhone looks amazing — I’m getting one #Offer @Flipkart,1,UK,iPhone,2025-04-12 18:13:37,,,,,,,,,,,,,,,
Loved this the TV @Sony #Deal,1,India,TV,2024-08-02 09:52:28,,,,,,,,,,,,,,,
The iPhone isn't good enough to buy #Fashion @Nike,0,Canada,iPhone,2025-10-08 02:45:06,,,,,,,,,,,,,,,
Waste of money the Backpack — Quality is bad #Unboxing 👎,0,Canada,Backpack,2024-05-01 03:53:13,,,,,,,,,,,,,,,
So happy with the Smartwatch @Fitbit #Shopping 🔥,1,USA,Smartwatch,2024-03-08 13:20:25,,,,,,,,,,,,,,,
That Smartwatch looks amazing — I’m getting one #Tech @BestBuy,1,Canada,Smartwatch,2025-07-10 06:01:26,,,,,,,,,,,,,,,
Not worth the price the Cosmetics — Disappointed #Shopping ☹️,0,India,Cosmetics,2024-04-02 08:52:14,,,,,,,,,,,,,,,
Not interested in purchasing the Shoes 😒 @Apple,0,UK,Shoes,2025-06-26 03:46:53,,,,,,,,,,,,,,,
Worth every penny the Backpack @Wildcraft #Shopping,1,USA,Backpack,2025-01-23 04:57:04,,,,,,,,,,,,,,,
Amazing quality the Laptop @Lenovo #Deal 🔥,1,India,Laptop,2024-11-21 12:36:37,,,,,,,,,,,,,,,
Absolutely love the Cosmetics @Nykaa #Review 😊,1,Canada,Cosmetics,2025-01-21 02:39:30,,,,,,,,,,,,,,,
One star for the Watches @Rolex — Disappointed #Deal 👎,0,Australia,Watches,2025-10-17 11:18:17,,,,,,,,,,,,,,,
Not worth the price the Smartwatch @Fitbit — Quality is bad #NewLaunch 👎,0,Germany,Smartwatch,2024-01-24 03:18:33,,,,,,,,,,,,,,,
Really excited to purchase the latest iPhone 🛒 @Amazon,1,USA,iPhone,2025-08-28 13:17:21,,,,,,,,,,,,,,,
One star for the Printer @HP — Disappointed #Sale 💀,0,Germany,Printer,2024-09-12 07:47:48,,,,,,,,,,,,,,,
Terrible experience with the Watches #Sale ☹️,0,Australia,Watches,2024-04-08 00:22:54,,,,,,,,,,,,,,,
Planning to get a Smartwatch this week #Shopping @BestBuy,1,Australia,Smartwatch,2025-06-23 09:12:23,,,,,,,,,,,,,,,
Five stars for the Shoes #Sale 😍,1,USA,Shoes,2025-04-05 09:36:43,,,,,,,,,,,,,,,
Not satisfied with the Backpack @Herschel — Disappointed #Deal 😞,0,Canada,Backpack,2024-08-21 08:06:04,,,,,,,,,,,,,,,
Just ordered my Headphones! Can't wait to try it 😎 @Amazon,1,UK,Headphones,2025-05-22 03:57:26,,,,,,,,,,,,,,,
Five stars for the Printer @HP #Sale,1,India,Printer,2024-08-03 17:19:57,,,,,,,,,,,,,,,
Just ordered my iPhone! Can't wait to try it 💻 @Flipkart,1,UK,iPhone,2025-10-02 18:33:51,,,,,,,,,,,,,,,
Amazing quality the TV @Samsung #Unboxing,1,Australia,TV,2024-09-14 12:46:52,,,,,,,,,,,,,,,
Skipping the iPhone this time 👎 @Amazon,0,UK,iPhone,2025-05-28 14:44:48,,,,,,,,,,,,,,,
No plans to buy any Laptop right now #NewLaunch @Apple,0,Australia,Laptop,2025-08-05 12:12:28,,,,,,,,,,,,,,,
Great value in the Books #MustRead #Unboxing 👍,1,Germany,Books,2024-11-01 17:31:45,,,,,,,,,,,,,,,
Fantastic performance the Printer @HP 👍,1,India,Printer,2024-07-31 05:48:18,,,,,,,,,,,,,,,
Highly recommend the Cosmetics 😍,1,Canada,Cosmetics,2025-10-12 07:10:57,,,,,,,,,,,,,,,
Waste of money the Tablet @Apple #Sale 💀,0,India,Tablet,2025-06-25 16:08:15,,,,,,,,,,,,,,,
"Got my eyes on the Shoes, purchasing soon 💸 @Amazon",1,Canada,Shoes,2025-07-03 13:51:57,,,,,,,,,,,,,,,
Not satisfied with the Cosmetics — Not what I expected #Shopping 😡,0,Canada,Cosmetics,2025-09-06 00:10:36,,,,,,,,,,,,,,,
Planning to get a Smartwatch this week #Tech @BestBuy,1,UK,Smartwatch,2025-07-03 17:50:00,,,,,,,,,,,,,,,
Fantastic performance the Tablet #Deal 🔥,1,Australia,Tablet,2024-07-05 08:36:13,,,,,,,,,,,,,,,
Great value in the Headphones #Deal 👍,1,Australia,Headphones,2025-03-27 07:36:57,,,,,,,,,,,,,,,
"Not buying the Headphones, it's overpriced 😩 @BestBuy",0,India,Headphones,2025-05-06 20:09:54,,,,,,,,,,,,,,,
Great value in the Tablet @Apple #Unboxing 🔥,1,Germany,Tablet,2025-04-10 08:11:06,,,,,,,,,,,,,,,
Highly recommend the Printer @HP 👍,1,India,Printer,2025-07-22 21:50:21,,,,,,,,,,,,,,,
Worth every penny the Jacket #Shopping 🔥,1,UK,Jacket,2024-04-02 02:38:18,,,,,,,,,,,,,,,
Worth every penny the Printer @HP #Shopping,1,India,Printer,2025-07-25 06:37:05,,,,,,,,,,,,,,,
Very disappointed by the Smartwatch #Review ☹️,0,USA,Smartwatch,2025-08-22 15:48:39,,,,,,,,,,,,,,,
Fast delivery for the Tablet @Apple #Shopping ✨,1,Australia,Tablet,2024-09-21 05:31:40,,,,,,,,,,,,,,,
The Headphones doesn’t seem worth it #Tech @Amazon,0,Canada,Headphones,2025-09-09 18:52:51,,,,,,,,,,,,,,,
Would not recommend the Headphones @Sony — Not what I expected #Shopping 💀,0,India,Headphones,2024-03-11 15:09:33,,,,,,,,,,,,,,,
Fast delivery for the Shoes @Nike #Sale 😊,1,Canada,Shoes,2025-02-19 23:00:46,,,,,,,,,,,,,,,
Late delivery ruined the Smartwatch @Samsung — Quality is bad #Shopping 💀,0,USA,Smartwatch,2024-06-08 07:52:38,,,,,,,,,,,,,,,
Really excited to purchase the latest Laptop 🛒 @Nike,1,USA,Laptop,2025-09-02 14:37:32,,,,,,,,,,,,,,,
Skipping the Shoes this time 😒 @Amazon,0,India,Shoes,2025-09-26 16:43:36,,,,,,,,,,,,,,,
Terrible experience with the Watches — Disappointed,0,Germany,Watches,2025-03-17 03:22:30,,,,,,,,,,,,,,,
"The new Laptop is disappointing, won't buy 👎 @Nike",0,India,Laptop,2025-05-30 01:11:18,,,,,,,,,,,,,,,
Terrible experience with the Refrigerator @LG — Disappointed #Unboxing,0,India,Refrigerator,2025-01-11 12:34:01,,,,,,,,,,,,,,,
Regret buying the Books #MustRead — Not what I expected #NewLaunch,0,India,Books,2025-09-22 07:24:47,,,,,,,,,,,,,,,
Worth every penny the Jacket @Zara #Sale 😍,1,USA,Jacket,2024-12-16 21:01:07,,,,,,,,,,,,,,,
I'm going to buy the new Laptop soon 🔥 #Tech @Nike,1,Canada,Laptop,2025-05-30 20:12:29,,,,,,,,,,,,,,,
Five stars for the Furniture @Ikea #Review,1,Germany,Furniture,2024-09-24 01:26:01,,,,,,,,,,,,,,,
Really excited to purchase the latest Smartwatch 🛒 @Flipkart,1,Australia,Smartwatch,2025-06-17 23:01:08,,,,,,,,,,,,,,,
Not worth the price the Gaming Console @Nintendo — Not what I expected #Shopping 😞,0,India,Gaming Console,2025-09-29 22:39:35,,,,,,,,,,,,,,,
Not worth the price the Printer — Quality is bad #Review 👎,0,UK,Printer,2024-09-07 13:42:02,,,,,,,,,,,,,,,
The Smartwatch doesn’t seem worth it #Shopping @BestBuy,0,India,Smartwatch,2025-06-20 16:55:41,,,,,,,,,,,,,,,
Very disappointed by the TV @LG — Not what I expected #NewLaunch 😡,0,USA,TV,2025-10-09 04:52:04,,,,,,,,,,,,,,,
Very disappointed by the Shoes 💀,0,India,Shoes,2024-07-19 21:01:20,,,,,,,,,,,,,,,
Highly recommend the Smartwatch @Fitbit #NewLaunch 😊,1,USA,Smartwatch,2025-08-04 19:20:43,,,,,,,,,,,,,,,
Fantastic performance the Shoes @Puma #Review 😊,1,Germany,Shoes,2024-01-03 21:02:34,,,,,,,,,,,,,,,
Not worth the price the Backpack @Herschel — Quality is bad 😡,0,Germany,Backpack,2025-06-28 23:24:39,,,,,,,,,,,,,,,
Amazing quality the Smartwatch #Review 👍,1,UK,Smartwatch,2024-05-10 15:15:27,,,,,,,,,,,,,,,
Worth every penny the Books #MustRead #NewLaunch 👍,1,USA,Books,2025-05-09 04:30:22,,,,,,,,,,,,,,,
Amazing quality the Smartwatch @Apple,1,India,Smartwatch,2025-02-11 16:51:24,,,,,,,,,,,,,,,
Worth every penny the Jacket #Shopping,1,Canada,Jacket,2024-12-08 12:22:29,,,,,,,,,,,,,,,
Skipping the Smartwatch this time 💀 @Amazon,0,India,Smartwatch,2025-07-06 21:24:09,,,,,,,,,,,,,,,
Just ordered my Headphones! Can't wait to try it 📱 @BestBuy,1,USA,Headphones,2025-07-30 01:41:01,,,,,,,,,,,,,,,
Great value in the TV @Sony #Sale 😍,1,USA,TV,2024-03-24 15:11:52,,,,,,,,,,,,,,,
Finally saved up enough to get the Smartwatch! 🛒 @Amazon,1,Australia,Smartwatch,2025-08-23 03:20:27,,,,,,,,,,,,,,,
I don’t think I’ll buy the Smartwatch anytime soon #Sale @Amazon,0,Australia,Smartwatch,2025-09-11 13:02:48,,,,,,,,,,,,,,,
Fantastic performance the Furniture 😊,1,Germany,Furniture,2025-05-06 20:27:52,,,,,,,,,,,,,,,
Poor quality the Shoes @Puma — Disappointed #Deal 😡,0,India,Shoes,2024-04-02 09:26:36,,,,,,,,,,,,,,,
Not interested in purchasing the iPhone 💀 @Nike,0,UK,iPhone,2025-08-15 16:57:50,,,,,,,,,,,,,,,
Absolutely love the TV #NewLaunch,1,India,TV,2024-04-11 21:37:05,,,,,,,,,,,,,,,
Absolutely love the Jacket @H&M #Review 😊,1,USA,Jacket,2024-09-11 16:59:45,,,,,,,,,,,,,,,
So happy with the Tablet #Review,1,India,Tablet,2024-11-20 20:37:42,,,,,,,,,,,,,,,
Regret buying the Books — Disappointed #Sale 😡,0,USA,Books,2025-10-05 11:11:48,,,,,,,,,,,,,,,
Not satisfied with the Tablet @Samsung — Not what I expected #Unboxing 💀,0,India,Tablet,2024-01-15 11:09:17,,,,,,,,,,,,,,,
Not satisfied with the Headphones — Not what I expected #Review 💀,0,India,Headphones,2024-03-30 02:19:41,,,,,,,,,,,,,,,
Great value in the Shoes @Nike #Shopping 👍,1,India,Shoes,2025-02-15 01:39:57,,,,,,,,,,,,,,,
No plans to buy any Headphones right now #Deal @Sony,0,USA,Headphones,2025-08-21 05:36:23,,,,,,,,,,,,,,,
"Got my eyes on the Smartwatch, purchasing soon 💸 @Sony",1,Australia,Smartwatch,2025-09-01 06:20:14,,,,,,,,,,,,,,,
"Love how the new Laptop looks, definitely buying #Offer @BestBuy",1,UK,Laptop,2025-07-05 09:49:49,,,,,,,,,,,,,,,
"I was going to get a iPhone, but changed my mind 🙄 @Amazon",0,Canada,iPhone,2025-04-24 00:48:14,,,,,,,,,,,,,,,
Amazing quality the Laptop @HP #NewLaunch 👍,1,India,Laptop,2025-10-07 01:43:36,,,,,,,,,,,,,,,
Regret buying the Printer — Not what I expected 😞,0,Germany,Printer,2025-09-13 01:10:48,,,,,,,,,,,,,,,
"The new Headphones is disappointing, won't buy 😤 @Flipkart",0,UK,Headphones,2025-04-20 23:01:59,,,,,,,,,,,,,,,
Not interested in purchasing the Headphones 🙄 @BestBuy,0,India,Headphones,2025-06-05 21:46:55,,,,,,,,,,,,,,,
Regret buying the Jacket — Not what I expected #NewLaunch 👎,0,USA,Jacket,2024-10-24 22:33:41,,,,,,,,,,,,,,,
Great value in the Bike #Deal 👍,1,USA,Bike,2025-05-09 12:54:10,,,,,,,,,,,,,,,
So happy with the Books #BookTok #Sale 😍,1,Australia,Books,2024-08-26 03:47:55,,,,,,,,,,,,,,,
Worth every penny the Laptop @Dell #Unboxing 😍,1,USA,Laptop,2025-10-20 18:10:39,,,,,,,,,,,,,,,
Regret buying the Cosmetics — Disappointed #Review ☹️,0,Canada,Cosmetics,2025-04-16 04:21:44,,,,,,,,,,,,,,,
Poor quality the TV — Not what I expected 👎,0,Australia,TV,2024-03-14 07:01:13,,,,,,,,,,,,,,,
Regret buying the Furniture @Ikea — Not what I expected #NewLaunch 😞,0,USA,Furniture,2025-01-29 07:01:11,,,,,,,,,,,,,,,
Five stars for the Watches #Unboxing 👍,1,India,Watches,2024-08-01 17:45:07,,,,,,,,,,,,,,,
"Not buying the Headphones, it's overpriced 😩 @Flipkart",0,Canada,Headphones,2025-08-28 20:38:26,,,,,,,,,,,,,,,
Fast delivery for the Smartwatch @Samsung 😊,1,India,Smartwatch,2024-01-10 14:28:40,,,,,,,,,,,,,,,
One star for the Phone @Google #Deal 👎,0,Canada,Phone,2025-05-21 01:31:35,,,,,,,,,,,,,,,
Regret buying the Backpack @Wildcraft #NewLaunch 💀,0,India,Backpack,2025-10-29 19:46:02,,,,,,,,,,,,,,,
"Got my eyes on the Smartwatch, purchasing soon 😎 @Amazon",1,India,Smartwatch,2025-09-28 18:08:11,,,,,,,,,,,,,,,
That Shoes looks amazing — I’m getting one #Fashion @Flipkart,1,Australia,Shoes,2025-05-22 17:28:01,,,,,,,,,,,,,,,
I don’t think I’ll buy the Smartwatch anytime soon #NewLaunch @Amazon,0,Canada,Smartwatch,2025-05-09 01:07:30,,,,,,,,,,,,,,,
Skipping the iPhone this time 💀 @BestBuy,0,Australia,iPhone,2025-09-23 01:19:13,,,,,,,,,,,,,,,
The Headphones isn't good enough to buy #Tech @Sony,0,Canada,Headphones,2025-04-16 12:24:38,,,,,,,,,,,,,,,
So happy with the Bike #Unboxing 😍,1,UK,Bike,2025-06-02 19:43:23,,,,,,,,,,,,,,,
"The new Smartwatch is disappointing, won't buy 💀 @Flipkart",0,India,Smartwatch,2025-06-21 05:09:58,,,,,,,,,,,,,,,
Fast delivery for the Cosmetics @Nykaa #Unboxing 😊,1,Germany,Cosmetics,2024-12-07 03:53:02,,,,,,,,,,,,,,,
Would not recommend the Backpack — Disappointed #Shopping,0,Canada,Backpack,2025-07-10 23:27:57,,,,,,,,,,,,,,,
Not worth the price the Headphones — Disappointed #Shopping 💀,0,USA,Headphones,2024-12-13 19:41:01,,,,,,,,,,,,,,,
"Love how the new iPhone looks, definitely buying #Offer @Sony",1,India,iPhone,2025-05-29 09:50:56,,,,,,,,,,,,,,,
Regret buying the Jacket @H&M #NewLaunch ☹️,0,India,Jacket,2025-06-13 01:45:09,,,,,,,,,,,,,,,
Poor quality the Backpack — Not what I expected #Unboxing,0,USA,Backpack,2024-11-30 01:05:05,,,,,,,,,,,,,,,
Absolutely love the Cosmetics @Nykaa #Shopping,1,USA,Cosmetics,2024-07-05 04:14:36,,,,,,,,,,,,,,,
Would not recommend the Books — Quality is bad 😡,0,India,Books,2024-02-26 08:05:13,,,,,,,,,,,,,,,
Very disappointed by the Camera — Quality is bad #Shopping 😞,0,Germany,Camera,2024-04-01 22:13:19,,,,,,,,,,,,,,,
Just ordered my Headphones! Can't wait to try it 😎 @Amazon,1,UK,Headphones,2025-07-13 10:42:39,,,,,,,,,,,,,,,
Not worth the price the Gaming Console @PlayStation — Not what I expected #Sale ☹️,0,Australia,Gaming Console,2024-05-07 19:11:41,,,,,,,,,,,,,,,
Planning to get a Headphones this week #Tech @Nike,1,Australia,Headphones,2025-07-07 22:15:27,,,,,,,,,,,,,,,
Would not recommend the Gaming Console @Nintendo — Quality is bad #NewLaunch 👎,0,Canada,Gaming Console,2024-05-26 00:35:12,,,,,,,,,,,,,,,
That Smartwatch looks amazing — I’m getting one #NewLaunch @BestBuy,1,India,Smartwatch,2025-09-27 11:10:34,,,,,,,,,,,,,,,
Worth every penny the Furniture @UrbanLadder #Sale 👍,1,Australia,Furniture,2024-05-02 08:05:06,,,,,,,,,,,,,,,
Loved this the Laptop @Apple #Deal 👍,1,USA,Laptop,2024-01-14 21:57:28,,,,,,,,,,,,,,,
Very disappointed by the Bike 😡,0,India,Bike,2024-11-02 17:35:09,,,,,,,,,,,,,,,
Worth every penny the Tablet @Apple #NewLaunch ✨,1,USA,Tablet,2024-12-12 09:42:42,,,,,,,,,,,,,,,
Loved this the Printer @HP #Sale,1,Germany,Printer,2024-04-01 01:26:01,,,,,,,,,,,,,,,
Not interested in purchasing the Smartwatch 😩 @Nike,0,Canada,Smartwatch,2025-07-15 09:44:19,,,,,,,,,,,,,,,
Really excited to purchase the latest iPhone 📱 @Flipkart,1,UK,iPhone,2025-08-01 22:29:03,,,,,,,,,,,,,,,
Amazing quality the TV @LG 😊,1,USA,TV,2024-01-08 13:36:34,,,,,,,,,,,,,,,
Fast delivery for the Tablet @Apple #Sale,1,Australia,Tablet,2024-05-06 22:02:35,,,,,,,,,,,,,,,
Highly recommend the Books #MustRead #Review,1,Germany,Books,2024-07-20 10:01:54,,,,,,,,,,,,,,,
Not interested in purchasing the iPhone 😒 @Apple,0,India,iPhone,2025-07-02 16:22:28,,,,,,,,,,,,,,,
Just ordered my Smartwatch! Can't wait to try it 🔥 @Apple,1,USA,Smartwatch,2025-09-02 00:09:41,,,,,,,,,,,,,,,
"The new Headphones is disappointing, won't buy 😒 @Sony",0,Australia,Headphones,2025-05-01 17:47:35,,,,,,,,,,,,,,,
Great value in the Jacket #Shopping 👍,1,Canada,Jacket,2025-02-22 19:57:47,,,,,,,,,,,,,,,
Late delivery ruined the Refrigerator @Samsung — Quality is bad #Review 💀,0,Australia,Refrigerator,2024-02-05 06:38:27,,,,,,,,,,,,,,,
Late delivery ruined the Tablet — Disappointed #Review 😞,0,Germany,Tablet,2024-06-03 17:10:15,,,,,,,,,,,,,,,
Late delivery ruined the Watches @Titan #Shopping 😞,0,India,Watches,2024-09-14 13:08:14,,,,,,,,,,,,,,,
Regret buying the Cosmetics @Nykaa #NewLaunch 👎,0,USA,Cosmetics,2025-02-26 19:50:29,,,,,,,,,,,,,,,
Loved this the Shoes #Sale,1,India,Shoes,2024-06-07 14:56:13,,,,,,,,,,,,,,,
Not satisfied with the Headphones @Jabra — Quality is bad #Review 👎,0,India,Headphones,2024-02-23 19:13:41,,,,,,,,,,,,,,,
Not worth the price the Jacket — Not what I expected #Shopping,0,India,Jacket,2024-01-19 06:10:35,,,,,,,,,,,,,,,
Terrible experience with the Printer — Disappointed #NewLaunch,0,USA,Printer,2024-03-21 20:36:33,,,,,,,,,,,,,,,
Not interested in purchasing the Laptop 😤 @BestBuy,0,UK,Laptop,2025-05-04 16:30:16,,,,,,,,,,,,,,,
Great value in the Laptop @HP 🔥,1,India,Laptop,2025-09-29 10:47:03,,,,,,,,,,,,,,,
Not worth the price the Shoes @Adidas — Not what I expected #Unboxing,0,Germany,Shoes,2025-01-14 05:15:25,,,,,,,,,,,,,,,
That iPhone looks amazing — I’m getting one #NewLaunch @Sony,1,India,iPhone,2025-09-05 02:59:45,,,,,,,,,,,,,,,
Great value in the Cosmetics @Sephora #Review,1,USA,Cosmetics,2025-09-29 00:10:14,,,,,,,,,,,,,,,
Waste of money the Phone — Not what I expected #Sale ☹️,0,Canada,Phone,2024-09-14 02:05:39,,,,,,,,,,,,,,,
Absolutely love the Laptop 😊,1,UK,Laptop,2025-02-18 14:18:53,,,,,,,,,,,,,,,
Fast delivery for the Cosmetics @Nykaa #Deal 👍,1,Australia,Cosmetics,2025-08-05 06:44:15,,,,,,,,,,,,,,,
Skipping the Headphones this time 😐 @Amazon,0,Australia,Headphones,2025-04-28 20:19:37,,,,,,,,,,,,,,,
No plans to buy any Headphones right now #Fashion @Apple,0,India,Headphones,2025-04-16 02:18:45,,,,,,,,,,,,,,,
Fast delivery for the Watches @Rolex #Review 👍,1,USA,Watches,2025-06-03 04:28:28,,,,,,,,,,,,,,,
Absolutely love the Books #NewLaunch 🔥,1,India,Books,2024-06-28 23:37:56,,,,,,,,,,,,,,,
Finally saved up enough to get the Headphones! 💸 @BestBuy,1,India,Headphones,2025-04-13 08:46:48,,,,,,,,,,,,,,,
Fast delivery for the Cosmetics @Nykaa #NewLaunch 😍,1,UK,Cosmetics,2024-07-09 11:21:23,,,,,,,,,,,,,,,
Late delivery ruined the Refrigerator — Not what I expected #Unboxing 😡,0,Australia,Refrigerator,2024-10-19 11:30:31,,,,,,,,,,,,,,,
Waste of money the Headphones @Sony — Disappointed #NewLaunch,0,India,Headphones,2025-01-06 20:15:18,,,,,,,,,,,,,,,
Regret buying the Printer @HP — Disappointed #Deal 😞,0,India,Printer,2024-07-20 19:09:15,,,,,,,,,,,,,,,
Worth every penny the Bike #Deal,1,USA,Bike,2024-06-12 12:53:09,,,,,,,,,,,,,,,
Absolutely love the Furniture #NewLaunch 😍,1,Germany,Furniture,2025-08-12 13:42:27,,,,,,,,,,,,,,,
Finally saved up enough to get the Smartwatch! 😎 @Amazon,1,Australia,Smartwatch,2025-05-08 10:39:28,,,,,,,,,,,,,,,
Skipping the Headphones this time 😐 @BestBuy,0,Canada,Headphones,2025-09-13 06:23:11,,,,,,,,,,,,,,,
Not interested in purchasing the iPhone 👎 @BestBuy,0,Canada,iPhone,2025-06-03 22:15:23,,,,,,,,,,,,,,,
So happy with the Smartwatch #NewLaunch 🔥,1,India,Smartwatch,2025-05-08 10:47:34,,,,,,,,,,,,,,,
Absolutely love the Headphones 😍,1,Germany,Headphones,2024-11-21 10:16:47,,,,,,,,,,,,,,,
Would not recommend the Phone @Google — Disappointed,0,India,Phone,2024-11-06 05:27:40,,,,,,,,,,,,,,,
"I was going to get a Shoes, but changed my mind 😒 @Nike",0,USA,Shoes,2025-07-22 19:21:41,,,,,,,,,,,,,,,
Thinking about buying the iPhone tomorrow #MustBuy @Flipkart,1,Australia,iPhone,2025-09-18 16:47:38,,,,,,,,,,,,,,,
Just ordered my Headphones! Can't wait to try it 📱 @BestBuy,1,India,Headphones,2025-09-16 12:55:11,,,,,,,,,,,,,,,
No plans to buy any Smartwatch right now #MustBuy @Amazon,0,UK,Smartwatch,2025-07-06 11:32:45,,,,,,,,,,,,,,,
Regret buying the Backpack #Review 😡,0,India,Backpack,2025-08-18 13:37:23,,,,,,,,,,,,,,,
"Not buying the Smartwatch, it's overpriced 😩 @Amazon",0,Australia,Smartwatch,2025-09-13 09:27:15,,,,,,,,,,,,,,,
Not worth the price the Laptop @HP 👎,0,India,Laptop,2025-04-21 08:48:52,,,,,,,,,,,,,,,
Great value in the Cosmetics @Sephora #Review 🔥,1,UK,Cosmetics,2025-07-10 17:35:57,,,,,,,,,,,,,,,
Not worth the price the Bike @Hero — Quality is bad #Review 😡,0,USA,Bike,2024-09-21 01:25:24,,,,,,,,,,,,,,,
One star for the Smartwatch @Fitbit — Quality is bad #Sale 😞,0,India,Smartwatch,2025-02-17 20:37:45,,,,,,,,,,,,,,,
Absolutely love the Tablet @Samsung #Deal,1,India,Tablet,2025-02-15 20:38:24,,,,,,,,,,,,,,,
Regret buying the Watches @Fossil — Disappointed #Sale,0,India,Watches,2024-01-01 09:13:47,,,,,,,,,,,,,,,
Waste of money the Books 😞,0,Germany,Books,2024-10-08 21:41:35,,,,,,,,,,,,,,,
Fantastic performance the Backpack @Herschel #Sale 🔥,1,India,Backpack,2025-08-29 19:43:57,,,,,,,,,,,,,,,
"Love how the new Laptop looks, definitely buying #Offer @Sony",1,India,Laptop,2025-05-03 07:05:01,,,,,,,,,,,,,,,
Poor quality the Furniture — Quality is bad #Sale 👎,0,UK,Furniture,2025-10-30 19:06:39,,,,,,,,,,,,,,,
Absolutely love the Backpack @Wildcraft #Deal 👍,1,Canada,Backpack,2024-04-30 18:20:52,,,,,,,,,,,,,,,
Highly recommend the Refrigerator @LG #Shopping 🔥,1,USA,Refrigerator,2024-03-07 18:16:26,,,,,,,,,,,,,,,
Amazing quality the TV @LG #NewLaunch 😍,1,Germany,TV,2025-04-25 00:25:49,,,,,,,,,,,,,,,
Regret buying the Printer — Not what I expected 😞,0,USA,Printer,2025-10-14 08:10:44,,,,,,,,,,,,,,,
Terrible experience with the Printer @HP — Quality is bad #Sale 💀,0,India,Printer,2025-11-08 20:58:20,,,,,,,,,,,,,,,
Skipping the Smartwatch this time 😒 @Nike,0,USA,Smartwatch,2025-07-09 00:19:59,,,,,,,,,,,,,,,
Terrible experience with the Phone — Quality is bad #Shopping 💀,0,UK,Phone,2024-06-26 19:09:35,,,,,,,,,,,,,,,
Fantastic performance the TV @LG #Unboxing,1,UK,TV,2025-09-03 03:28:09,,,,,,,,,,,,,,,
So happy with the Headphones 🔥,1,USA,Headphones,2025-08-04 06:51:40,,,,,,,,,,,,,,,
Not satisfied with the Jacket @Zara — Quality is bad #Deal 👎,0,India,Jacket,2024-12-20 03:05:11,,,,,,,,,,,,,,,
Regret buying the Bike @RoyalEnfield #Deal 😞,0,UK,Bike,2024-09-19 10:16:48,,,,,,,,,,,,,,,
Amazing quality the TV 👍,1,Canada,TV,2024-06-29 02:48:18,,,,,,,,,,,,,,,
Highly recommend the Laptop @HP #NewLaunch 😍,1,USA,Laptop,2024-02-12 15:49:44,,,,,,,,,,,,,,,
The Shoes doesn’t seem worth it #Tech @Apple,0,Canada,Shoes,2025-08-20 22:38:37,,,,,,,,,,,,,,,
Highly recommend the Camera @Canon #Unboxing 😊,1,India,Camera,2025-11-09 10:18:04,,,,,,,,,,,,,,,
Worth every penny the TV #Shopping,1,Canada,TV,2025-10-25 19:35:13,,,,,,,,,,,,,,,
Worth every penny the Gaming Console @Xbox #Sale 🔥,1,USA,Gaming Console,2025-01-17 16:48:53,,,,,,,,,,,,,,,
Loved this the Books #Review 😍,1,Australia,Books,2024-10-28 10:54:18,,,,,,,,,,,,,,,
Too expensive for a Smartwatch. I'll pass #Offer @BestBuy,0,India,Smartwatch,2025-06-10 06:29:09,,,,,,,,,,,,,,,
Not satisfied with the Headphones #Sale 😞,0,USA,Headphones,2024-01-18 02:47:32,,,,,,,,,,,,,,,
Loved this the Books #Shopping 😊,1,India,Books,2025-08-29 04:20:07,,,,,,,,,,,,,,,
"Not buying the Headphones, it's overpriced 👎 @BestBuy",0,Canada,Headphones,2025-09-11 20:51:21,,,,,,,,,,,,,,,
Fantastic performance the Laptop @Apple #Sale 😍,1,Canada,Laptop,2024-05-28 19:29:52,,,,,,,,,,,,,,,
No plans to buy any Smartwatch right now #NewLaunch @Nike,0,Canada,Smartwatch,2025-05-20 09:48:08,,,,,,,,,,,,,,,
Waste of money the Gaming Console @PlayStation #Review 😡,0,Canada,Gaming Console,2024-08-27 21:21:20,,,,,,,,,,,,,,,
Worth every penny the Books #Unboxing 😊,1,Australia,Books,2024-05-07 03:29:09,,,,,,,,,,,,,,,
Would not recommend the Jacket — Not what I expected #NewLaunch 👎,0,India,Jacket,2025-01-23 13:33:57,,,,,,,,,,,,,,,
Waste of money the Headphones @Bose #Shopping 💀,0,UK,Headphones,2024-05-16 11:52:12,,,,,,,,,,,,,,,
Too expensive for a Headphones. I'll pass #Fashion @Amazon,0,UK,Headphones,2025-08-05 16:29:05,,,,,,,,,,,,,,,
Too expensive for a Smartwatch. I'll pass #NewLaunch @Flipkart,0,India,Smartwatch,2025-05-23 15:45:48,,,,,,,,,,,,,,,
Skipping the Shoes this time 👎 @BestBuy,0,India,Shoes,2025-06-08 20:08:51,,,,,,,,,,,,,,,
Regret buying the Cosmetics @Nykaa — Quality is bad #Unboxing ☹️,0,India,Cosmetics,2024-07-18 20:55:06,,,,,,,,,,,,,,,
One star for the Headphones #Sale ☹️,0,UK,Headphones,2025-05-26 18:58:57,,,,,,,,,,,,,,,
Waste of money the Furniture — Disappointed #Shopping ☹️,0,UK,Furniture,2025-09-27 16:10:44,,,,,,,,,,,,,,,
Not satisfied with the Smartwatch @Fitbit — Disappointed #Review 😡,0,UK,Smartwatch,2024-07-10 19:15:26,,,,,,,,,,,,,,,
Not satisfied with the Printer #Review ☹️,0,USA,Printer,2025-02-07 17:03:47,,,,,,,,,,,,,,,
Late delivery ruined the Backpack @Herschel — Not what I expected #Sale 💀,0,India,Backpack,2025-09-23 20:19:34,,,,,,,,,,,,,,,
Thinking about buying the Smartwatch tomorrow #Fashion @Amazon,1,India,Smartwatch,2025-07-20 00:55:07,,,,,,,,,,,,,,,
One star for the Gaming Console @Xbox — Disappointed #Sale 💀,0,India,Gaming Console,2025-04-12 13:01:14,,,,,,,,,,,,,,,
Not interested in purchasing the Shoes 😤 @Apple,0,USA,Shoes,2025-09-26 15:35:17,,,,,,,,,,,,,,,
Loved this the Headphones @Bose 👍,1,India,Headphones,2025-03-30 13:04:21,,,,,,,,,,,,,,,
Absolutely love the Bike #Shopping 🔥,1,India,Bike,2025-03-23 23:35:54,,,,,,,,,,,,,,,
Poor quality the Backpack @Wildcraft — Not what I expected #Review 😡,0,USA,Backpack,2024-01-01 08:39:28,,,,,,,,,,,,,,,
Skipping the Shoes this time 😒 @Amazon,0,India,Shoes,2025-07-19 06:09:06,,,,,,,,,,,,,,,
Regret buying the Gaming Console — Not what I expected #Sale 👎,0,India,Gaming Console,2025-09-11 01:38:01,,,,,,,,,,,,,,,
Not interested in purchasing the Headphones 😤 @Nike,0,India,Headphones,2025-07-28 21:47:36,,,,,,,,,,,,,,,
Worth every penny the Camera 😍,1,Canada,Camera,2025-02-27 21:28:25,,,,,,,,,,,,,,,
"Love how the new Smartwatch looks, definitely buying #MustBuy @BestBuy",1,USA,Smartwatch,2025-07-29 04:28:15,,,,,,,,,,,,,,,
Amazing quality the Phone #Review ✨,1,India,Phone,2025-02-07 01:50:03,,,,,,,,,,,,,,,
No plans to buy any iPhone right now #Tech @BestBuy,0,UK,iPhone,2025-06-08 06:06:20,,,,,,,,,,,,,,,
"Can't resist, the Shoes deal is too good 💻 @Apple",1,Canada,Shoes,2025-08-31 09:02:48,,,,,,,,,,,,,,,
Not worth the price the Bike — Disappointed 😞,0,UK,Bike,2025-08-06 19:25:20,,,,,,,,,,,,,,,
Loved this the Phone @Apple #Sale 😍,1,UK,Phone,2024-03-22 15:52:16,,,,,,,,,,,,,,,
Thinking about buying the iPhone tomorrow #NewLaunch @Flipkart,1,India,iPhone,2025-07-01 19:32:01,,,,,,,,,,,,,,,
Not satisfied with the Shoes — Disappointed #Sale,0,India,Shoes,2024-02-27 19:40:08,,,,,,,,,,,,,,,
Five stars for the Camera @Sony 👍,1,Germany,Camera,2024-10-30 23:31:47,,,,,,,,,,,,,,,
Very disappointed by the Tablet @Samsung — Disappointed #Deal,0,Canada,Tablet,2024-03-28 14:01:07,,,,,,,,,,,,,,,
So happy with the Camera @Nikon #NewLaunch,1,India,Camera,2025-06-23 15:23:22,,,,,,,,,,,,,,,
That Laptop looks amazing — I’m getting one #Sale @Amazon,1,Canada,Laptop,2025-09-15 08:51:30,,,,,,,,,,,,,,,
Very disappointed by the Refrigerator #Shopping 👎,0,Canada,Refrigerator,2025-02-22 04:43:57,,,,,,,,,,,,,,,
"I was going to get a iPhone, but changed my mind 😤 @Sony",0,USA,iPhone,2025-04-14 01:08:44,,,,,,,,,,,,,,,
Regret buying the Cosmetics @Sephora #Shopping 👎,0,Canada,Cosmetics,2025-02-04 08:24:29,,,,,,,,,,,,,,,
Planning to get a iPhone this week #Fashion @Nike,1,India,iPhone,2025-06-07 11:36:15,,,,,,,,,,,,,,,
Very disappointed by the TV — Disappointed #Review 😞,0,Australia,TV,2024-08-09 10:26:31,,,,,,,,,,,,,,,
Poor quality the Camera @Nikon — Disappointed #Unboxing ☹️,0,India,Camera,2024-05-10 20:11:54,,,,,,,,,,,,,,,
One star for the Printer — Disappointed #Review 👎,0,USA,Printer,2024-10-16 00:37:53,,,,,,,,,,,,,,,
Not satisfied with the Laptop @Dell #Sale,0,India,Laptop,2025-01-23 06:02:08,,,,,,,,,,,,,,,
Great value in the Smartwatch @Fitbit #Deal 🔥,1,India,Smartwatch,2025-08-23 07:10:47,,,,,,,,,,,,,,,
Five stars for the Refrigerator @Samsung #NewLaunch,1,Australia,Refrigerator,2024-01-23 23:07:24,,,,,,,,,,,,,,,
So happy with the Headphones @Bose #Review 🔥,1,India,Headphones,2025-06-21 05:43:47,,,,,,,,,,,,,,,
Planning to get a Smartwatch this week #Deal @Amazon,1,Canada,Smartwatch,2025-04-30 04:48:31,,,,,,,,,,,,,,,
"The new iPhone is disappointing, won't buy 😩 @BestBuy",0,Canada,iPhone,2025-05-27 08:04:51,,,,,,,,,,,,,,,
Amazing quality the Furniture @UrbanLadder #Shopping 😍,1,India,Furniture,2024-09-28 08:18:36,,,,,,,,,,,,,,,
The Smartwatch doesn’t seem worth it #Deal @Flipkart,0,UK,Smartwatch,2025-06-27 01:47:11,,,,,,,,,,,,,,,
Too expensive for a Shoes. I'll pass #Tech @BestBuy,0,Australia,Shoes,2025-07-08 02:27:23,,,,,,,,,,,,,,,
Too expensive for a iPhone. I'll pass #NewLaunch @Flipkart,0,UK,iPhone,2025-04-17 03:00:07,,,,,,,,,,,,,,,
Would not recommend the Headphones — Disappointed #Deal 😞,0,India,Headphones,2025-02-19 14:57:58,,,,,,,,,,,,,,,
Thinking about buying the iPhone tomorrow #Deal @BestBuy,1,USA,iPhone,2025-08-06 02:58:18,,,,,,,,,,,,,,,
Late delivery ruined the Phone — Quality is bad #Review,0,India,Phone,2024-07-28 18:24:38,,,,,,,,,,,,,,,
Very disappointed by the Smartwatch @Fitbit #Shopping 💀,0,Germany,Smartwatch,2024-08-09 11:40:42,,,,,,,,,,,,,,,
So happy with the Refrigerator @Whirlpool 👍,1,Germany,Refrigerator,2024-05-05 08:47:30,,,,,,,,,,,,,,,
No plans to buy any iPhone right now #MustBuy @Nike,0,UK,iPhone,2025-10-03 23:58:22,,,,,,,,,,,,,,,
That Headphones looks amazing — I’m getting one #Shopping @BestBuy,1,USA,Headphones,2025-05-13 14:54:37,,,,,,,,,,,,,,,
Not worth the price the Smartwatch @Apple — Disappointed #Sale 😞,0,India,Smartwatch,2024-09-22 18:08:39,,,,,,,,,,,,,,,
Amazing quality the Camera #Sale 😍,1,India,Camera,2024-07-19 14:18:31,,,,,,,,,,,,,,,
I don’t think I’ll buy the Smartwatch anytime soon #Shopping @Flipkart,0,India,Smartwatch,2025-08-17 09:50:35,,,,,,,,,,,,,,,
I'm going to buy the new Laptop soon 🛒 #Shopping @Amazon,1,Australia,Laptop,2025-06-08 23:52:11,,,,,,,,,,,,,,,
The iPhone isn't good enough to buy #MustBuy @Amazon,0,India,iPhone,2025-06-23 11:16:33,,,,,,,,,,,,,,,
Not satisfied with the Backpack @Wildcraft — Disappointed #Deal 😡,0,Germany,Backpack,2024-03-31 04:38:33,,,,,,,,,,,,,,,
Amazing quality the Refrigerator #Shopping ✨,1,USA,Refrigerator,2024-05-17 19:23:21,,,,,,,,,,,,,,,
"Can't resist, the iPhone deal is too good 💸 @Amazon",1,UK,iPhone,2025-07-25 21:49:51,,,,,,,,,,,,,,,
Very disappointed by the Jacket @H&M #Sale 💀,0,Germany,Jacket,2024-09-13 23:27:35,,,,,,,,,,,,,,,
Amazing quality the Backpack @Herschel 😍,1,USA,Backpack,2024-10-15 12:51:15,,,,,,,,,,,,,,,
Fantastic performance the Watches @Fossil #Unboxing,1,Australia,Watches,2025-10-28 06:04:04,,,,,,,,,,,,,,,
So happy with the Headphones @Jabra #Deal 😍,1,India,Headphones,2024-04-06 19:06:28,,,,,,,,,,,,,,,
Poor quality the Shoes @Puma — Not what I expected #Deal 💀,0,India,Shoes,2024-11-10 21:30:48,,,,,,,,,,,,,,,
Fast delivery for the Books ✨,1,Canada,Books,2024-09-17 12:17:38,,,,,,,,,,,,,,,
"The new Laptop is disappointing, won't buy 😒 @Nike",0,Canada,Laptop,2025-09-20 05:48:51,,,,,,,,,,,,,,,
Highly recommend the Furniture #Shopping,1,Germany,Furniture,2024-09-01 15:42:56,,,,,,,,,,,,,,,
Fast delivery for the Shoes @Puma #Sale ✨,1,UK,Shoes,2024-11-16 06:16:06,,,,,,,,,,,,,,,
Late delivery ruined the Bike — Disappointed #Review ☹️,0,Canada,Bike,2025-05-18 21:32:44,,,,,,,,,,,,,,,
I'm going to buy the new Smartwatch soon 😎 #Tech @Amazon,1,USA,Smartwatch,2025-06-10 00:42:29,,,,,,,,,,,,,,,
Not satisfied with the Furniture @Ikea — Not what I expected 😞,0,Germany,Furniture,2025-06-12 03:21:51,,,,,,,,,,,,,,,
Would not recommend the Jacket @Zara #Deal 😡,0,India,Jacket,2024-11-28 03:09:10,,,,,,,,,,,,,,,
Amazing quality the Jacket #Shopping 👍,1,UK,Jacket,2024-12-31 15:59:29,,,,,,,,,,,,,,,
Really excited to purchase the latest Laptop 💻 @Nike,1,Australia,Laptop,2025-08-23 21:49:46,,,,,,,,,,,,,,,
Just ordered my Headphones! Can't wait to try it 🛒 @Sony,1,Australia,Headphones,2025-07-30 06:09:51,,,,,,,,,,,,,,,
Really excited to purchase the latest Headphones 😍 @Nike,1,India,Headphones,2025-06-26 03:38:22,,,,,,,,,,,,,,,
Amazing quality the Books #MustRead #Sale ✨,1,India,Books,2024-04-18 21:53:49,,,,,,,,,,,,,,,
The Laptop doesn’t seem worth it #Shopping @BestBuy,0,UK,Laptop,2025-06-16 13:51:04,,,,,,,,,,,,,,,
Terrible experience with the Smartwatch @Samsung #Sale 👎,0,Canada,Smartwatch,2025-06-08 07:44:04,,,,,,,,,,,,,,,
Great value in the Phone #Sale,1,Australia,Phone,2024-11-04 01:45:26,,,,,,,,,,,,,,,
So happy with the Phone @OnePlus #Sale 👍,1,Australia,Phone,2025-04-07 02:52:25,,,,,,,,,,,,,,,
Finally saved up enough to get the Smartwatch! 😍 @Nike,1,USA,Smartwatch,2025-08-11 03:00:41,,,,,,,,,,,,,,,
Worth every penny the Headphones #Sale,1,Germany,Headphones,2025-06-28 19:32:17,,,,,,,,,,,,,,,
"Got my eyes on the Smartwatch, purchasing soon 📱 @Flipkart",1,USA,Smartwatch,2025-08-01 09:00:26,,,,,,,,,,,,,,,
Poor quality the Shoes @Adidas — Quality is bad #Review 😡,0,Germany,Shoes,2024-04-08 02:23:19,,,,,,,,,,,,,,,
Just ordered my Headphones! Can't wait to try it 💻 @Sony,1,India,Headphones,2025-09-24 05:58:05,,,,,,,,,,,,,,,
Really excited to purchase the latest Laptop 😍 @Flipkart,1,UK,Laptop,2025-06-03 11:16:43,,,,,,,,,,,,,,,
Would not recommend the Gaming Console @PlayStation — Not what I expected #Review 😞,0,Canada,Gaming Console,2024-05-05 22:12:43,,,,,,,,,,,,,,,
Late delivery ruined the TV @Sony — Quality is bad #Deal 😞,0,Australia,TV,2025-05-27 00:56:12,,,,,,,,,,,,,,,
One star for the Cosmetics @Nykaa — Disappointed #Unboxing 😞,0,Germany,Cosmetics,2024-01-02 03:04:44,,,,,,,,,,,,,,,
Would not recommend the Printer @HP — Quality is bad #Review ☹️,0,UK,Printer,2025-07-24 12:57:59,,,,,,,,,,,,,,,
Skipping the Headphones this time 😩 @Sony,0,India,Headphones,2025-09-24 15:29:02,,,,,,,,,,,,,,,
"Not buying the Shoes, it's overpriced 👎 @Flipkart",0,Canada,Shoes,2025-05-10 11:16:19,,,,,,,,,,,,,,,
Loved this the Cosmetics #Sale 😊,1,USA,Cosmetics,2025-05-17 19:52:49,,,,,,,,,,,,,,,
Great value in the Printer #Unboxing 😊,1,Canada,Printer,2025-04-25 10:30:58,,,,,,,,,,,,,,,
Just ordered my Smartwatch! Can't wait to try it 😎 @BestBuy,1,Australia,Smartwatch,2025-09-26 12:52:25,,,,,,,,,,,,,,,
Loved this the Headphones @Sony 🔥,1,India,Headphones,2024-07-14 15:54:19,,,,,,,,,,,,,,,
Great value in the Headphones #Unboxing ✨,1,Australia,Headphones,2025-05-02 20:21:52,,,,,,,,,,,,,,,
Loved this the Tablet @Samsung #Deal 👍,1,India,Tablet,2025-09-30 16:56:53,,,,,,,,,,,,,,,
I don’t think I’ll buy the Headphones anytime soon #Offer @BestBuy,0,UK,Headphones,2025-08-22 15:47:55,,,,,,,,,,,,,,,
Thinking about buying the Laptop tomorrow #Sale @Sony,1,USA,Laptop,2025-04-19 04:35:43,,,,,,,,,,,,,,,
Five stars for the Bike #Shopping 🔥,1,India,Bike,2024-06-13 06:30:47,,,,,,,,,,,,,,,
Great value in the Gaming Console @PlayStation #Sale 🔥,1,India,Gaming Console,2025-05-01 23:01:34,,,,,,,,,,,,,,,
Worth every penny the Smartwatch #Sale ✨,1,Germany,Smartwatch,2024-05-04 19:58:09,,,,,,,,,,,,,,,
Late delivery ruined the Printer — Quality is bad #NewLaunch ☹️,0,India,Printer,2024-01-16 20:19:33,,,,,,,,,,,,,,,
Loved this the Furniture @UrbanLadder #NewLaunch 😍,1,USA,Furniture,2024-07-08 17:24:34,,,,,,,,,,,,,,,
So happy with the Furniture #NewLaunch 👍,1,Australia,Furniture,2024-05-17 19:27:30,,,,,,,,,,,,,,,
Fast delivery for the Phone @OnePlus #NewLaunch 😊,1,Germany,Phone,2025-01-17 21:58:21,,,,,,,,,,,,,,,
So happy with the Bike @Bajaj #Unboxing 😊,1,India,Bike,2024-12-20 00:26:22,,,,,,,,,,,,,,,
Loved this the Laptop @Dell 👍,1,Canada,Laptop,2024-03-10 20:43:59,,,,,,,,,,,,,,,
Amazing quality the Books #MustRead 🔥,1,Australia,Books,2025-04-24 21:20:18,,,,,,,,,,,,,,,
Absolutely love the Printer #Shopping 🔥,1,India,Printer,2025-05-27 20:49:38,,,,,,,,,,,,,,,
So happy with the Books #BookTok #Deal,1,Germany,Books,2024-05-17 06:35:01,,,,,,,,,,,,,,,
Absolutely love the Books #Shopping 👍,1,USA,Books,2024-11-10 14:20:58,,,,,,,,,,,,,,,
"Love how the new iPhone looks, definitely buying #Fashion @Nike",1,Australia,iPhone,2025-09-15 13:02:31,,,,,,,,,,,,,,,
Amazing quality the Phone #Sale 👍,1,Canada,Phone,2025-05-08 11:50:48,,,,,,,,,,,,,,,
"The new Headphones is disappointing, won't buy 😐 @BestBuy",0,UK,Headphones,2025-09-04 19:33:49,,,,,,,,,,,,,,,
Fantastic performance the Phone @Google #Review 😍,1,Australia,Phone,2025-05-17 23:04:52,,,,,,,,,,,,,,,
The iPhone doesn’t seem worth it #Tech @Flipkart,0,Canada,iPhone,2025-09-01 22:24:48,,,,,,,,,,,,,,,
That Smartwatch looks amazing — I’m getting one #NewLaunch @Amazon,1,Australia,Smartwatch,2025-09-16 08:37:32,,,,,,,,,,,,,,,
The iPhone isn't good enough to buy #Shopping @Sony,0,USA,iPhone,2025-09-28 21:18:44,,,,,,,,,,,,,,,
One star for the Headphones @Bose — Quality is bad 😡,0,Canada,Headphones,2025-03-08 04:47:01,,,,,,,,,,,,,,,
Regret buying the Cosmetics #Shopping 😡,0,India,Cosmetics,2024-03-13 09:56:06,,,,,,,,,,,,,,,
So happy with the Phone @Google #Review 😊,1,USA,Phone,2025-08-28 18:07:34,,,,,,,,,,,,,,,
Not interested in purchasing the Smartwatch 😩 @Amazon,0,India,Smartwatch,2025-09-14 03:26:57,,,,,,,,,,,,,,,
Regret buying the Gaming Console @PlayStation — Quality is bad #Unboxing 😞,0,USA,Gaming Console,2024-11-30 01:23:04,,,,,,,,,,,,,,,
Worth every penny the Phone @OnePlus 👍,1,Canada,Phone,2025-08-07 10:09:08,,,,,,,,,,,,,,,
Really excited to purchase the latest Shoes 🔥 @BestBuy,1,USA,Shoes,2025-09-04 12:55:12,,,,,,,,,,,,,,,
Waste of money the Tablet @Samsung — Disappointed #Shopping 💀,0,India,Tablet,2024-02-07 02:22:51,,,,,,,,,,,,,,,
Not worth the price the Printer @HP 💀,0,Germany,Printer,2024-04-26 19:25:15,,,,,,,,,,,,,,,
"I was going to get a Laptop, but changed my mind 🙄 @Apple",0,UK,Laptop,2025-04-19 00:10:20,,,,,,,,,,,,,,,
Fantastic performance the Refrigerator @LG #Shopping 🔥,1,Australia,Refrigerator,2024-07-03 04:12:23,,,,,,,,,,,,,,,
Amazing quality the Camera #Unboxing 🔥,1,India,Camera,2025-05-09 04:32:53,,,,,,,,,,,,,,,
Fast delivery for the TV #NewLaunch ✨,1,India,TV,2025-06-06 20:53:25,,,,,,,,,,,,,,,
Late delivery ruined the Watches — Disappointed #NewLaunch 😞,0,India,Watches,2025-06-21 18:29:41,,,,,,,,,,,,,,,
Fantastic performance the Gaming Console @Nintendo #Unboxing 👍,1,India,Gaming Console,2024-09-03 16:50:07,,,,,,,,,,,,,,,
So happy with the Backpack @Herschel #NewLaunch 😊,1,UK,Backpack,2025-08-25 21:41:28,,,,,,,,,,,,,,,
"I was going to get a Headphones, but changed my mind 😒 @Flipkart",0,Canada,Headphones,2025-07-20 22:07:07,,,,,,,,,,,,,,,
Poor quality the Camera @Canon — Disappointed #Deal 😞,0,India,Camera,2025-11-08 11:46:56,,,,,,,,,,,,,,,
So happy with the Bike #Shopping 😊,1,India,Bike,2024-12-13 01:11:11,,,,,,,,,,,,,,,
Thinking about buying the Shoes tomorrow #Sale @Sony,1,India,Shoes,2025-07-19 20:36:53,,,,,,,,,,,,,,,
Worth every penny the Books #BookTok #Unboxing 🔥,1,India,Books,2024-05-20 05:00:17,,,,,,,,,,,,,,,
"Got my eyes on the Laptop, purchasing soon 😎 @Flipkart",1,Canada,Laptop,2025-08-31 15:24:11,,,,,,,,,,,,,,,
"I was going to get a Smartwatch, but changed my mind 🙄 @Nike",0,UK,Smartwatch,2025-07-25 23:45:03,,,,,,,,,,,,,,,
Five stars for the Phone #Shopping,1,USA,Phone,2024-04-08 04:13:42,,,,,,,,,,,,,,,
"I was going to get a iPhone, but changed my mind 😩 @Flipkart",0,USA,iPhone,2025-07-03 04:38:00,,,,,,,,,,,,,,,
Amazing quality the Refrigerator #Shopping 🔥,1,India,Refrigerator,2025-05-19 09:49:26,,,,,,,,,,,,,,,
Absolutely love the Backpack #Sale 🔥,1,USA,Backpack,2025-08-26 10:05:51,,,,,,,,,,,,,,,
Terrible experience with the Furniture @UrbanLadder — Not what I expected #Deal 😡,0,Canada,Furniture,2025-06-13 18:38:40,,,,,,,,,,,,,,,
The Smartwatch isn't good enough to buy #Offer @Apple,0,Canada,Smartwatch,2025-07-13 11:17:48,,,,,,,,,,,,,,,
Planning to get a iPhone this week #MustBuy @Sony,1,India,iPhone,2025-07-24 16:00:35,,,,,,,,,,,,,,,
Worth every penny the Furniture #Sale 😍,1,Germany,Furniture,2024-04-16 12:18:58,,,,,,,,,,,,,,,
Five stars for the Printer #Shopping 😍,1,India,Printer,2024-06-19 02:28:21,,,,,,,,,,,,,,,
Poor quality the Bike @Bajaj — Quality is bad #Deal 💀,0,India,Bike,2024-06-26 12:36:29,,,,,,,,,,,,,,,
Would not recommend the Smartwatch @Fitbit — Not what I expected #Shopping 😡,0,Canada,Smartwatch,2024-08-05 17:44:47,,,,,,,,,,,,,,,
Late delivery ruined the Printer #Unboxing 😞,0,USA,Printer,2025-02-03 19:23:00,,,,,,,,,,,,,,,
The Smartwatch doesn’t seem worth it #Shopping @Apple,0,Australia,Smartwatch,2025-09-25 16:43:58,,,,,,,,,,,,,,,
That Laptop looks amazing — I’m getting one #MustBuy @BestBuy,1,Canada,Laptop,2025-06-14 23:24:40,,,,,,,,,,,,,,,
The iPhone isn't good enough to buy #Fashion @Flipkart,0,Australia,iPhone,2025-08-30 09:12:17,,,,,,,,,,,,,,,
Great value in the Refrigerator #Deal ✨,1,Canada,Refrigerator,2024-03-15 15:14:46,,,,,,,,,,,,,,,
Highly recommend the Books #BookTok #Shopping 😍,1,Canada,Books,2025-10-23 19:00:44,,,,,,,,,,,,,,,
Finally saved up enough to get the Laptop! 💻 @Sony,1,USA,Laptop,2025-08-23 23:35:48,,,,,,,,,,,,,,,
Waste of money the Camera @Sony — Disappointed ☹️,0,Germany,Camera,2024-04-29 16:22:27,,,,,,,,,,,,,,,
Regret buying the Watches #Sale,0,Germany,Watches,2024-06-03 07:21:40,,,,,,,,,,,,,,,
Late delivery ruined the Backpack — Quality is bad #Review 👎,0,Germany,Backpack,2024-11-05 03:53:32,,,,,,,,,,,,,,,
Would not recommend the Tablet @Samsung #Sale 😡,0,USA,Tablet,2025-04-10 21:02:56,,,,,,,,,,,,,,,
I'm going to buy the new Headphones soon 💻 #Offer @Apple,1,India,Headphones,2025-06-08 03:23:09,,,,,,,,,,,,,,,
Poor quality the Phone — Quality is bad #NewLaunch 😡,0,India,Phone,2025-10-13 03:20:26,,,,,,,,,,,,,,,
Planning to get a Headphones this week #Deal @Nike,1,Australia,Headphones,2025-06-11 14:07:53,,,,,,,,,,,,,,,
Waste of money the Watches — Quality is bad #Deal 😡,0,Germany,Watches,2024-06-30 18:25:27,,,,,,,,,,,,,,,
Thinking about buying the Laptop tomorrow #Offer @Apple,1,UK,Laptop,2025-05-11 09:00:31,,,,,,,,,,,,,,,
Regret buying the Shoes @Nike #Review 😞,0,USA,Shoes,2025-05-01 15:29:52,,,,,,,,,,,,,,,
Absolutely love the Cosmetics @Nykaa #Unboxing 🔥,1,India,Cosmetics,2024-11-21 10:53:56,,,,,,,,,,,,,,,
Fantastic performance the Printer @HP #Unboxing 🔥,1,Canada,Printer,2025-04-20 21:08:38,,,,,,,,,,,,,,,
Amazing quality the Backpack @Herschel #Unboxing ✨,1,India,Backpack,2024-10-22 06:38:19,,,,,,,,,,,,,,,
Amazing quality the Bike #Shopping 😊,1,India,Bike,2024-04-08 01:24:03,,,,,,,,,,,,,,,
Absolutely love the Smartwatch #Shopping 🔥,1,India,Smartwatch,2024-04-27 18:40:36,,,,,,,,,,,,,,,
Five stars for the Books #BookTok #Review 👍,1,USA,Books,2024-04-12 11:48:19,,,,,,,,,,,,,,,
Very disappointed by the Laptop @Lenovo — Quality is bad #Review ☹️,0,India,Laptop,2024-08-27 08:10:50,,,,,,,,,,,,,,,
Absolutely love the Headphones @Jabra 😊,1,India,Headphones,2025-04-07 06:04:05,,,,,,,,,,,,,,,
Not satisfied with the Refrigerator @Samsung — Disappointed #Unboxing 😞,0,Germany,Refrigerator,2025-07-01 18:24:01,,,,,,,,,,,,,,,
Fantastic performance the Shoes @Nike #Review 😍,1,USA,Shoes,2025-05-13 02:56:03,,,,,,,,,,,,,,,
"Can't resist, the iPhone deal is too good 🔥 @BestBuy",1,India,iPhone,2025-09-05 09:59:46,,,,,,,,,,,,,,,
Absolutely love the Books #BookTok #Shopping 🔥,1,Germany,Books,2024-01-13 20:44:59,,,,,,,,,,,,,,,
Just ordered my iPhone! Can't wait to try it 😎 @Flipkart,1,India,iPhone,2025-08-03 14:51:38,,,,,,,,,,,,,,,
One star for the Cosmetics @Sephora — Quality is bad #Review 😡,0,USA,Cosmetics,2025-09-14 16:16:57,,,,,,,,,,,,,,,
Poor quality the Refrigerator — Not what I expected #Shopping 👎,0,India,Refrigerator,2024-01-05 01:36:41,,,,,,,,,,,,,,,
Fantastic performance the Smartwatch @Fitbit #Deal 👍,1,India,Smartwatch,2025-08-01 19:44:46,,,,,,,,,,,,,,,
Loved this the Shoes 👍,1,USA,Shoes,2025-09-25 11:31:11,,,,,,,,,,,,,,,
Late delivery ruined the Backpack #Review ☹️,0,UK,Backpack,2025-01-01 18:48:46,,,,,,,,,,,,,,,
Very disappointed by the Printer @HP — Disappointed #Deal ☹️,0,USA,Printer,2025-07-25 11:58:43,,,,,,,,,,,,,,,
Regret buying the Cosmetics — Disappointed #Deal,0,Canada,Cosmetics,2024-06-15 01:08:50,,,,,,,,,,,,,,,
Great value in the Furniture #Sale 🔥,1,Germany,Furniture,2024-11-28 22:12:45,,,,,,,,,,,,,,,
Would not recommend the Camera @Canon — Not what I expected #Sale ☹️,0,India,Camera,2024-03-09 05:06:02,,,,,,,,,,,,,,,
One star for the Watches — Disappointed #Deal ☹️,0,India,Watches,2024-11-13 02:30:09,,,,,,,,,,,,,,,
Regret buying the Shoes 😞,0,Germany,Shoes,2025-09-28 02:37:28,,,,,,,,,,,,,,,
I'm going to buy the new iPhone soon 🛒 #Deal @Amazon,1,USA,iPhone,2025-06-28 08:36:54,,,,,,,,,,,,,,,
Skipping the Headphones this time 👎 @BestBuy,0,UK,Headphones,2025-09-12 11:42:08,,,,,,,,,,,,,,,
Not satisfied with the Smartwatch — Disappointed #Unboxing,0,USA,Smartwatch,2025-02-09 11:36:35,,,,,,,,,,,,,,,
Skipping the Laptop this time 💀 @Flipkart,0,Australia,Laptop,2025-07-09 14:39:37,,,,,,,,,,,,,,,
Regret buying the Backpack @Herschel — Quality is bad #Shopping 😞,0,USA,Backpack,2024-07-14 23:42:45,,,,,,,,,,,,,,,
The Shoes isn't good enough to buy #Tech @Nike,0,UK,Shoes,2025-07-13 10:47:52,,,,,,,,,,,,,,,
Amazing quality the Gaming Console @Xbox #Unboxing 😍,1,Germany,Gaming Console,2024-06-01 16:01:28,,,,,,,,,,,,,,,
Great value in the Gaming Console @PlayStation #Shopping,1,UK,Gaming Console,2025-03-23 02:26:15,,,,,,,,,,,,,,,
Would not recommend the Books #MustRead — Not what I expected #Shopping ☹️,0,India,Books,2024-03-23 01:36:11,,,,,,,,,,,,,,,
Great value in the Books 🔥,1,Germany,Books,2024-01-22 05:45:01,,,,,,,,,,,,,,,
"Love how the new Smartwatch looks, definitely buying #Tech @Sony",1,India,Smartwatch,2025-07-17 00:26:49,,,,,,,,,,,,,,,
Loved this the Furniture #Shopping 😍,1,Germany,Furniture,2025-03-22 02:51:50,,,,,,,,,,,,,,,
One star for the Printer #Review ☹️,0,Germany,Printer,2025-04-25 11:16:58,,,,,,,,,,,,,,,
Very disappointed by the Books #MustRead #Shopping,0,Canada,Books,2024-10-16 08:04:33,,,,,,,,,,,,,,,
Late delivery ruined the Watches — Not what I expected #NewLaunch ☹️,0,India,Watches,2025-09-01 10:21:58,,,,,,,,,,,,,,,
Absolutely love the Headphones @Sony #Deal,1,USA,Headphones,2024-03-13 14:55:03,,,,,,,,,,,,,,,
Fantastic performance the Printer @HP #NewLaunch 😊,1,Canada,Printer,2024-09-21 07:53:44,,,,,,,,,,,,,,,
Amazing quality the Headphones @Sony #Shopping,1,Canada,Headphones,2024-02-11 23:08:51,,,,,,,,,,,,,,,
Poor quality the Headphones — Quality is bad #Deal 😞,0,India,Headphones,2024-03-04 00:54:29,,,,,,,,,,,,,,,
Not worth the price the TV — Not what I expected #Sale 💀,0,USA,TV,2024-11-07 00:02:31,,,,,,,,,,,,,,,
Highly recommend the Camera @Nikon #Sale,1,India,Camera,2025-01-20 12:14:17,,,,,,,,,,,,,,,
Would not recommend the Headphones @Jabra — Not what I expected #Shopping,0,India,Headphones,2025-08-23 06:55:57,,,,,,,,,,,,,,,
Great value in the Smartwatch #Shopping 👍,1,Canada,Smartwatch,2024-03-11 22:27:23,,,,,,,,,,,,,,,
Worth every penny the Jacket @Zara #Unboxing 👍,1,Canada,Jacket,2024-07-06 00:17:27,,,,,,,,,,,,,,,
Finally saved up enough to get the Laptop! 💸 @Nike,1,USA,Laptop,2025-09-08 21:11:38,,,,,,,,,,,,,,,
Finally saved up enough to get the Headphones! 📱 @Amazon,1,USA,Headphones,2025-06-03 15:50:25,,,,,,,,,,,,,,,
Worth every penny the Gaming Console #Deal 🔥,1,Canada,Gaming Console,2024-05-19 09:01:58,,,,,,,,,,,,,,,
Loved this the TV #Deal 🔥,1,Australia,TV,2025-01-22 08:56:07,,,,,,,,,,,,,,,
Regret buying the Backpack @Wildcraft — Disappointed #Sale 😞,0,India,Backpack,2024-12-04 23:38:32,,,,,,,,,,,,,,,
The Smartwatch isn't good enough to buy #Fashion @Flipkart,0,USA,Smartwatch,2025-05-24 23:07:30,,,,,,,,,,,,,,,
Five stars for the Printer @HP #Review,1,UK,Printer,2025-07-19 16:55:22,,,,,,,,,,,,,,,
Not worth the price the Smartwatch — Disappointed #Shopping 😞,0,India,Smartwatch,2024-03-09 16:47:43,,,,,,,,,,,,,,,
Very disappointed by the Bike — Not what I expected #Review ☹️,0,USA,Bike,2025-03-05 09:54:38,,,,,,,,,,,,,,,
Five stars for the Laptop @HP #Shopping ✨,1,Germany,Laptop,2024-01-20 02:19:39,,,,,,,,,,,,,,,
Highly recommend the Jacket 🔥,1,Germany,Jacket,2024-04-04 07:49:19,,,,,,,,,,,,,,,
Fantastic performance the Jacket #Sale ✨,1,India,Jacket,2024-05-18 16:15:12,,,,,,,,,,,,,,,
Skipping the iPhone this time 😒 @Nike,0,Australia,iPhone,2025-07-25 07:50:01,,,,,,,,,,,,,,,
"Got my eyes on the Shoes, purchasing soon 🔥 @Nike",1,USA,Shoes,2025-08-17 17:29:20,,,,,,,,,,,,,,,
Absolutely love the Smartwatch,1,Germany,Smartwatch,2024-07-22 14:36:48,,,,,,,,,,,,,,,
Would not recommend the Camera @Nikon — Not what I expected #Deal,0,India,Camera,2024-12-06 17:14:15,,,,,,,,,,,,,,,
Regret buying the Headphones @Jabra — Not what I expected #Shopping 💀,0,Australia,Headphones,2025-10-08 22:13:00,,,,,,,,,,,,,,,
Just ordered my Shoes! Can't wait to try it 😎 @Nike,1,UK,Shoes,2025-09-14 04:18:04,,,,,,,,,,,,,,,
"Got my eyes on the Laptop, purchasing soon 😎 @Sony",1,USA,Laptop,2025-09-14 02:18:19,,,,,,,,,,,,,,,
Highly recommend the Jacket @Zara #Sale 👍,1,Canada,Jacket,2024-01-16 07:27:29,,,,,,,,,,,,,,,
"Not buying the iPhone, it's overpriced 👎 @Flipkart",0,Canada,iPhone,2025-07-30 21:59:57,,,,,,,,,,,,,,,
Skipping the Laptop this time 😩 @Amazon,0,Canada,Laptop,2025-08-20 20:54:38,,,,,,,,,,,,,,,
Too expensive for a Smartwatch. I'll pass #Offer @Apple,0,India,Smartwatch,2025-05-31 03:41:08,,,,,,,,,,,,,,,
Highly recommend the Watches #Sale 👍,1,Canada,Watches,2024-11-10 02:35:00,,,,,,,,,,,,,,,
Not interested in purchasing the Headphones 👎 @Sony,0,USA,Headphones,2025-05-18 17:34:50,,,,,,,,,,,,,,,
"The new Headphones is disappointing, won't buy 🙄 @Flipkart",0,USA,Headphones,2025-08-08 01:26:59,,,,,,,,,,,,,,,
Absolutely love the Camera @Canon #Sale 😊,1,India,Camera,2024-07-29 09:45:25,,,,,,,,,,,,,,,
Not worth the price the Jacket @NorthFace — Quality is bad #Review 😡,0,India,Jacket,2025-11-01 02:28:21,,,,,,,,,,,,,,,
"I was going to get a Shoes, but changed my mind 💀 @Nike",0,Australia,Shoes,2025-09-03 08:35:32,,,,,,,,,,,,,,,
Poor quality the Shoes @Nike — Not what I expected,0,Germany,Shoes,2024-08-07 04:27:00,,,,,,,,,,,,,,,
Five stars for the Headphones #Sale 👍,1,India,Headphones,2024-11-05 07:43:25,,,,,,,,,,,,,,,
"I was going to get a Headphones, but changed my mind 😒 @Amazon",0,Canada,Headphones,2025-04-11 09:18:32,,,,,,,,,,,,,,,
So happy with the Books #MustRead #Unboxing,1,India,Books,2025-10-21 19:25:14,,,,,,,,,,,,,,,
I don’t think I’ll buy the Smartwatch anytime soon #Offer @BestBuy,0,India,Smartwatch,2025-05-04 14:37:10,,,,,,,,,,,,,,,
"Love how the new Laptop looks, definitely buying #Shopping @BestBuy",1,Australia,Laptop,2025-07-23 10:01:14,,,,,,,,,,,,,,,
Not interested in purchasing the Headphones 🙄 @Amazon,0,India,Headphones,2025-06-04 08:08:58,,,,,,,,,,,,,,,
Fast delivery for the Backpack @Herschel #Deal 😊,1,Germany,Backpack,2024-12-01 07:40:57,,,,,,,,,,,,,,,
Five stars for the Tablet @Apple,1,Australia,Tablet,2024-10-31 13:21:29,,,,,,,,,,,,,,,
Great value in the Smartwatch #Shopping 😍,1,Germany,Smartwatch,2024-12-22 14:45:39,,,,,,,,,,,,,,,
Absolutely love the Watches #Sale 👍,1,India,Watches,2025-08-01 03:58:17,,,,,,,,,,,,,,,
Amazing quality the Cosmetics @Sephora #Shopping 👍,1,India,Cosmetics,2025-05-23 10:24:14,,,,,,,,,,,,,,,
"Not buying the Smartwatch, it's overpriced 😐 @Sony",0,India,Smartwatch,2025-05-03 21:03:26,,,,,,,,,,,,,,,
The Shoes isn't good enough to buy #Shopping @Apple,0,USA,Shoes,2025-05-27 16:46:15,,,,,,,,,,,,,,,
Poor quality the TV — Quality is bad 👎,0,India,TV,2024-11-04 11:04:16,,,,,,,,,,,,,,,
Very disappointed by the Refrigerator — Not what I expected #Review 😞,0,Canada,Refrigerator,2025-02-28 23:50:51,,,,,,,,,,,,,,,
The iPhone isn't good enough to buy #MustBuy @Nike,0,UK,iPhone,2025-07-03 02:17:42,,,,,,,,,,,,,,,
Fantastic performance the Laptop @HP #Shopping ✨,1,USA,Laptop,2025-04-11 20:53:42,,,,,,,,,,,,,,,
Absolutely love the Printer @HP #NewLaunch 😍,1,UK,Printer,2024-03-01 11:27:51,,,,,,,,,,,,,,,
So happy with the Smartwatch #Shopping 😍,1,India,Smartwatch,2024-06-09 17:52:59,,,,,,,,,,,,,,,
Waste of money the Watches @Titan — Quality is bad #Shopping,0,Canada,Watches,2025-09-05 23:26:41,,,,,,,,,,,,,,,
"Can't resist, the Shoes deal is too good 📱 @BestBuy",1,India,Shoes,2025-05-27 21:15:01,,,,,,,,,,,,,,,
One star for the Smartwatch — Disappointed #Unboxing 😞,0,USA,Smartwatch,2025-01-18 04:27:40,,,,,,,,,,,,,,,
So happy with the Gaming Console @Xbox #NewLaunch 🔥,1,UK,Gaming Console,2025-07-07 15:24:56,,,,,,,,,,,,,,,
"Love how the new iPhone looks, definitely buying #Fashion @Amazon",1,India,iPhone,2025-06-05 19:18:28,,,,,,,,,,,,,,,
I'm going to buy the new Laptop soon 📱 #Sale @Sony,1,India,Laptop,2025-07-04 13:19:35,,,,,,,,,,,,,,,
Just ordered my Headphones! Can't wait to try it 😎 @Nike,1,Canada,Headphones,2025-04-22 11:33:09,,,,,,,,,,,,,,,
Regret buying the Bike @Hero — Not what I expected #Unboxing 👎,0,Canada,Bike,2024-08-28 09:31:51,,,,,,,,,,,,,,,
"I was going to get a iPhone, but changed my mind 😤 @Sony",0,USA,iPhone,2025-08-17 23:48:48,,,,,,,,,,,,,,,
Not satisfied with the Gaming Console @Nintendo — Not what I expected #Shopping,0,India,Gaming Console,2025-01-26 14:52:51,,,,,,,,,,,,,,,
"The new Shoes is disappointing, won't buy 😤 @Nike",0,Canada,Shoes,2025-09-14 10:41:07,,,,,,,,,,,,,,,
Fantastic performance the Refrigerator @Whirlpool #Shopping 😍,1,Germany,Refrigerator,2025-03-29 17:51:34,,,,,,,,,,,,,,,
Poor quality the Furniture — Quality is bad #Sale ☹️,0,Germany,Furniture,2024-07-24 22:50:57,,,,,,,,,,,,,,,
"Got my eyes on the iPhone, purchasing soon 🔥 @Flipkart",1,Australia,iPhone,2025-06-12 11:35:03,,,,,,,,,,,,,,,
Worth every penny the Bike @Bajaj #Sale 😊,1,Australia,Bike,2024-06-07 10:02:04,,,,,,,,,,,,,,,
"Not buying the Laptop, it's overpriced 🙄 @Nike",0,India,Laptop,2025-06-17 20:32:31,,,,,,,,,,,,,,,
Worth every penny the Phone @Apple #Shopping 😍,1,Australia,Phone,2024-09-08 22:46:55,,,,,,,,,,,,,,,
One star for the Gaming Console — Not what I expected #Shopping 👎,0,India,Gaming Console,2025-02-20 16:12:32,,,,,,,,,,,,,,,
Terrible experience with the Books — Quality is bad #Review 😞,0,India,Books,2025-03-07 16:41:44,,,,,,,,,,,,,,,
Worth every penny the Bike @Hero #Deal,1,USA,Bike,2024-03-07 10:31:21,,,,,,,,,,,,,,,
Very disappointed by the Bike — Not what I expected #Review 👎,0,Canada,Bike,2024-09-18 01:34:06,,,,,,,,,,,,,,,
"Got my eyes on the Headphones, purchasing soon 🛒 @Apple",1,Canada,Headphones,2025-08-07 14:34:20,,,,,,,,,,,,,,,
Not interested in purchasing the Laptop 💀 @BestBuy,0,Australia,Laptop,2025-05-19 01:42:02,,,,,,,,,,,,,,,
"The new iPhone is disappointing, won't buy 😐 @Amazon",0,Canada,iPhone,2025-08-20 06:54:15,,,,,,,,,,,,,,,
So happy with the Phone @Google #Unboxing ✨,1,India,Phone,2024-04-29 08:39:37,,,,,,,,,,,,,,,
Poor quality the Laptop @Lenovo — Quality is bad #Review 👎,0,India,Laptop,2024-06-14 03:38:45,,,,,,,,,,,,,,,
Very disappointed by the Jacket — Quality is bad #NewLaunch 💀,0,India,Jacket,2024-07-11 03:48:01,,,,,,,,,,,,,,,
Worth every penny the Headphones 👍,1,Canada,Headphones,2024-11-16 00:47:33,,,,,,,,,,,,,,,
Too expensive for a Laptop. I'll pass #Deal @Sony,0,India,Laptop,2025-08-07 12:41:34,,,,,,,,,,,,,,,
Not worth the price the Camera @Sony — Disappointed #NewLaunch ☹️,0,Canada,Camera,2025-03-31 11:54:46,,,,,,,,,,,,,,,
That Smartwatch looks amazing — I’m getting one #Fashion @Flipkart,1,Australia,Smartwatch,2025-09-11 09:31:42,,,,,,,,,,,,,,,
Poor quality the Cosmetics @Sephora — Disappointed #Unboxing ☹️,0,India,Cosmetics,2024-08-21 06:22:32,,,,,,,,,,,,,,,
Late delivery ruined the Laptop @Apple — Not what I expected,0,India,Laptop,2024-05-12 00:43:29,,,,,,,,,,,,,,,
Fantastic performance the Headphones @Jabra #Deal 😍,1,USA,Headphones,2025-06-17 11:23:30,,,,,,,,,,,,,,,
Fast delivery for the Furniture @Ikea #Unboxing 😊,1,Canada,Furniture,2024-05-05 05:07:13,,,,,,,,,,,,,,,
Fantastic performance the Shoes #Shopping 😍,1,India,Shoes,2024-08-15 04:30:45,,,,,,,,,,,,,,,
Would not recommend the Laptop #Shopping 💀,0,UK,Laptop,2024-04-18 16:08:17,,,,,,,,,,,,,,,
Fast delivery for the Printer @HP #NewLaunch 😍,1,Canada,Printer,2024-07-23 13:57:49,,,,,,,,,,,,,,,
"Love how the new Laptop looks, definitely buying #Offer @Apple",1,USA,Laptop,2025-10-08 04:55:19,,,,,,,,,,,,,,,
Worth every penny the Bike #NewLaunch 😊,1,India,Bike,2024-12-05 06:42:25,,,,,,,,,,,,,,,
Terrible experience with the Shoes — Disappointed #Deal 😡,0,India,Shoes,2025-09-14 20:24:39,,,,,,,,,,,,,,,
The Shoes doesn’t seem worth it #MustBuy @Sony,0,Australia,Shoes,2025-08-11 09:16:46,,,,,,,,,,,,,,,
Highly recommend the Jacket #Sale 🔥,1,India,Jacket,2024-08-21 09:21:41,,,,,,,,,,,,,,,
Finally saved up enough to get the Headphones! 💻 @Amazon,1,India,Headphones,2025-06-13 05:31:52,,,,,,,,,,,,,,,
Not satisfied with the Laptop — Disappointed #Shopping,0,USA,Laptop,2024-05-05 19:48:52,,,,,,,,,,,,,,,
Absolutely love the Backpack @Wildcraft #Review 😍,1,India,Backpack,2025-11-05 23:54:00,,,,,,,,,,,,,,,
Not worth the price the Printer @HP — Quality is bad 😡,0,UK,Printer,2024-04-18 02:52:47,,,,,,,,,,,,,,,
That iPhone looks amazing — I’m getting one #Sale @Amazon,1,Australia,iPhone,2025-06-04 12:39:05,,,,,,,,,,,,,,,
Late delivery ruined the Headphones @Jabra — Disappointed #Unboxing 👎,0,Canada,Headphones,2024-02-03 22:29:09,,,,,,,,,,,,,,,
Amazing quality the Cosmetics @Sephora #Sale ✨,1,Germany,Cosmetics,2024-08-24 13:04:08,,,,,,,,,,,,,,,
Five stars for the Camera #NewLaunch,1,UK,Camera,2025-05-01 23:42:39,,,,,,,,,,,,,,,
Not interested in purchasing the Shoes 😐 @BestBuy,0,UK,Shoes,2025-06-15 13:13:11,,,,,,,,,,,,,,,
Great value in the TV @Sony #Review 🔥,1,India,TV,2025-06-03 06:21:17,,,,,,,,,,,,,,,
Fantastic performance the Tablet #Unboxing 😊,1,Australia,Tablet,2025-04-13 11:49:06,,,,,,,,,,,,,,,
Absolutely love the Books #Deal 😍,1,USA,Books,2025-11-02 02:46:08,,,,,,,,,,,,,,,
Fast delivery for the Headphones #Deal 👍,1,USA,Headphones,2024-08-29 13:18:22,,,,,,,,,,,,,,,
Waste of money the Watches @Rolex — Not what I expected #Unboxing ☹️,0,India,Watches,2025-07-02 10:24:55,,,,,,,,,,,,,,,
Worth every penny the TV @Samsung #Sale 👍,1,India,TV,2024-06-08 08:22:23,,,,,,,,,,,,,,,
Very disappointed by the Bike @Hero #NewLaunch 👎,0,Canada,Bike,2025-07-17 21:13:43,,,,,,,,,,,,,,,
Fast delivery for the Cosmetics @Sephora #Review,1,Australia,Cosmetics,2025-08-12 22:00:22,,,,,,,,,,,,,,,
Poor quality the Tablet @Apple — Not what I expected #Sale ☹️,0,India,Tablet,2024-05-23 12:34:58,,,,,,,,,,,,,,,
Finally saved up enough to get the Shoes! 🛒 @Sony,1,UK,Shoes,2025-06-20 16:42:51,,,,,,,,,,,,,,,
Fast delivery for the Cosmetics @Sephora #Shopping,1,India,Cosmetics,2024-09-26 23:47:29,,,,,,,,,,,,,,,
Amazing quality the Furniture #Sale 😊,1,Canada,Furniture,2024-09-03 00:27:11,,,,,,,,,,,,,,,
Would not recommend the Phone — Not what I expected #Deal 😞,0,India,Phone,2025-06-04 12:58:14,,,,,,,,,,,,,,,
Late delivery ruined the Jacket @H&M — Quality is bad #NewLaunch 💀,0,India,Jacket,2024-11-29 15:06:17,,,,,,,,,,,,,,,
The Shoes isn't good enough to buy #Offer @Flipkart,0,UK,Shoes,2025-05-11 03:17:07,,,,,,,,,,,,,,,
Fast delivery for the Watches ✨,1,Germany,Watches,2024-04-01 06:39:52,,,,,,,,,,,,,,,
Great value in the Jacket @NorthFace,1,India,Jacket,2025-08-01 09:37:59,,,,,,,,,,,,,,,
Terrible experience with the Phone @OnePlus — Disappointed #Sale,0,India,Phone,2025-07-06 04:55:19,,,,,,,,,,,,,,,
Fast delivery for the Cosmetics @Nykaa #Unboxing 🔥,1,USA,Cosmetics,2024-10-16 19:06:51,,,,,,,,,,,,,,,
Very disappointed by the Headphones @Sony — Quality is bad #Deal 💀,0,Australia,Headphones,2024-03-20 09:43:54,,,,,,,,,,,,,,,
Fast delivery for the Laptop #Sale 👍,1,Australia,Laptop,2024-11-17 02:24:56,,,,,,,,,,,,,,,
Terrible experience with the Refrigerator @LG — Quality is bad #Review 😞,0,Germany,Refrigerator,2025-09-18 21:57:41,,,,,,,,,,,,,,,
I don’t think I’ll buy the Shoes anytime soon #Deal @Apple,0,Canada,Shoes,2025-05-14 06:29:43,,,,,,,,,,,,,,,
Regret buying the TV 😞,0,India,TV,2024-01-08 05:39:09,,,,,,,,,,,,,,,
Absolutely love the Cosmetics @Sephora #Deal 👍,1,India,Cosmetics,2024-05-27 22:59:10,,,,,,,,,,,,,,,
So happy with the Watches #NewLaunch 🔥,1,Australia,Watches,2024-02-27 06:02:33,,,,,,,,,,,,,,,
Waste of money the Tablet @Samsung — Quality is bad #Unboxing,0,UK,Tablet,2024-11-13 20:06:15,,,,,,,,,,,,,,,
Too expensive for a Laptop. I'll pass #NewLaunch @Flipkart,0,Australia,Laptop,2025-06-20 06:55:31,,,,,,,,,,,,,,,
Amazing quality the Printer #Shopping 👍,1,India,Printer,2024-03-24 03:17:42,,,,,,,,,,,,,,,
I'm going to buy the new Smartwatch soon 💻 #Sale @Flipkart,1,India,Smartwatch,2025-05-02 04:27:39,,,,,,,,,,,,,,,
Five stars for the TV #Deal 🔥,1,Canada,TV,2025-07-15 13:36:13,,,,,,,,,,,,,,,
Late delivery ruined the Refrigerator — Quality is bad #NewLaunch,0,India,Refrigerator,2024-11-29 12:23:10,,,,,,,,,,,,,,,
The Laptop isn't good enough to buy #Fashion @Sony,0,UK,Laptop,2025-06-19 09:05:17,,,,,,,,,,,,,,,
One star for the Camera #Sale 😞,0,USA,Camera,2025-10-24 19:08:16,,,,,,,,,,,,,,,
Would not recommend the Camera @Sony — Quality is bad #Shopping ☹️,0,USA,Camera,2024-11-21 16:25:02,,,,,,,,,,,,,,,
Highly recommend the Headphones @Sony #Review 👍,1,Germany,Headphones,2024-09-20 02:33:02,,,,,,,,,,,,,,,
"The new Laptop is disappointing, won't buy 👎 @Apple",0,UK,Laptop,2025-09-07 06:40:48,,,,,,,,,,,,,,,
Great value in the Phone #Unboxing 👍,1,UK,Phone,2024-12-09 21:48:20,,,,,,,,,,,,,,,
"I was going to get a iPhone, but changed my mind 😐 @Flipkart",0,Canada,iPhone,2025-04-10 17:45:06,,,,,,,,,,,,,,,
Loved this the Shoes #Deal 😍,1,Australia,Shoes,2024-05-08 02:24:17,,,,,,,,,,,,,,,
Would not recommend the Smartwatch — Quality is bad #Shopping 😞,0,India,Smartwatch,2025-06-22 21:16:49,,,,,,,,,,,,,,,
Worth every penny the Tablet #Shopping 🔥,1,Germany,Tablet,2024-06-09 15:50:06,,,,,,,,,,,,,,,
I don’t think I’ll buy the Smartwatch anytime soon #Fashion @Nike,0,Australia,Smartwatch,2025-09-19 02:07:35,,,,,,,,,,,,,,,
"Not buying the Shoes, it's overpriced 😒 @Amazon",0,USA,Shoes,2025-05-30 15:43:40,,,,,,,,,,,,,,,
"Not buying the Shoes, it's overpriced 😩 @Flipkart",0,Canada,Shoes,2025-07-27 13:32:15,,,,,,,,,,,,,,,
"Not buying the Headphones, it's overpriced 👎 @Apple",0,Canada,Headphones,2025-06-28 00:26:05,,,,,,,,,,,,,,,
Five stars for the Cosmetics @Nykaa 🔥,1,India,Cosmetics,2025-10-31 19:24:34,,,,,,,,,,,,,,,
Poor quality the Books #MustRead — Not what I expected #Sale ☹️,0,USA,Books,2024-11-15 00:39:39,,,,,,,,,,,,,,,
Highly recommend the Tablet #Review 👍,1,Australia,Tablet,2025-05-28 05:45:58,,,,,,,,,,,,,,,
Amazing quality the Phone @OnePlus #Deal,1,India,Phone,2025-06-12 21:00:01,,,,,,,,,,,,,,,
Would not recommend the TV @Samsung — Disappointed ☹️,0,India,TV,2025-07-07 00:59:54,,,,,,,,,,,,,,,
Poor quality the Refrigerator — Disappointed #Shopping 😡,0,India,Refrigerator,2025-08-11 05:43:46,,,,,,,,,,,,,,,
Terrible experience with the Camera — Disappointed #Deal ☹️,0,Canada,Camera,2024-02-21 21:35:39,,,,,,,,,,,,,,,
Late delivery ruined the Refrigerator — Not what I expected #Review 👎,0,India,Refrigerator,2025-05-10 01:19:16,,,,,,,,,,,,,,,
Skipping the Laptop this time 👎 @Amazon,0,UK,Laptop,2025-04-28 12:52:34,,,,,,,,,,,,,,,
So happy with the Headphones @Jabra #Unboxing 🔥,1,Germany,Headphones,2025-07-10 15:44:50,,,,,,,,,,,,,,,
Highly recommend the Jacket #Unboxing 😍,1,Australia,Jacket,2025-03-20 18:15:20,,,,,,,,,,,,,,,
"The new iPhone is disappointing, won't buy 😤 @Nike",0,India,iPhone,2025-04-12 06:14:45,,,,,,,,,,,,,,,
Highly recommend the Furniture @Ikea #Sale 😍,1,USA,Furniture,2024-03-08 02:11:37,,,,,,,,,,,,,,,
"The new Shoes is disappointing, won't buy 😤 @BestBuy",0,USA,Shoes,2025-07-20 16:31:36,,,,,,,,,,,,,,,
Regret buying the Shoes @Adidas — Not what I expected ☹️,0,USA,Shoes,2025-06-20 09:53:28,,,,,,,,,,,,,,,
Highly recommend the Books #MustRead #Unboxing 👍,1,Germany,Books,2024-12-20 10:10:19,,,,,,,,,,,,,,,
Fast delivery for the TV #Shopping 👍,1,UK,TV,2025-09-06 03:22:48,,,,,,,,,,,,,,,
The Smartwatch doesn’t seem worth it #Sale @Flipkart,0,USA,Smartwatch,2025-08-30 11:34:35,,,,,,,,,,,,,,,
That Headphones looks amazing — I’m getting one #Tech @BestBuy,1,UK,Headphones,2025-07-19 12:16:24,,,,,,,,,,,,,,,
The iPhone isn't good enough to buy #MustBuy @Nike,0,UK,iPhone,2025-09-19 06:40:47,,,,,,,,,,,,,,,
Great value in the Shoes @Adidas #Shopping,1,India,Shoes,2025-03-15 18:31:59,,,,,,,,,,,,,,,
Terrible experience with the Backpack — Quality is bad #Shopping 😡,0,India,Backpack,2024-10-07 11:47:08,,,,,,,,,,,,,,,
Absolutely love the Printer @HP #Unboxing,1,India,Printer,2025-09-29 17:56:29,,,,,,,,,,,,,,,
Just ordered my Shoes! Can't wait to try it 😎 @Apple,1,UK,Shoes,2025-07-13 00:53:06,,,,,,,,,,,,,,,
Regret buying the Smartwatch — Not what I expected #Unboxing 😡,0,UK,Smartwatch,2024-07-14 16:30:17,,,,,,,,,,,,,,,
"Can't resist, the Laptop deal is too good 📱 @Flipkart",1,India,Laptop,2025-05-18 14:21:32,,,,,,,,,,,,,,,
Regret buying the Gaming Console @Xbox #Shopping 😡,0,Canada,Gaming Console,2025-10-01 17:12:26,,,,,,,,,,,,,,,
Absolutely love the Bike @RoyalEnfield #Shopping ✨,1,India,Bike,2024-02-01 04:04:40,,,,,,,,,,,,,,,
Not interested in purchasing the iPhone 💀 @Nike,0,USA,iPhone,2025-08-28 10:14:30,,,,,,,,,,,,,,,
Amazing quality the Headphones #Review 😍,1,Australia,Headphones,2024-04-17 18:22:38,,,,,,,,,,,,,,,
One star for the Shoes @Nike — Disappointed #Deal 😡,0,India,Shoes,2025-08-25 13:54:08,,,,,,,,,,,,,,,
Amazing quality the Jacket @NorthFace #Shopping ✨,1,UK,Jacket,2025-10-23 08:05:23,,,,,,,,,,,,,,,
That Smartwatch looks amazing — I’m getting one #Sale @BestBuy,1,UK,Smartwatch,2025-08-22 06:32:37,,,,,,,,,,,,,,,
Great value in the Printer @HP #Unboxing 😊,1,Canada,Printer,2025-03-29 12:39:55,,,,,,,,,,,,,,,
Great value in the Jacket @H&M #Deal ✨,1,UK,Jacket,2024-05-06 06:07:49,,,,,,,,,,,,,,,
Five stars for the Gaming Console #Unboxing ✨,1,India,Gaming Console,2024-05-24 12:30:02,,,,,,,,,,,,,,,
Terrible experience with the Jacket — Disappointed #Deal 😡,0,UK,Jacket,2025-06-30 20:24:01,,,,,,,,,,,,,,,
Very disappointed by the Gaming Console @Xbox — Not what I expected #Unboxing 😞,0,India,Gaming Console,2025-03-16 21:34:30,,,,,,,,,,,,,,,
One star for the Jacket — Not what I expected #Unboxing 😞,0,India,Jacket,2024-04-17 00:05:40,,,,,,,,,,,,,,,
Thinking about buying the Headphones tomorrow #Offer @Apple,1,USA,Headphones,2025-10-06 18:14:59,,,,,,,,,,,,,,,
Waste of money the Headphones @Sony — Not what I expected 😞,0,India,Headphones,2025-09-17 20:45:22,,,,,,,,,,,,,,,
Amazing quality the Tablet @Apple #Review,1,USA,Tablet,2024-06-22 13:20:11,,,,,,,,,,,,,,,
Great value in the Watches #Unboxing 😍,1,Canada,Watches,2024-11-18 17:41:04,,,,,,,,,,,,,,,
Planning to get a Headphones this week #Sale @Sony,1,Australia,Headphones,2025-09-03 02:35:05,,,,,,,,,,,,,,,
Very disappointed by the Shoes @Nike — Disappointed #Unboxing 😞,0,Canada,Shoes,2025-06-11 19:08:08,,,,,,,,,,,,,,,
Late delivery ruined the TV @LG — Disappointed #NewLaunch 😞,0,India,TV,2025-08-11 06:02:13,,,,,,,,,,,,,,,
Thinking about buying the iPhone tomorrow #MustBuy @Amazon,1,USA,iPhone,2025-07-12 00:34:09,,,,,,,,,,,,,,,
The Shoes isn't good enough to buy #NewLaunch @Amazon,0,India,Shoes,2025-05-01 13:17:58,,,,,,,,,,,,,,,
"Can't resist, the Laptop deal is too good 🔥 @Sony",1,India,Laptop,2025-07-09 15:37:00,,,,,,,,,,,,,,,
Poor quality the TV — Disappointed #Unboxing 😡,0,UK,TV,2025-04-21 18:33:51,,,,,,,,,,,,,,,
Waste of money the Furniture — Not what I expected #Unboxing 😞,0,UK,Furniture,2024-02-02 04:17:21,,,,,,,,,,,,,,,
Five stars for the Headphones #Review,1,USA,Headphones,2025-03-24 09:52:47,,,,,,,,,,,,,,,
Late delivery ruined the Camera @Sony — Not what I expected,0,Australia,Camera,2025-07-25 14:32:22,,,,,,,,,,,,,,,
Highly recommend the Printer #Review 😍,1,Germany,Printer,2024-03-05 22:37:46,,,,,,,,,,,,,,,
Very disappointed by the Refrigerator #NewLaunch 💀,0,India,Refrigerator,2025-11-05 11:26:26,,,,,,,,,,,,,,,
Terrible experience with the Headphones @Bose — Disappointed #Deal 😡,0,USA,Headphones,2024-08-02 08:04:14,,,,,,,,,,,,,,,
I don’t think I’ll buy the Laptop anytime soon #Fashion @Nike,0,India,Laptop,2025-08-15 07:03:06,,,,,,,,,,,,,,,
Would not recommend the Tablet @Apple — Disappointed #Deal,0,India,Tablet,2024-07-05 16:49:49,,,,,,,,,,,,,,,
Late delivery ruined the Shoes — Not what I expected #Shopping 👎,0,India,Shoes,2025-03-31 10:58:22,,,,,,,,,,,,,,,
Great value in the Laptop @HP #Sale,1,India,Laptop,2024-02-26 12:07:26,,,,,,,,,,,,,,,
Not satisfied with the Cosmetics @Nykaa — Disappointed #Sale 😞,0,Australia,Cosmetics,2024-10-02 04:39:43,,,,,,,,,,,,,,,
Really excited to purchase the latest iPhone 📱 @BestBuy,1,UK,iPhone,2025-06-16 03:43:31,,,,,,,,,,,,,,,
